inv_date,invoice_number,account,part_number,qty,sell_price,total_sale_value,disc,cost_price,total_cost_value,profit
4/1/2010,INV7811696,ELEMERA,P522817,1,1232.1405,1232.1405,36,1059.64083,1059.64083,172.49967
7/1/2010,INV7811682,ELEMERA,P522817,1,788.5665,788.5665,36,678.16719,678.16719,110.39931
2/25/2010,INV7811426,ELEMERA,P522817,1,788.5665,788.5665,36,678.16719,678.16719,110.39931
2/25/2010,INV7811426,ELEMERA,P857011,1,63.0648,63.0648,36,54.235728,54.235728,8.829072
3/29/2010,INV7811269,ELEMERA,P522817,1,788.5665,788.5665,36,678.16719,678.16719,110.39931
3/29/2010,INV7811269,ELEMERA,P609260,12,12.5685,150.822,36,10.80891,129.70692,21.11508
3/29/2010,INV7811269,ELEMERA,P470213,2,66.7755,133.551,36,57.42693,114.85386,18.69714
3/18/2010,INV7811321,ELEMERA,P522817,1,788.5665,788.5665,36,678.16719,678.16719,110.39931
4/29/2010,INV7811105,ELEMERA,P522817,1,788.5665,788.5665,36,678.16719,678.16719,110.39931
4/29/2010,INV7811105,ELEMERA,P759015,1,216.3492,216.3492,36,186.060312,186.060312,30.288888
9/15/2010,INV7810247,ELEMERA,P522817,1,788.5665,788.5665,36,678.16719,678.16719,110.39931
9/15/2010,INV7810247,ELEMERA,P253930,1,254.6703,254.6703,36,219.016458,219.016458,35.653842
5/7/2011,INV7808461,ELEMERA,P522817,1,788.5665,788.5665,36,678.16719,678.16719,110.39931
7/18/2011,INV7808383,ELEMERA,P522817,1,788.5665,788.5665,36,678.16719,678.16719,110.39931
8/31/2011,INV7808065,ELEMERA,P522817,4,788.5665,3154.266,36,678.16719,2712.66876,441.59724
8/31/2011,INV7808065,ELEMERA,P875372,2,50.5134,101.0268,36,43.441524,86.883048,14.143752
8/31/2011,INV7808065,ELEMERA,P253930,1,254.6703,254.6703,36,219.016458,219.016458,35.653842
8/31/2011,INV7808065,ELEMERA,P390237,2,132.9012,265.8024,36,114.295032,228.590064,37.212336
4/11/2011,INV7807677,ELEMERA,P522817,1,788.5665,788.5665,36,678.16719,678.16719,110.39931
4/11/2011,INV7807677,ELEMERA,P847740,2,28.6767,57.3534,36,24.661962,49.323924,8.029476
6/27/2012,INV7806200,ELEMERA,P522817,1,827.9991,827.9991,36,712.079226,712.079226,115.919874
6/27/2012,INV7806200,ELEMERA,P687247,1,442.206,442.206,36,380.29716,380.29716,61.90884
6/27/2012,INV7806200,ELEMERA,P956668,18,7.5411,135.7398,36,6.485346,116.736228,19.003572
6/27/2012,INV7806200,ELEMERA,P188454,6,33.4134,200.4804,36,28.735524,172.413144,28.067256
6/27/2012,INV7806200,ELEMERA,P241997,1,1121.5719,1121.5719,36,964.551834,964.551834,157.020066
6/27/2012,INV7806200,ELEMERA,P991727,4,38.8341,155.3364,36,33.397326,133.589304,21.747096
9/7/2012,INV7806134,ELEMERA,P522817,3,827.9991,2483.9973,36,712.079226,2136.237678,347.759622
4/1/2010,INV7811695,ELEMERA,P125523,1,2091.7404,2091.7404,36,1798.896744,1798.896744,292.843656
7/1/2010,INV7811683,ELEMERA,P125523,1,1338.7077,1338.7077,36,1151.288622,1151.288622,187.419078
9/17/2010,INV7810231,ELEMERA,P125523,1,1338.7077,1338.7077,36,1151.288622,1151.288622,187.419078
10/12/2010,INV7809707,ELEMERA,P125523,1,1338.7077,1338.7077,36,1151.288622,1151.288622,187.419078
1/28/2011,INV7809519,ELEMERA,P125523,1,1338.7077,1338.7077,36,1151.288622,1151.288622,187.419078
2/14/2011,INV7809403,ELEMERA,P125523,1,1338.7077,1338.7077,36,1151.288622,1151.288622,187.419078
6/14/2011,INV7808627,ELEMERA,P125523,1,1338.7077,1338.7077,36,1151.288622,1151.288622,187.419078
1/6/2012,INV7806373,ELEMERA,P125523,1,689.6088,689.6088,36,593.063568,593.063568,96.545232
1/6/2012,INV7806373,ELEMERA,P990654,4,26.9838,107.9352,36,23.206068,92.824272,15.110928
1/6/2012,INV7806373,ELEMERA,P593499,8,9.1314,73.0512,36,7.853004,62.824032,10.227168
1/6/2012,INV7806373,ELEMERA,P188454,4,33.4134,133.6536,36,28.735524,114.942096,18.711504
1/6/2012,INV7806373,ELEMERA,P329575,4,41.2281,164.9124,36,35.456166,141.824664,23.087736
7/6/2012,INV7806340,ELEMERA,P125523,1,689.6088,689.6088,36,593.063568,593.063568,96.545232
7/6/2012,INV7806340,ELEMERA,P201688,2,4.1895,8.379,36,3.60297,7.20594,1.17306
7/6/2012,INV7806340,ELEMERA,P329485,1,621.1233,621.1233,36,534.166038,534.166038,86.957262
7/6/2012,INV7806340,ELEMERA,P201580,2,3.1977,6.3954,36,2.750022,5.500044,0.895356
7/6/2012,INV7806340,ELEMERA,P141855,1,268.2477,268.2477,36,230.693022,230.693022,37.554678
7/6/2012,INV7806340,ELEMERA,P428823,1,32.7465,32.7465,36,28.16199,28.16199,4.58451
7/6/2012,INV7806340,ELEMERA,P530712,2,5.0958,10.1916,36,4.382388,8.764776,1.426824
7/6/2012,INV7806340,ELEMERA,P427871,2,769.5,1539,36,661.77,1323.54,215.46
10/31/2012,INV7805373,ELEMERA,P125523,1,689.6088,689.6088,36,593.063568,593.063568,96.545232
10/31/2012,INV7805373,ELEMERA,P759015,1,106.875,106.875,36,91.9125,91.9125,14.9625
10/31/2012,INV7805373,ELEMERA,P860046,10,3.7791,37.791,36,3.250026,32.50026,5.29074
10/31/2012,INV7805373,ELEMERA,P296182,1,145.35,145.35,36,125.001,125.001,20.349
10/31/2012,INV7805373,ELEMERA,P299934,1,427.2606,427.2606,36,367.444116,367.444116,59.816484
10/31/2012,INV7805373,ELEMERA,P572307,1,83.6532,83.6532,36,71.941752,71.941752,11.711448
10/12/2012,INV7805110,ELEMERA,P125523,1,689.6088,689.6088,36,593.063568,593.063568,96.545232
9/8/2013,INV7803540,ELEMERA,P125523,1,689.6088,689.6088,36,593.063568,593.063568,96.545232
3/9/2013,INV7803371,ELEMERA,P125523,1,689.6088,689.6088,36,593.063568,593.063568,96.545232
3/9/2013,INV7803371,ELEMERA,P276084,2,58.6017,117.2034,36,50.397462,100.794924,16.408476
3/9/2013,INV7803371,ELEMERA,P161758,1,13.7997,13.7997,36,11.867742,11.867742,1.931958
3/14/2014,INV7802192,ELEMERA,P125523,1,706.8456,706.8456,36,607.887216,607.887216,98.958384
6/10/2015,INV7797772,ELEMERA,P125523,1,706.8456,706.8456,36,607.887216,607.887216,98.958384
6/10/2015,INV7797772,ELEMERA,P756898,1,184.1841,184.1841,36,158.398326,158.398326,25.785774
6/10/2015,INV7797772,ELEMERA,P958269,1,184.1841,184.1841,36,158.398326,158.398326,25.785774
6/10/2015,INV7797772,ELEMERA,P173107,1,191.691,191.691,36,164.85426,164.85426,26.83674
6/10/2015,INV7797772,ELEMERA,P426392,1,125.8218,125.8218,36,108.206748,108.206748,17.615052
6/10/2015,INV7797772,ELEMERA,P111519,2,309.3048,618.6096,36,266.002128,532.004256,86.605344
1/12/2015,INV7797077,ELEMERA,P125523,1,706.8456,706.8456,36,607.887216,607.887216,98.958384
1/12/2015,INV7797077,ELEMERA,P610379,1,766.2852,766.2852,36,659.005272,659.005272,107.279928
1/12/2015,INV7797077,ELEMERA,P199129,6,85.5342,513.2052,36,73.559412,441.356472,71.848728
1/19/2016,INV7796576,ELEMERA,P125523,1,706.8456,706.8456,36,607.887216,607.887216,98.958384
1/19/2016,INV7796576,ELEMERA,P379111,1,837.387,837.387,36,720.15282,720.15282,117.23418
1/19/2016,INV7796576,ELEMERA,P150910,1,36.8847,36.8847,36,31.720842,31.720842,5.163858
8/2/2016,INV7796358,ELEMERA,P125523,1,706.8456,706.8456,36,607.887216,607.887216,98.958384
2/3/2016,INV7796050,ELEMERA,P125523,1,706.8456,706.8456,36,607.887216,607.887216,98.958384
2/3/2016,INV7796050,ELEMERA,P125523,1,706.8456,706.8456,36,607.887216,607.887216,98.958384
11/30/2016,INV7793378,ELEMERA,P125523,1,706.8456,706.8456,36,607.887216,607.887216,98.958384
10/5/2017,INV7791937,ELEMERA,P125523,1,706.8456,706.8456,36,607.887216,607.887216,98.958384
7/13/2017,INV7791213,ELEMERA,P125523,1,706.8456,706.8456,36,607.887216,607.887216,98.958384
7/13/2017,INV7791213,ELEMERA,P885935,1,1728.4509,1728.4509,36,1486.467774,1486.467774,241.983126
7/13/2017,INV7791213,ELEMERA,P235772,1,64.7406,64.7406,36,55.676916,55.676916,9.063684
1/3/2018,INV7788822,ELEMERA,P125523,1,706.8456,706.8456,36,607.887216,607.887216,98.958384
4/1/2010,INV7811697,ELEMERA,P405890,2,188.8353,377.6706,36,162.398358,324.796716,52.873884
7/1/2010,INV7811681,ELEMERA,P405890,2,120.8628,241.7256,36,103.942008,207.884016,33.841584
1/15/2010,INV7811649,ELEMERA,P405890,1,120.8628,120.8628,36,103.942008,103.942008,16.920792
1/15/2010,INV7811649,ELEMERA,P895692,1,40.8348,40.8348,36,35.117928,35.117928,5.716872
1/13/2010,INV7811658,ELEMERA,P405890,4,120.8628,483.4512,36,103.942008,415.768032,67.683168
1/13/2010,INV7811658,ELEMERA,P572071,2,40.9716,81.9432,36,35.235576,70.471152,11.472048
1/13/2010,INV7811658,ELEMERA,P765168,2,55.3527,110.7054,36,47.603322,95.206644,15.498756
1/13/2010,INV7811658,ELEMERA,P956668,12,7.182,86.184,36,6.17652,74.11824,12.06576
1/13/2010,INV7811658,ELEMERA,P141228,1,979.8642,979.8642,36,842.683212,842.683212,137.180988
1/25/2010,INV7811605,ELEMERA,P405890,4,120.8628,483.4512,36,103.942008,415.768032,67.683168
1/25/2010,INV7811605,ELEMERA,P126966,1,161.7489,161.7489,36,139.104054,139.104054,22.644846
3/2/2010,INV7811568,ELEMERA,P405890,2,120.8628,241.7256,36,103.942008,207.884016,33.841584
4/2/2010,INV7811552,ELEMERA,P405890,1,120.8628,120.8628,36,103.942008,103.942008,16.920792
2/15/2010,INV7811496,ELEMERA,P405890,3,120.8628,362.5884,36,103.942008,311.826024,50.762376
2/24/2010,INV7811434,ELEMERA,P405890,2,120.8628,241.7256,36,103.942008,207.884016,33.841584
2/25/2010,INV7811433,ELEMERA,P405890,1,120.8628,120.8628,36,103.942008,103.942008,16.920792
2/26/2010,INV7811421,ELEMERA,P405890,2,120.8628,241.7256,36,103.942008,207.884016,33.841584
1/3/2010,INV7811414,ELEMERA,P405890,2,120.8628,241.7256,36,103.942008,207.884016,33.841584
1/3/2010,INV7811414,ELEMERA,P126966,1,161.7489,161.7489,36,139.104054,139.104054,22.644846
1/3/2010,INV7811414,ELEMERA,P898283,1,49.7439,49.7439,36,42.779754,42.779754,6.964146
5/3/2010,INV7811383,ELEMERA,P405890,3,120.8628,362.5884,36,103.942008,311.826024,50.762376
11/3/2010,INV7811357,ELEMERA,P405890,4,120.8628,483.4512,36,103.942008,415.768032,67.683168
3/15/2010,INV7811338,ELEMERA,P405890,2,120.8628,241.7256,36,103.942008,207.884016,33.841584
3/15/2010,INV7811338,ELEMERA,P679960,2,39.6207,79.2414,36,34.073802,68.147604,11.093796
3/15/2010,INV7811337,ELEMERA,P405890,4,120.8628,483.4512,36,103.942008,415.768032,67.683168
3/22/2010,INV7811308,ELEMERA,P405890,1,120.8628,120.8628,36,103.942008,103.942008,16.920792
4/14/2010,INV7811192,ELEMERA,P405890,1,120.8628,120.8628,36,103.942008,103.942008,16.920792
4/28/2010,INV7811121,ELEMERA,P405890,10,120.8628,1208.628,36,103.942008,1039.42008,169.20792
12/5/2010,INV7811031,ELEMERA,P405890,1,120.8628,120.8628,36,103.942008,103.942008,16.920792
5/14/2010,INV7811010,ELEMERA,P405890,2,120.8628,241.7256,36,103.942008,207.884016,33.841584
5/21/2010,INV7810981,ELEMERA,P405890,2,120.8628,241.7256,36,103.942008,207.884016,33.841584
5/27/2010,INV7810947,ELEMERA,P405890,1,120.8628,120.8628,36,103.942008,103.942008,16.920792
4/6/2010,INV7810892,ELEMERA,P405890,2,120.8628,241.7256,36,103.942008,207.884016,33.841584
4/6/2010,INV7810892,ELEMERA,P493265,2,31.635,63.27,36,27.2061,54.4122,8.8578
4/6/2010,INV7810892,ELEMERA,P834525,2,31.635,63.27,36,27.2061,54.4122,8.8578
4/6/2010,INV7810892,ELEMERA,P858612,1,476.3547,476.3547,36,409.665042,409.665042,66.689658
4/6/2010,INV7810892,ELEMERA,P791801,2,8.7381,17.4762,36,7.514766,15.029532,2.446668
4/6/2010,INV7810892,ELEMERA,P554961,1,678.9042,678.9042,36,583.857612,583.857612,95.046588
8/6/2010,INV7810865,ELEMERA,P405890,2,120.8628,241.7256,36,103.942008,207.884016,33.841584
6/17/2010,INV7810798,ELEMERA,P405890,2,120.8628,241.7256,36,103.942008,207.884016,33.841584
6/21/2010,INV7810781,ELEMERA,P405890,2,120.8628,241.7256,36,103.942008,207.884016,33.841584
6/7/2010,INV7810718,ELEMERA,P405890,1,120.8628,120.8628,36,103.942008,103.942008,16.920792
7/13/2010,INV7810681,ELEMERA,P405890,4,120.8628,483.4512,36,103.942008,415.768032,67.683168
7/28/2010,INV7810570,ELEMERA,P405890,2,120.8628,241.7256,36,103.942008,207.884016,33.841584
2/8/2010,INV7810541,ELEMERA,P405890,5,120.8628,604.314,36,103.942008,519.71004,84.60396
8/19/2010,INV7810419,ELEMERA,P405890,1,120.8628,120.8628,36,103.942008,103.942008,16.920792
8/19/2010,INV7810422,ELEMERA,P405890,1,120.8628,120.8628,36,103.942008,103.942008,16.920792
9/21/2010,INV7810206,ELEMERA,P405890,2,120.8628,241.7256,36,103.942008,207.884016,33.841584
9/21/2010,INV7810206,ELEMERA,P405890,2,120.8628,241.7256,36,103.942008,207.884016,33.841584
9/21/2010,INV7810206,ELEMERA,P753309,2,16.5186,33.0372,36,14.205996,28.411992,4.625208
9/21/2010,INV7810206,ELEMERA,P383812,2,2.9925,5.985,36,2.57355,5.1471,0.8379
9/21/2010,INV7810206,ELEMERA,P875372,1,50.5134,50.5134,36,43.441524,43.441524,7.071876
9/21/2010,INV7810206,ELEMERA,P924249,2,7.3188,14.6376,36,6.294168,12.588336,2.049264
9/21/2010,INV7810206,ELEMERA,P896540,1,355.2354,355.2354,36,305.502444,305.502444,49.732956
10/21/2010,INV7810004,ELEMERA,P405890,1,120.8628,120.8628,36,103.942008,103.942008,16.920792
9/11/2010,INV7809892,ELEMERA,P405890,1,120.8628,120.8628,36,103.942008,103.942008,16.920792
8/12/2010,INV7809732,ELEMERA,P405890,1,120.8628,120.8628,36,103.942008,103.942008,16.920792
8/12/2010,INV7809732,ELEMERA,P733663,5,2.1033,10.5165,36,1.808838,9.04419,1.47231
11/17/2010,INV7809847,ELEMERA,P405890,2,120.8628,241.7256,36,103.942008,207.884016,33.841584
11/25/2010,INV7809793,ELEMERA,P405890,2,120.8628,241.7256,36,103.942008,207.884016,33.841584
11/25/2010,INV7809794,ELEMERA,P405890,1,120.8628,120.8628,36,103.942008,103.942008,16.920792
11/29/2010,INV7809784,ELEMERA,P405890,2,120.8628,241.7256,36,103.942008,207.884016,33.841584
11/29/2010,INV7809784,ELEMERA,P411776,2,194.2902,388.5804,36,167.089572,334.179144,54.401256
2/12/2010,INV7809766,ELEMERA,P405890,1,120.8628,120.8628,36,103.942008,103.942008,16.920792
6/12/2010,INV7809749,ELEMERA,P405890,1,120.8628,120.8628,36,103.942008,103.942008,16.920792
6/12/2010,INV7809749,ELEMERA,P383812,1,2.9925,2.9925,36,2.57355,2.57355,0.41895
6/12/2010,INV7809749,ELEMERA,P860046,1,3.6081,3.6081,36,3.102966,3.102966,0.505134
6/12/2010,INV7809749,ELEMERA,P956668,6,7.182,43.092,36,6.17652,37.05912,6.03288
6/12/2010,INV7809749,ELEMERA,P924249,1,7.3188,7.3188,36,6.294168,6.294168,1.024632
6/12/2010,INV7809749,ELEMERA,P536652,1,3.2319,3.2319,36,2.779434,2.779434,0.452466
6/12/2010,INV7809749,ELEMERA,P357042,1,7.353,7.353,36,6.32358,6.32358,1.02942
6/12/2010,INV7809749,ELEMERA,P753920,1,3.4884,3.4884,36,3.000024,3.000024,0.488376
6/12/2010,INV7809749,ELEMERA,P141855,1,255.474,255.474,36,219.70764,219.70764,35.76636
6/12/2010,INV7809748,ELEMERA,P405890,2,120.8628,241.7256,36,103.942008,207.884016,33.841584
7/12/2010,INV7809739,ELEMERA,P405890,2,120.8628,241.7256,36,103.942008,207.884016,33.841584
12/16/2010,INV7809685,ELEMERA,P405890,1,120.8628,120.8628,36,103.942008,103.942008,16.920792
12/23/2010,INV7809636,ELEMERA,P405890,2,120.8628,241.7256,36,103.942008,207.884016,33.841584
12/23/2010,INV7809634,ELEMERA,P405890,1,120.8628,120.8628,36,103.942008,103.942008,16.920792
1/17/2011,INV7809582,ELEMERA,P405890,2,120.8628,241.7256,36,103.942008,207.884016,33.841584
1/18/2011,INV7809568,ELEMERA,P405890,1,120.8628,120.8628,36,103.942008,103.942008,16.920792
1/19/2011,INV7809561,ELEMERA,P405890,1,120.8628,120.8628,36,103.942008,103.942008,16.920792
2/17/2011,INV7809366,ELEMERA,P405890,2,120.8628,241.7256,36,103.942008,207.884016,33.841584
2/22/2011,INV7809344,ELEMERA,P405890,2,120.8628,241.7256,36,103.942008,207.884016,33.841584
4/3/2011,INV7809270,ELEMERA,P405890,10,120.8628,1208.628,36,103.942008,1039.42008,169.20792
4/3/2011,INV7809270,ELEMERA,P188454,1,31.8231,31.8231,36,27.367866,27.367866,4.455234
4/3/2011,INV7809270,ELEMERA,P488721,6,84.2688,505.6128,36,72.471168,434.827008,70.785792
4/3/2011,INV7809270,ELEMERA,P421569,1,394.3602,394.3602,36,339.149772,339.149772,55.210428
4/3/2011,INV7809270,ELEMERA,P148989,1,2.4111,2.4111,36,2.073546,2.073546,0.337554
4/3/2011,INV7809270,ELEMERA,P926015,1,2.4111,2.4111,36,2.073546,2.073546,0.337554
4/3/2011,INV7809270,ELEMERA,P165014,2,52.9074,105.8148,36,45.500364,91.000728,14.814072
4/3/2011,INV7809270,ELEMERA,P650416,1,59.9355,59.9355,36,51.54453,51.54453,8.39097
4/3/2011,INV7809270,ELEMERA,P927563,3,7.9344,23.8032,36,6.823584,20.470752,3.332448
4/3/2011,INV7809270,ELEMERA,P175998,1,58.0545,58.0545,36,49.92687,49.92687,8.12763
4/3/2011,INV7809270,ELEMERA,P329575,1,39.2616,39.2616,36,33.764976,33.764976,5.496624
4/3/2011,INV7809270,ELEMERA,P359976,1,394.3602,394.3602,36,339.149772,339.149772,55.210428
4/3/2011,INV7809270,ELEMERA,P723621,1,13.8168,13.8168,36,11.882448,11.882448,1.934352
4/3/2011,INV7809270,ELEMERA,P760145,2,0.6669,1.3338,36,0.573534,1.147068,0.186732
8/3/2011,INV7809247,ELEMERA,P405890,1,120.8628,120.8628,36,103.942008,103.942008,16.920792
3/15/2011,INV7809196,ELEMERA,P405890,2,120.8628,241.7256,36,103.942008,207.884016,33.841584
7/4/2011,INV7809079,ELEMERA,P405890,2,120.8628,241.7256,36,103.942008,207.884016,33.841584
11/4/2011,INV7809058,ELEMERA,P405890,1,120.8628,120.8628,36,103.942008,103.942008,16.920792
11/4/2011,INV7809058,ELEMERA,P404282,1,2.9925,2.9925,36,2.57355,2.57355,0.41895
11/4/2011,INV7809058,ELEMERA,P753309,1,16.5186,16.5186,36,14.205996,14.205996,2.312604
11/4/2011,INV7809058,ELEMERA,P383812,1,2.9925,2.9925,36,2.57355,2.57355,0.41895
11/4/2011,INV7809058,ELEMERA,P383812,2,2.9925,5.985,36,2.57355,5.1471,0.8379
11/4/2011,INV7809058,ELEMERA,P847740,1,28.6767,28.6767,36,24.661962,24.661962,4.014738
11/4/2011,INV7809058,ELEMERA,P896509,1,11.1321,11.1321,36,9.573606,9.573606,1.558494
11/4/2011,INV7809058,ELEMERA,P924249,1,7.3188,7.3188,36,6.294168,6.294168,1.024632
11/4/2011,INV7809058,ELEMERA,P334770,1,4.0356,4.0356,36,3.470616,3.470616,0.564984
11/4/2011,INV7809058,ELEMERA,P924279,1,3.7962,3.7962,36,3.264732,3.264732,0.531468
4/19/2011,INV7809015,ELEMERA,P405890,2,120.8628,241.7256,36,103.942008,207.884016,33.841584
3/5/2011,INV7808947,ELEMERA,P405890,3,120.8628,362.5884,36,103.942008,311.826024,50.762376
11/5/2011,INV7808877,ELEMERA,P405890,2,120.8628,241.7256,36,103.942008,207.884016,33.841584
11/5/2011,INV7808877,ELEMERA,P934398,10,24.4701,244.701,36,21.044286,210.44286,34.25814
11/5/2011,INV7808877,ELEMERA,P765543,3,80.7804,242.3412,36,69.471144,208.413432,33.927768
5/16/2011,INV7808842,ELEMERA,P405890,2,120.8628,241.7256,36,103.942008,207.884016,33.841584
5/16/2011,INV7808842,ELEMERA,P405890,2,120.8628,241.7256,36,103.942008,207.884016,33.841584
5/16/2011,INV7808842,ELEMERA,P584705,4,24.6924,98.7696,36,21.235464,84.941856,13.827744
5/16/2011,INV7808842,ELEMERA,P189726,1,650.3985,650.3985,36,559.34271,559.34271,91.05579
5/16/2011,INV7808842,ELEMERA,P294499,4,14.0049,56.0196,36,12.044214,48.176856,7.842744
5/24/2011,INV7808786,ELEMERA,P405890,2,120.8628,241.7256,36,103.942008,207.884016,33.841584
5/24/2011,INV7808786,ELEMERA,P405890,2,120.8628,241.7256,36,103.942008,207.884016,33.841584
5/24/2011,INV7808786,ELEMERA,P493265,1,31.635,31.635,36,27.2061,27.2061,4.4289
5/25/2011,INV7808771,ELEMERA,P405890,2,120.8628,241.7256,36,103.942008,207.884016,33.841584
5/26/2011,INV7808754,ELEMERA,P405890,1,120.8628,120.8628,36,103.942008,103.942008,16.920792
7/6/2011,INV7808659,ELEMERA,P405890,4,120.8628,483.4512,36,103.942008,415.768032,67.683168
6/30/2011,INV7808492,ELEMERA,P405890,1,76.608,76.608,36,65.88288,65.88288,10.72512
6/30/2011,INV7808492,ELEMERA,P132984,1,8.208,8.208,36,7.05888,7.05888,1.14912
6/30/2011,INV7808492,ELEMERA,P132984,1,8.208,8.208,36,7.05888,7.05888,1.14912
6/30/2011,INV7808492,ELEMERA,P326712,2,2.9925,5.985,36,2.57355,5.1471,0.8379
6/30/2011,INV7808492,ELEMERA,P107912,2,3.5055,7.011,36,3.01473,6.02946,0.98154
6/7/2011,INV7808448,ELEMERA,P405890,4,119.7,478.8,36,102.942,411.768,67.032
6/7/2011,INV7808448,ELEMERA,P489329,1,541.7109,541.7109,36,465.871374,465.871374,75.839526
6/7/2011,INV7808448,ELEMERA,P231532,5,16.245,81.225,36,13.9707,69.8535,11.3715
8/7/2011,INV7808434,ELEMERA,P405890,2,119.7,239.4,36,102.942,205.884,33.516
8/7/2011,INV7808434,ELEMERA,P765168,2,55.3527,110.7054,36,47.603322,95.206644,15.498756
8/7/2011,INV7808434,ELEMERA,P110532,1,273.6,273.6,36,235.296,235.296,38.304
8/7/2011,INV7808427,ELEMERA,P405890,2,119.7,239.4,36,102.942,205.884,33.516
7/15/2011,INV7808393,ELEMERA,P405890,2,119.7,239.4,36,102.942,205.884,33.516
7/15/2011,INV7808393,ELEMERA,P450109,2,50.5134,101.0268,36,43.441524,86.883048,14.143752
7/15/2011,INV7808393,ELEMERA,P348865,1,802.4175,802.4175,36,690.07905,690.07905,112.33845
7/15/2011,INV7808393,ELEMERA,P820141,2,74.2653,148.5306,36,63.868158,127.736316,20.794284
7/27/2011,INV7808322,ELEMERA,P405890,4,119.7,478.8,36,102.942,411.768,67.032
7/27/2011,INV7808321,ELEMERA,P405890,2,119.7,239.4,36,102.942,205.884,33.516
7/27/2011,INV7808321,ELEMERA,P875372,1,50.5134,50.5134,36,43.441524,43.441524,7.071876
8/22/2011,INV7808142,ELEMERA,P405890,1,119.7,119.7,36,102.942,102.942,16.758
8/22/2011,INV7808142,ELEMERA,P991727,2,36.9873,73.9746,36,31.809078,63.618156,10.356444
8/22/2011,INV7808142,ELEMERA,P646052,2,16.7067,33.4134,36,14.367762,28.735524,4.677876
8/23/2011,INV7808131,ELEMERA,P405890,2,119.7,239.4,36,102.942,205.884,33.516
9/16/2011,INV7807966,ELEMERA,P405890,2,119.7,239.4,36,102.942,205.884,33.516
9/23/2011,INV7807920,ELEMERA,P405890,1,119.7,119.7,36,102.942,102.942,16.758
9/29/2011,INV7807886,ELEMERA,P405890,2,119.7,239.4,36,102.942,205.884,33.516
6/10/2011,INV7807858,ELEMERA,P405890,1,119.7,119.7,36,102.942,102.942,16.758
10/14/2011,INV7807806,ELEMERA,P405890,2,119.7,239.4,36,102.942,205.884,33.516
10/14/2011,INV7807806,ELEMERA,P371221,1,769.5,769.5,36,661.77,661.77,107.73
10/27/2011,INV7807723,ELEMERA,P405890,1,119.7,119.7,36,102.942,102.942,16.758
10/31/2011,INV7807708,ELEMERA,P405890,1,119.7,119.7,36,102.942,102.942,16.758
10/31/2011,INV7807708,ELEMERA,P719604,2,61.2351,122.4702,36,52.662186,105.324372,17.145828
7/11/2011,INV7807670,ELEMERA,P405890,1,119.7,119.7,36,102.942,102.942,16.758
7/11/2011,INV7807670,ELEMERA,P895105,1,37.8594,37.8594,36,32.559084,32.559084,5.300316
7/11/2011,INV7807670,ELEMERA,P402476,1,334.4076,334.4076,36,287.590536,287.590536,46.817064
7/11/2011,INV7807670,ELEMERA,P271450,1,285.8607,285.8607,36,245.840202,245.840202,40.020498
8/11/2011,INV7807650,ELEMERA,P405890,1,119.7,119.7,36,102.942,102.942,16.758
11/25/2011,INV7807530,ELEMERA,P405890,2,119.7,239.4,36,102.942,205.884,33.516
11/25/2011,INV7807530,ELEMERA,P765543,1,80.7804,80.7804,36,69.471144,69.471144,11.309256
11/25/2011,INV7807530,ELEMERA,P888927,1,50.5134,50.5134,36,43.441524,43.441524,7.071876
12/12/2011,INV7807423,ELEMERA,P405890,1,119.7,119.7,36,102.942,102.942,16.758
12/12/2011,INV7807423,ELEMERA,P247085,1,459.9045,459.9045,36,395.51787,395.51787,64.38663
1/16/2012,INV7807278,ELEMERA,P405890,2,119.7,239.4,36,102.942,205.884,33.516
1/18/2012,INV7807254,ELEMERA,P405890,2,119.7,239.4,36,102.942,205.884,33.516
1/18/2012,INV7807254,ELEMERA,P956668,10,7.182,71.82,36,6.17652,61.7652,10.0548
1/18/2012,INV7807254,ELEMERA,P615711,8,4.4973,35.9784,36,3.867678,30.941424,5.036976
8/2/2012,INV7807140,ELEMERA,P405890,2,119.7,239.4,36,102.942,205.884,33.516
8/2/2012,INV7807140,ELEMERA,P405890,1,119.7,119.7,36,102.942,102.942,16.758
8/2/2012,INV7807140,ELEMERA,P126966,1,169.8372,169.8372,36,146.059992,146.059992,23.777208
4/4/2012,INV7806751,ELEMERA,P405890,1,89.433,89.433,36,76.91238,76.91238,12.52062
4/4/2012,INV7806751,ELEMERA,P163148,1,101.3517,101.3517,36,87.162462,87.162462,14.189238
4/24/2012,INV7806620,ELEMERA,P405890,2,89.433,178.866,36,76.91238,153.82476,25.04124
4/24/2012,INV7806617,ELEMERA,P405890,1,89.433,89.433,36,76.91238,76.91238,12.52062
4/24/2012,INV7806616,ELEMERA,P405890,2,89.433,178.866,36,76.91238,153.82476,25.04124
4/24/2012,INV7806616,ELEMERA,P405890,1,89.433,89.433,36,76.91238,76.91238,12.52062
8/6/2012,INV7806334,ELEMERA,P405890,1,89.433,89.433,36,76.91238,76.91238,12.52062
12/6/2012,INV7806325,ELEMERA,P405890,1,89.433,89.433,36,76.91238,76.91238,12.52062
7/24/2012,INV7806023,ELEMERA,P405890,2,89.433,178.866,36,76.91238,153.82476,25.04124
7/24/2012,INV7806023,ELEMERA,P253339,2,247.95,495.9,36,213.237,426.474,69.426
7/24/2012,INV7806023,ELEMERA,P735203,1,118.0584,118.0584,36,101.530224,101.530224,16.528176
7/24/2012,INV7806023,ELEMERA,P759337,1,52.1208,52.1208,36,44.823888,44.823888,7.296912
8/16/2012,INV7805882,ELEMERA,P405890,2,89.433,178.866,36,76.91238,153.82476,25.04124
8/16/2012,INV7805882,ELEMERA,P268411,2,41.9121,83.8242,36,36.044406,72.088812,11.735388
8/16/2012,INV7805882,ELEMERA,P161560,1,296.4969,296.4969,36,254.987334,254.987334,41.509566
8/16/2012,INV7805882,ELEMERA,P489329,1,683.9829,683.9829,36,588.225294,588.225294,95.757606
8/16/2012,INV7805882,ELEMERA,P974163,4,17.0658,68.2632,36,14.676588,58.706352,9.556848
8/16/2012,INV7805882,ELEMERA,P680371,4,0.8379,3.3516,36,0.720594,2.882376,0.469224
8/16/2012,INV7805882,ELEMERA,P418615,2,62.5689,125.1378,36,53.809254,107.618508,17.519292
8/16/2012,INV7805882,ELEMERA,P250241,4,0.8037,3.2148,36,0.691182,2.764728,0.450072
8/16/2012,INV7805882,ELEMERA,P415240,4,0.7353,2.9412,36,0.632358,2.529432,0.411768
8/17/2012,INV7805870,ELEMERA,P405890,4,89.433,357.732,36,76.91238,307.64952,50.08248
8/17/2012,INV7805870,ELEMERA,P765168,2,58.1229,116.2458,36,49.985694,99.971388,16.274412
8/17/2012,INV7805870,ELEMERA,P522756,2,21.888,43.776,36,18.82368,37.64736,6.12864
8/17/2012,INV7805870,ELEMERA,P276283,2,0.9918,1.9836,36,0.852948,1.705896,0.277704
8/17/2012,INV7805870,ELEMERA,P503289,2,2.394,4.788,36,2.05884,4.11768,0.67032
8/17/2012,INV7805870,ELEMERA,P671865,1,21.9222,21.9222,36,18.853092,18.853092,3.069108
8/17/2012,INV7805870,ELEMERA,P538573,1,1636.4016,1636.4016,36,1407.305376,1407.305376,229.096224
8/17/2012,INV7805871,ELEMERA,P405890,2,89.433,178.866,36,76.91238,153.82476,25.04124
8/17/2012,INV7805871,ELEMERA,P765168,1,58.1229,58.1229,36,49.985694,49.985694,8.137206
8/27/2012,INV7805810,ELEMERA,P405890,3,89.433,268.299,36,76.91238,230.73714,37.56186
3/9/2012,INV7805767,ELEMERA,P405890,1,89.433,89.433,36,76.91238,76.91238,12.52062
5/9/2012,INV7805750,ELEMERA,P405890,1,89.433,89.433,36,76.91238,76.91238,12.52062
5/9/2012,INV7805750,ELEMERA,P990654,4,26.9838,107.9352,36,23.206068,92.824272,15.110928
5/9/2012,INV7805750,ELEMERA,P169343,4,23.598,94.392,36,20.29428,81.17712,13.21488
10/22/2012,INV7805427,ELEMERA,P405890,1,89.433,89.433,36,76.91238,76.91238,12.52062
11/21/2012,INV7805254,ELEMERA,P405890,1,89.433,89.433,36,76.91238,76.91238,12.52062
3/1/2013,INV7805020,ELEMERA,P405890,1,89.433,89.433,36,76.91238,76.91238,12.52062
3/1/2013,INV7805020,ELEMERA,P987453,1,23.5296,23.5296,36,20.235456,20.235456,3.294144
3/1/2013,INV7805020,ELEMERA,P488198,1,2.9925,2.9925,36,2.57355,2.57355,0.41895
3/1/2013,INV7805020,ELEMERA,P169578,1,17.2368,17.2368,36,14.823648,14.823648,2.413152
3/1/2013,INV7805020,ELEMERA,P871873,1,5.1471,5.1471,36,4.426506,4.426506,0.720594
3/1/2013,INV7805020,ELEMERA,P281540,1,1116.6984,1116.6984,36,960.360624,960.360624,156.337776
1/31/2013,INV7804885,ELEMERA,P405890,1,89.433,89.433,36,76.91238,76.91238,12.52062
3/20/2013,INV7804536,ELEMERA,P405890,4,89.433,357.732,36,76.91238,307.64952,50.08248
3/20/2013,INV7804536,ELEMERA,P895692,1,42.8868,42.8868,36,36.882648,36.882648,6.004152
3/20/2013,INV7804536,ELEMERA,P980032,1,287.2287,287.2287,36,247.016682,247.016682,40.212018
3/20/2013,INV7804536,ELEMERA,P283086,1,56.2248,56.2248,36,48.353328,48.353328,7.871472
4/17/2013,INV7804381,ELEMERA,P405890,2,89.433,178.866,36,76.91238,153.82476,25.04124
5/23/2013,INV7804125,ELEMERA,P405890,1,89.433,89.433,36,76.91238,76.91238,12.52062
5/23/2013,INV7804125,ELEMERA,P405890,1,89.433,89.433,36,76.91238,76.91238,12.52062
5/23/2013,INV7804125,ELEMERA,P405890,1,89.433,89.433,36,76.91238,76.91238,12.52062
5/29/2013,INV7804104,ELEMERA,P405890,1,89.433,89.433,36,76.91238,76.91238,12.52062
5/29/2013,INV7804104,ELEMERA,P488721,5,88.4754,442.377,36,76.088844,380.44422,61.93278
6/26/2013,INV7803901,ELEMERA,P405890,1,89.433,89.433,36,76.91238,76.91238,12.52062
1/7/2013,INV7803874,ELEMERA,P405890,1,89.433,89.433,36,76.91238,76.91238,12.52062
5/8/2013,INV7803574,ELEMERA,P405890,2,89.433,178.866,36,76.91238,153.82476,25.04124
5/8/2013,INV7803574,ELEMERA,P383812,2,3.1464,6.2928,36,2.705904,5.411808,0.880992
5/8/2013,INV7803574,ELEMERA,P835244,2,6.2244,12.4488,36,5.352984,10.705968,1.742832
5/8/2013,INV7803574,ELEMERA,P489329,1,683.9829,683.9829,36,588.225294,588.225294,95.757606
5/8/2013,INV7803574,ELEMERA,P542150,2,4.9077,9.8154,36,4.220622,8.441244,1.374156
5/8/2013,INV7803574,ELEMERA,P783976,2,1.7613,3.5226,36,1.514718,3.029436,0.493164
5/8/2013,INV7803574,ELEMERA,P374166,2,2.7018,5.4036,36,2.323548,4.647096,0.756504
5/8/2013,INV7803574,ELEMERA,P712405,2,3.1464,6.2928,36,2.705904,5.411808,0.880992
5/8/2013,INV7803574,ELEMERA,P427012,2,3.1464,6.2928,36,2.705904,5.411808,0.880992
11/19/2013,INV7802902,ELEMERA,P405890,2,89.433,178.866,36,76.91238,153.82476,25.04124
3/14/2014,INV7802199,ELEMERA,P405890,1,89.433,89.433,36,76.91238,76.91238,12.52062
3/14/2014,INV7802199,ELEMERA,P956668,6,5.5575,33.345,36,4.77945,28.6767,4.6683
3/14/2014,INV7802199,ELEMERA,P907453,1,46.9566,46.9566,36,40.382676,40.382676,6.573924
3/14/2014,INV7802199,ELEMERA,P166326,1,113.5953,113.5953,36,97.691958,97.691958,15.903342
3/14/2014,INV7802199,ELEMERA,P175418,1,430.1163,430.1163,36,369.900018,369.900018,60.216282
6/5/2014,INV7801897,ELEMERA,P405890,4,89.433,357.732,36,76.91238,307.64952,50.08248
6/5/2014,INV7801897,ELEMERA,P253339,2,247.95,495.9,36,213.237,426.474,69.426
6/5/2014,INV7801897,ELEMERA,P489329,1,683.9829,683.9829,36,588.225294,588.225294,95.757606
6/5/2014,INV7801897,ELEMERA,P512479,1,205.5078,205.5078,36,176.736708,176.736708,28.771092
6/5/2014,INV7801897,ELEMERA,P231532,1,17.0658,17.0658,36,14.676588,14.676588,2.389212
6/5/2014,INV7801897,ELEMERA,P529450,1,1093.7331,1093.7331,36,940.610466,940.610466,153.122634
6/5/2014,INV7801897,ELEMERA,P996062,1,28.2834,28.2834,36,24.323724,24.323724,3.959676
1/8/2014,INV7801238,ELEMERA,P405890,1,89.433,89.433,36,76.91238,76.91238,12.52062
1/8/2014,INV7801238,ELEMERA,P253339,2,247.95,495.9,36,213.237,426.474,69.426
11/13/2014,INV7800498,ELEMERA,P405890,1,89.433,89.433,36,76.91238,76.91238,12.52062
11/13/2014,INV7800498,ELEMERA,P390237,2,143.0415,286.083,36,123.01569,246.03138,40.05162
11/13/2014,INV7800498,ELEMERA,P374166,4,2.7189,10.8756,36,2.338254,9.353016,1.522584
11/13/2014,INV7800498,ELEMERA,P290129,2,2.907,5.814,36,2.50002,5.00004,0.81396
11/13/2014,INV7800498,ELEMERA,P504387,1,239.1435,239.1435,36,205.66341,205.66341,33.48009
11/13/2014,INV7800498,ELEMERA,P252062,2,145.0593,290.1186,36,124.750998,249.501996,40.616604
11/13/2014,INV7800498,ELEMERA,P763921,1,60.876,60.876,36,52.35336,52.35336,8.52264
11/13/2014,INV7800498,ELEMERA,P138737,2,29.7198,59.4396,36,25.559028,51.118056,8.321544
3/25/2015,INV7799609,ELEMERA,P405890,1,89.433,89.433,36,76.91238,76.91238,12.52062
3/25/2015,INV7799609,ELEMERA,P719604,1,38.475,38.475,36,33.0885,33.0885,5.3865
3/25/2015,INV7799609,ELEMERA,P204643,3,19.6308,58.8924,36,16.882488,50.647464,8.244936
3/25/2015,INV7799609,ELEMERA,P163148,1,103.8996,103.8996,36,89.353656,89.353656,14.545944
3/25/2015,INV7799609,ELEMERA,P561589,1,52.4799,52.4799,36,45.132714,45.132714,7.347186
3/25/2015,INV7799609,ELEMERA,P705374,3,17.4591,52.3773,36,15.014826,45.044478,7.332822
3/25/2015,INV7799609,ELEMERA,P875168,6,8.1909,49.1454,36,7.044174,42.265044,6.880356
3/25/2015,INV7799609,ELEMERA,P914835,1,89.3646,89.3646,36,76.853556,76.853556,12.511044
3/25/2015,INV7799609,ELEMERA,P917252,1,680.2209,680.2209,36,584.989974,584.989974,95.230926
3/25/2015,INV7799609,ELEMERA,P663489,3,1.9494,5.8482,36,1.676484,5.029452,0.818748
3/25/2015,INV7799609,ELEMERA,P581775,1,8.037,8.037,36,6.91182,6.91182,1.12518
3/26/2015,INV7799596,ELEMERA,P405890,1,89.433,89.433,36,76.91238,76.91238,12.52062
3/26/2015,INV7799596,ELEMERA,P934398,2,10.2087,20.4174,36,8.779482,17.558964,2.858436
3/26/2015,INV7799596,ELEMERA,P907453,1,28.6938,28.6938,36,24.676668,24.676668,4.017132
3/26/2015,INV7799596,ELEMERA,P915648,1,93.6225,93.6225,36,80.51535,80.51535,13.10715
7/4/2015,INV7799534,ELEMERA,P405890,1,89.433,89.433,36,76.91238,76.91238,12.52062
4/23/2015,INV7799408,ELEMERA,P405890,2,89.433,178.866,36,76.91238,153.82476,25.04124
4/23/2015,INV7799408,ELEMERA,P687247,1,485.5716,485.5716,36,417.591576,417.591576,67.980024
4/23/2015,INV7799408,ELEMERA,P907453,1,28.6938,28.6938,36,24.676668,24.676668,4.017132
4/30/2015,INV7799343,ELEMERA,P405890,2,89.433,178.866,36,76.91238,153.82476,25.04124
4/30/2015,INV7799343,ELEMERA,P253339,2,247.95,495.9,36,213.237,426.474,69.426
4/30/2015,INV7799343,ELEMERA,P991597,2,17.4078,34.8156,36,14.970708,29.941416,4.874184
4/30/2015,INV7799343,ELEMERA,P529450,1,1093.7331,1093.7331,36,940.610466,940.610466,153.122634
5/19/2015,INV7799167,ELEMERA,P405890,2,89.433,178.866,36,76.91238,153.82476,25.04124
5/19/2015,INV7799167,ELEMERA,P994166,2,20.8107,41.6214,36,17.897202,35.794404,5.826996
5/19/2015,INV7799167,ELEMERA,P991597,1,17.4078,17.4078,36,14.970708,14.970708,2.437092
5/19/2015,INV7799167,ELEMERA,P529450,1,1093.7331,1093.7331,36,940.610466,940.610466,153.122634
5/19/2015,INV7799167,ELEMERA,P125459,2,268.1964,536.3928,36,230.648904,461.297808,75.094992
1/7/2015,INV7798855,ELEMERA,P405890,2,89.433,178.866,36,76.91238,153.82476,25.04124
1/7/2015,INV7798855,ELEMERA,P109015,6,14.706,88.236,36,12.64716,75.88296,12.35304
1/7/2015,INV7798855,ELEMERA,P728031,1,255.0465,255.0465,36,219.33999,219.33999,35.70651
1/7/2015,INV7798855,ELEMERA,P838929,6,12.5685,75.411,36,10.80891,64.85346,10.55754
9/15/2015,INV7797975,ELEMERA,P405890,1,89.433,89.433,36,76.91238,76.91238,12.52062
9/15/2015,INV7797975,ELEMERA,P934398,3,10.2087,30.6261,36,8.779482,26.338446,4.287654
9/23/2015,INV7797870,ELEMERA,P405890,2,89.433,178.866,36,76.91238,153.82476,25.04124
9/23/2015,INV7797870,ELEMERA,P753309,1,17.8011,17.8011,36,15.308946,15.308946,2.492154
9/23/2015,INV7797870,ELEMERA,P383812,2,3.3858,6.7716,36,2.911788,5.823576,0.948024
9/23/2015,INV7797870,ELEMERA,P847740,2,35.2602,70.5204,36,30.323772,60.647544,9.872856
9/23/2015,INV7797870,ELEMERA,P956668,6,5.5575,33.345,36,4.77945,28.6767,4.6683
9/23/2015,INV7797870,ELEMERA,P934398,2,10.2087,20.4174,36,8.779482,17.558964,2.858436
9/23/2015,INV7797870,ELEMERA,P321238,4,6.2073,24.8292,36,5.338278,21.353112,3.476088
9/23/2015,INV7797870,ELEMERA,P825805,2,2.5137,5.0274,36,2.161782,4.323564,0.703836
9/23/2015,INV7797870,ELEMERA,P326712,3,3.762,11.286,36,3.23532,9.70596,1.58004
9/23/2015,INV7797870,ELEMERA,P896509,2,11.6793,23.3586,36,10.044198,20.088396,3.270204
9/23/2015,INV7797870,ELEMERA,P994554,1,9.0117,9.0117,36,7.750062,7.750062,1.261638
9/23/2015,INV7797870,ELEMERA,P836629,4,29.8224,119.2896,36,25.647264,102.589056,16.700544
9/23/2015,INV7797870,ELEMERA,P715622,4,3.9501,15.8004,36,3.397086,13.588344,2.212056
9/23/2015,INV7797870,ELEMERA,P281184,2,31.2588,62.5176,36,26.882568,53.765136,8.752464
9/23/2015,INV7797870,ELEMERA,P134927,2,3.2319,6.4638,36,2.779434,5.558868,0.904932
9/23/2015,INV7797870,ELEMERA,P809696,4,3.762,15.048,36,3.23532,12.94128,2.10672
9/23/2015,INV7797870,ELEMERA,P357042,2,7.9173,15.8346,36,6.808878,13.617756,2.216844
9/23/2015,INV7797870,ELEMERA,P504551,3,3.762,11.286,36,3.23532,9.70596,1.58004
9/23/2015,INV7797870,ELEMERA,P517396,10,3.762,37.62,36,3.23532,32.3532,5.2668
9/23/2015,INV7797870,ELEMERA,P419121,1,99.6417,99.6417,36,85.691862,85.691862,13.949838
9/23/2015,INV7797870,ELEMERA,P542150,2,4.275,8.55,36,3.6765,7.353,1.197
9/23/2015,INV7797870,ELEMERA,P941359,2,3.762,7.524,36,3.23532,6.47064,1.05336
9/23/2015,INV7797870,ELEMERA,P733663,2,2.2572,4.5144,36,1.941192,3.882384,0.632016
9/23/2015,INV7797870,ELEMERA,P107912,2,9.0117,18.0234,36,7.750062,15.500124,2.523276
9/23/2015,INV7797870,ELEMERA,P296143,2,12.7053,25.4106,36,10.926558,21.853116,3.557484
9/23/2015,INV7797870,ELEMERA,P493724,4,333.45,1333.8,36,286.767,1147.068,186.732
9/23/2015,INV7797870,ELEMERA,P349926,4,3.3858,13.5432,36,2.911788,11.647152,1.896048
9/23/2015,INV7797870,ELEMERA,P712405,2,3.2319,6.4638,36,2.779434,5.558868,0.904932
9/23/2015,INV7797870,ELEMERA,P481737,4,2.8386,11.3544,36,2.441196,9.764784,1.589616
9/23/2015,INV7797870,ELEMERA,P396034,1,3.4029,3.4029,36,2.926494,2.926494,0.476406
9/23/2015,INV7797870,ELEMERA,P405692,2,2.736,5.472,36,2.35296,4.70592,0.76608
9/23/2015,INV7797870,ELEMERA,P427012,2,3.2319,6.4638,36,2.779434,5.558868,0.904932
9/23/2015,INV7797870,ELEMERA,P894330,2,1.9836,3.9672,36,1.705896,3.411792,0.555408
9/23/2015,INV7797870,ELEMERA,P237278,2,28.215,56.43,36,24.2649,48.5298,7.9002
9/23/2015,INV7797870,ELEMERA,P171632,1,6.0021,6.0021,36,5.161806,5.161806,0.840294
9/23/2015,INV7797870,ELEMERA,P224960,1,0.342,0.342,36,0.29412,0.29412,0.04788
9/23/2015,INV7797870,ELEMERA,P606489,1,0.342,0.342,36,0.29412,0.29412,0.04788
9/23/2015,INV7797870,ELEMERA,P239085,1,1.4193,1.4193,36,1.220598,1.220598,0.198702
9/23/2015,INV7797870,ELEMERA,P366648,1,23.8545,23.8545,36,20.51487,20.51487,3.33963
9/23/2015,INV7797870,ELEMERA,P970548,1,5.9679,5.9679,36,5.132394,5.132394,0.835506
9/23/2015,INV7797870,ELEMERA,P996512,1,4.446,4.446,36,3.82356,3.82356,0.62244
9/23/2015,INV7797870,ELEMERA,P227846,1,6.9426,6.9426,36,5.970636,5.970636,0.971964
9/23/2015,INV7797870,ELEMERA,P258838,1,646.5339,646.5339,36,556.019154,556.019154,90.514746
9/23/2015,INV7797870,ELEMERA,P870434,1,1323.2664,1323.2664,36,1138.009104,1138.009104,185.257296
9/23/2015,INV7797870,ELEMERA,P677535,1,552.2445,552.2445,36,474.93027,474.93027,77.31423
10/13/2015,INV7797687,ELEMERA,P405890,1,89.433,89.433,36,76.91238,76.91238,12.52062
10/13/2015,INV7797687,ELEMERA,P774586,1,72.2988,72.2988,36,62.176968,62.176968,10.121832
10/13/2015,INV7797687,ELEMERA,P118089,1,32.6268,32.6268,36,28.059048,28.059048,4.567752
10/15/2015,INV7797655,ELEMERA,P405890,1,89.433,89.433,36,76.91238,76.91238,12.52062
10/15/2015,INV7797655,ELEMERA,P847740,1,35.2602,35.2602,36,30.323772,30.323772,4.936428
10/15/2015,INV7797655,ELEMERA,P206343,1,6.2928,6.2928,36,5.411808,5.411808,0.880992
10/15/2015,INV7797655,ELEMERA,P715622,1,3.9501,3.9501,36,3.397086,3.397086,0.553014
10/15/2015,INV7797655,ELEMERA,P350097,1,202.9257,202.9257,36,174.516102,174.516102,28.409598
10/22/2015,INV7797574,ELEMERA,P405890,1,89.433,89.433,36,76.91238,76.91238,12.52062
10/22/2015,INV7797574,ELEMERA,P253339,2,247.95,495.9,36,213.237,426.474,69.426
10/22/2015,INV7797574,ELEMERA,P206343,1,6.2928,6.2928,36,5.411808,5.411808,0.880992
10/22/2015,INV7797574,ELEMERA,P715622,1,3.9501,3.9501,36,3.397086,3.397086,0.553014
10/22/2015,INV7797574,ELEMERA,P125459,1,251.4213,251.4213,36,216.222318,216.222318,35.198982
10/27/2015,INV7797526,ELEMERA,P405890,1,89.433,89.433,36,76.91238,76.91238,12.52062
10/27/2015,INV7797526,ELEMERA,P253339,2,247.95,495.9,36,213.237,426.474,69.426
10/27/2015,INV7797526,ELEMERA,P934398,2,10.2087,20.4174,36,8.779482,17.558964,2.858436
10/27/2015,INV7797526,ELEMERA,P206343,1,6.2928,6.2928,36,5.411808,5.411808,0.880992
10/27/2015,INV7797526,ELEMERA,P715622,1,3.9501,3.9501,36,3.397086,3.397086,0.553014
10/27/2015,INV7797526,ELEMERA,P489329,1,683.9829,683.9829,36,588.225294,588.225294,95.757606
10/27/2015,INV7797526,ELEMERA,P125459,1,251.4213,251.4213,36,216.222318,216.222318,35.198982
11/20/2015,INV7797193,ELEMERA,P405890,1,89.433,89.433,36,76.91238,76.91238,12.52062
11/20/2015,INV7797193,ELEMERA,P253339,2,247.95,495.9,36,213.237,426.474,69.426
11/20/2015,INV7797193,ELEMERA,P715622,4,3.9501,15.8004,36,3.397086,13.588344,2.212056
11/20/2015,INV7797193,ELEMERA,P517396,6,3.762,22.572,36,3.23532,19.41192,3.16008
11/20/2015,INV7797193,ELEMERA,P125459,1,251.4213,251.4213,36,216.222318,216.222318,35.198982
8/12/2015,INV7796971,ELEMERA,P405890,2,89.433,178.866,36,76.91238,153.82476,25.04124
8/12/2015,INV7796971,ELEMERA,P994166,1,20.8107,20.8107,36,17.897202,17.897202,2.913498
8/12/2015,INV7796971,ELEMERA,P486063,1,3.762,3.762,36,3.23532,3.23532,0.52668
8/12/2015,INV7796971,ELEMERA,P756362,1,22.6746,22.6746,36,19.500156,19.500156,3.174444
12/30/2015,INV7796750,ELEMERA,P405890,1,89.433,89.433,36,76.91238,76.91238,12.52062
12/30/2015,INV7796750,ELEMERA,P796249,2,65.493,130.986,36,56.32398,112.64796,18.33804
12/30/2015,INV7796750,ELEMERA,P629451,2,23.9058,47.8116,36,20.558988,41.117976,6.693624
8/1/2016,INV7796674,ELEMERA,P405890,6,89.433,536.598,36,76.91238,461.47428,75.12372
8/1/2016,INV7796674,ELEMERA,P524240,6,55.5408,333.2448,36,47.765088,286.590528,46.654272
2/26/2016,INV7796121,ELEMERA,P405890,1,89.433,89.433,36,76.91238,76.91238,12.52062
5/4/2016,INV7795679,ELEMERA,P405890,4,89.433,357.732,36,76.91238,307.64952,50.08248
5/4/2016,INV7795679,ELEMERA,P374166,8,3.3858,27.0864,36,2.911788,23.294304,3.792096
5/4/2016,INV7795679,ELEMERA,P962140,8,3.762,30.096,36,3.23532,25.88256,4.21344
5/4/2016,INV7795679,ELEMERA,P693656,8,5.4036,43.2288,36,4.647096,37.176768,6.052032
3/22/2016,INV7795801,ELEMERA,P405890,1,89.433,89.433,36,76.91238,76.91238,12.52062
3/22/2016,INV7795801,ELEMERA,P257706,1,17.6814,17.6814,36,15.206004,15.206004,2.475396
3/22/2016,INV7795801,ELEMERA,P700921,1,493.1982,493.1982,36,424.150452,424.150452,69.047748
3/22/2016,INV7795801,ELEMERA,P511006,1,40.0482,40.0482,36,34.441452,34.441452,5.606748
12/4/2016,INV7795597,ELEMERA,P405890,1,89.433,89.433,36,76.91238,76.91238,12.52062
12/4/2016,INV7795597,ELEMERA,P490713,1,501.8508,501.8508,36,431.591688,431.591688,70.259112
12/4/2016,INV7795597,ELEMERA,P718639,2,21.0159,42.0318,36,18.073674,36.147348,5.884452
5/19/2016,INV7795261,ELEMERA,P405890,1,89.433,89.433,36,76.91238,76.91238,12.52062
5/19/2016,INV7795261,ELEMERA,P296143,2,12.7053,25.4106,36,10.926558,21.853116,3.557484
5/19/2016,INV7795261,ELEMERA,P350627,4,221.8383,887.3532,36,190.780938,763.123752,124.229448
7/21/2016,INV7794616,ELEMERA,P405890,1,89.433,89.433,36,76.91238,76.91238,12.52062
7/21/2016,INV7794616,ELEMERA,P253339,2,247.95,495.9,36,213.237,426.474,69.426
7/21/2016,INV7794616,ELEMERA,P281184,2,31.2588,62.5176,36,26.882568,53.765136,8.752464
7/21/2016,INV7794616,ELEMERA,P863218,4,21.1356,84.5424,36,18.176616,72.706464,11.835936
7/21/2016,INV7794616,ELEMERA,P296143,2,12.7053,25.4106,36,10.926558,21.853116,3.557484
7/21/2016,INV7794616,ELEMERA,P694588,4,14.6889,58.7556,36,12.632454,50.529816,8.225784
11/17/2016,INV7793484,ELEMERA,P405890,2,89.433,178.866,36,76.91238,153.82476,25.04124
11/17/2016,INV7793484,ELEMERA,P253339,4,247.95,991.8,36,213.237,852.948,138.852
11/17/2016,INV7793484,ELEMERA,P489329,1,683.9829,683.9829,36,588.225294,588.225294,95.757606
11/17/2016,INV7793484,ELEMERA,P296143,2,12.7053,25.4106,36,10.926558,21.853116,3.557484
11/17/2016,INV7793484,ELEMERA,P529450,1,1093.7331,1093.7331,36,940.610466,940.610466,153.122634
11/17/2016,INV7793484,ELEMERA,P794615,5,13.2183,66.0915,36,11.367738,56.83869,9.25281
11/17/2016,INV7793484,ELEMERA,P166334,2,15.6636,31.3272,36,13.470696,26.941392,4.385808
11/17/2016,INV7793484,ELEMERA,P660682,2,6.8229,13.6458,36,5.867694,11.735388,1.910412
11/17/2016,INV7793484,ELEMERA,P315997,1,17.1855,17.1855,36,14.77953,14.77953,2.40597
11/17/2016,INV7793484,ELEMERA,P965332,1,27.2403,27.2403,36,23.426658,23.426658,3.813642
8/12/2016,INV7793291,ELEMERA,P405890,2,89.433,178.866,36,76.91238,153.82476,25.04124
1/31/2017,INV7792966,ELEMERA,P405890,4,89.433,357.732,36,76.91238,307.64952,50.08248
1/31/2017,INV7792966,ELEMERA,P155900,2,62.0559,124.1118,36,53.368074,106.736148,17.375652
1/31/2017,INV7792966,ELEMERA,P155900,2,62.0559,124.1118,36,53.368074,106.736148,17.375652
1/31/2017,INV7792966,ELEMERA,P423659,6,44.2548,265.5288,36,38.059128,228.354768,37.174032
1/31/2017,INV7792966,ELEMERA,P423659,2,44.2548,88.5096,36,38.059128,76.118256,12.391344
1/2/2017,INV7792946,ELEMERA,P405890,1,89.433,89.433,36,76.91238,76.91238,12.52062
1/2/2017,INV7792946,ELEMERA,P404389,1,20.3832,20.3832,36,17.529552,17.529552,2.853648
1/2/2017,INV7792946,ELEMERA,P404389,1,20.3832,20.3832,36,17.529552,17.529552,2.853648
1/2/2017,INV7792946,ELEMERA,P255767,1,21.717,21.717,36,18.67662,18.67662,3.04038
1/2/2017,INV7792946,ELEMERA,P255767,1,21.717,21.717,36,18.67662,18.67662,3.04038
1/2/2017,INV7792946,ELEMERA,P493724,1,333.45,333.45,36,286.767,286.767,46.683
1/2/2017,INV7792946,ELEMERA,P883496,1,116.3313,116.3313,36,100.044918,100.044918,16.286382
3/14/2017,INV7792531,ELEMERA,P405890,1,89.433,89.433,36,76.91238,76.91238,12.52062
3/14/2017,INV7792531,ELEMERA,P253339,4,247.95,991.8,36,213.237,852.948,138.852
3/14/2017,INV7792531,ELEMERA,P753309,2,17.8011,35.6022,36,15.308946,30.617892,4.984308
3/14/2017,INV7792531,ELEMERA,P860046,2,3.8817,7.7634,36,3.338262,6.676524,1.086876
3/14/2017,INV7792531,ELEMERA,P896509,1,11.6793,11.6793,36,10.044198,10.044198,1.635102
3/14/2017,INV7792531,ELEMERA,P924249,2,7.8831,15.7662,36,6.779466,13.558932,2.207268
3/14/2017,INV7792531,ELEMERA,P536652,1,3.762,3.762,36,3.23532,3.23532,0.52668
3/14/2017,INV7792531,ELEMERA,P134927,1,3.2319,3.2319,36,2.779434,2.779434,0.452466
3/14/2017,INV7792531,ELEMERA,P332506,2,3.3858,6.7716,36,2.911788,5.823576,0.948024
3/14/2017,INV7792531,ELEMERA,P994166,1,21.2382,21.2382,36,18.264852,18.264852,2.973348
3/14/2017,INV7792531,ELEMERA,P504551,1,3.762,3.762,36,3.23532,3.23532,0.52668
3/14/2017,INV7792531,ELEMERA,P107912,3,9.0117,27.0351,36,7.750062,23.250186,3.784914
3/14/2017,INV7792531,ELEMERA,P384305,1,63.8856,63.8856,36,54.941616,54.941616,8.943984
12/4/2017,INV7792197,ELEMERA,P405890,1,89.433,89.433,36,76.91238,76.91238,12.52062
6/26/2017,INV7791393,ELEMERA,P405890,1,89.433,89.433,36,76.91238,76.91238,12.52062
6/7/2017,INV7791278,ELEMERA,P405890,1,89.433,89.433,36,76.91238,76.91238,12.52062
6/7/2017,INV7791278,ELEMERA,P253339,2,213.75,427.5,36,183.825,367.65,59.85
6/7/2017,INV7791278,ELEMERA,P489329,1,649.8,649.8,36,558.828,558.828,90.972
6/7/2017,INV7791278,ELEMERA,P231532,1,17.0658,17.0658,36,14.676588,14.676588,2.389212
6/7/2017,INV7791278,ELEMERA,P125459,1,251.4213,251.4213,36,216.222318,216.222318,35.198982
6/10/2017,INV7790342,ELEMERA,P405890,2,89.433,178.866,36,76.91238,153.82476,25.04124
6/10/2017,INV7790342,ELEMERA,P335034,1,0.8721,0.8721,36,0.750006,0.750006,0.122094
6/10/2017,INV7790342,ELEMERA,P922808,1,0.7524,0.7524,36,0.647064,0.647064,0.105336
6/10/2017,INV7790342,ELEMERA,P336992,1,1.5903,1.5903,36,1.367658,1.367658,0.222642
6/10/2017,INV7790342,ELEMERA,P981084,1,23.1363,23.1363,36,19.897218,19.897218,3.239082
6/10/2017,INV7790342,ELEMERA,P700890,1,26.334,26.334,36,22.64724,22.64724,3.68676
6/10/2017,INV7790342,ELEMERA,P356232,1,24.7095,24.7095,36,21.25017,21.25017,3.45933
6/10/2017,INV7790342,ELEMERA,P349109,1,22.6233,22.6233,36,19.456038,19.456038,3.167262
11/10/2017,INV7790289,ELEMERA,P405890,6,89.433,536.598,36,76.91238,461.47428,75.12372
11/10/2017,INV7790289,ELEMERA,P405890,6,89.433,536.598,36,76.91238,461.47428,75.12372
10/13/2017,INV7790265,ELEMERA,P405890,1,89.433,89.433,36,76.91238,76.91238,12.52062
5/1/2018,INV7789468,ELEMERA,P405890,2,89.433,178.866,36,76.91238,153.82476,25.04124
8/3/2018,INV7788742,ELEMERA,P405890,1,89.433,89.433,36,76.91238,76.91238,12.52062
8/3/2018,INV7788742,ELEMERA,P915648,1,91.3311,91.3311,36,78.544746,78.544746,12.786354
4/30/2018,INV7788165,ELEMERA,P405890,6,89.433,536.598,36,76.91238,461.47428,75.12372
4/30/2018,INV7788165,ELEMERA,P760848,6,22.4352,134.6112,36,19.294272,115.765632,18.845568
6/8/2018,INV7786934,ELEMERA,P405890,1,89.433,89.433,36,76.91238,76.91238,12.52062
8/27/2018,INV7786587,ELEMERA,P405890,4,89.433,357.732,36,76.91238,307.64952,50.08248
8/27/2018,INV7786587,ELEMERA,P253339,8,247.95,1983.6,36,213.237,1705.896,277.704
8/27/2018,INV7786587,ELEMERA,P994166,3,27.3087,81.9261,36,23.485482,70.456446,11.469654
8/27/2018,INV7786587,ELEMERA,P529450,2,1093.7331,2187.4662,36,940.610466,1881.220932,306.245268
8/27/2018,INV7786587,ELEMERA,P125459,1,251.4213,251.4213,36,216.222318,216.222318,35.198982
11/9/2018,INV7786385,ELEMERA,P405890,2,89.433,178.866,36,76.91238,153.82476,25.04124
11/9/2018,INV7786385,ELEMERA,P141269,1,27.6165,27.6165,36,23.75019,23.75019,3.86631
10/30/2018,INV7785666,ELEMERA,P405890,3,89.433,268.299,36,76.91238,230.73714,37.56186
10/30/2018,INV7785666,ELEMERA,P405890,1,89.433,89.433,36,76.91238,76.91238,12.52062
10/30/2018,INV7785666,ELEMERA,P991727,2,38.4579,76.9158,36,33.073794,66.147588,10.768212
10/30/2018,INV7785666,ELEMERA,P529450,1,939.303,939.303,36,807.80058,807.80058,131.50242
2/22/2019,INV7784093,ELEMERA,P405890,6,89.433,536.598,36,76.91238,461.47428,75.12372
2/22/2019,INV7784093,ELEMERA,P493724,4,300.6864,1202.7456,36,258.590304,1034.361216,168.384384
3/15/2019,INV7783764,ELEMERA,P405890,1,89.433,89.433,36,76.91238,76.91238,12.52062
3/15/2019,INV7783764,ELEMERA,P512479,1,176.7969,176.7969,36,152.045334,152.045334,24.751566
3/15/2019,INV7783764,ELEMERA,P574144,2,24.4872,48.9744,36,21.058992,42.117984,6.856416
3/15/2019,INV7783764,ELEMERA,P545912,2,23.0679,46.1358,36,19.838394,39.676788,6.459012
4/1/2010,INV7811694,ELEMERA,P268411,2,39.9285,79.857,36,34.33851,68.67702,11.17998
4/1/2010,INV7811694,ELEMERA,P298234,2,21.6315,43.263,36,18.60309,37.20618,6.05682
4/1/2010,INV7811694,ELEMERA,P161560,1,389.538,389.538,36,335.00268,335.00268,54.53532
2/18/2010,INV7811476,ELEMERA,P268411,4,39.9114,159.6456,36,34.323804,137.295216,22.350384
2/18/2010,INV7811476,ELEMERA,P298234,4,21.6315,86.526,36,18.60309,74.41236,12.11364
2/18/2010,INV7811476,ELEMERA,P974163,4,16.245,64.98,36,13.9707,55.8828,9.0972
2/18/2010,INV7811476,ELEMERA,P204643,4,18.2457,72.9828,36,15.691302,62.765208,10.217592
3/25/2010,INV7811284,ELEMERA,P268411,4,39.9114,159.6456,36,34.323804,137.295216,22.350384
3/25/2010,INV7811284,ELEMERA,P298234,4,21.6315,86.526,36,18.60309,74.41236,12.11364
5/13/2010,INV7811019,ELEMERA,P268411,4,39.9114,159.6456,36,34.323804,137.295216,22.350384
5/13/2010,INV7811019,ELEMERA,P987453,1,34.2,34.2,36,29.412,29.412,4.788
5/13/2010,INV7811019,ELEMERA,P934398,2,24.4701,48.9402,36,21.044286,42.088572,6.851628
5/13/2010,INV7811019,ELEMERA,P720103,20,2.7873,55.746,36,2.397078,47.94156,7.80444
5/25/2010,INV7810962,ELEMERA,P268411,4,39.9114,159.6456,36,34.323804,137.295216,22.350384
5/25/2010,INV7810962,ELEMERA,P298234,4,21.6315,86.526,36,18.60309,74.41236,12.11364
5/25/2010,INV7810962,ELEMERA,P493265,2,31.635,63.27,36,27.2061,54.4122,8.8578
5/25/2010,INV7810962,ELEMERA,P126966,1,161.7489,161.7489,36,139.104054,139.104054,22.644846
5/25/2010,INV7810962,ELEMERA,P890633,2,21.5118,43.0236,36,18.500148,37.000296,6.023304
5/25/2010,INV7810962,ELEMERA,P885686,1,229.2597,229.2597,36,197.163342,197.163342,32.096358
5/25/2010,INV7810962,ELEMERA,P169343,4,22.4694,89.8776,36,19.323684,77.294736,12.582864
5/25/2010,INV7810962,ELEMERA,P589820,2,24.1794,48.3588,36,20.794284,41.588568,6.770232
5/25/2010,INV7810962,ELEMERA,P445191,1,211.2876,211.2876,36,181.707336,181.707336,29.580264
6/15/2010,INV7810818,ELEMERA,P268411,4,39.9114,159.6456,36,34.323804,137.295216,22.350384
6/15/2010,INV7810818,ELEMERA,P298234,4,21.6315,86.526,36,18.60309,74.41236,12.11364
6/15/2010,INV7810818,ELEMERA,P756898,1,163.0485,163.0485,36,140.22171,140.22171,22.82679
6/15/2010,INV7810818,ELEMERA,P257099,1,645.2172,645.2172,36,554.886792,554.886792,90.330408
6/15/2010,INV7810818,ELEMERA,P103025,3,79.4295,238.2885,36,68.30937,204.92811,33.36039
7/30/2010,INV7810554,ELEMERA,P268411,2,39.9114,79.8228,36,34.323804,68.647608,11.175192
7/30/2010,INV7810554,ELEMERA,P298234,2,21.6315,43.263,36,18.60309,37.20618,6.05682
7/30/2010,INV7810553,ELEMERA,P268411,4,39.9114,159.6456,36,34.323804,137.295216,22.350384
7/30/2010,INV7810553,ELEMERA,P298234,8,21.6315,173.052,36,18.60309,148.82472,24.22728
7/30/2010,INV7810553,ELEMERA,P450109,1,50.5134,50.5134,36,43.441524,43.441524,7.071876
7/30/2010,INV7810553,ELEMERA,P930757,3,28.7793,86.3379,36,24.750198,74.250594,12.087306
7/30/2010,INV7810553,ELEMERA,P696398,5,8.3619,41.8095,36,7.191234,35.95617,5.85333
7/10/2010,INV7810108,ELEMERA,P268411,4,39.9114,159.6456,36,34.323804,137.295216,22.350384
7/10/2010,INV7810108,ELEMERA,P974163,4,16.245,64.98,36,13.9707,55.8828,9.0972
7/10/2010,INV7810108,ELEMERA,P441561,4,19.7163,78.8652,36,16.956018,67.824072,11.041128
6/10/2010,INV7810118,ELEMERA,P268411,2,39.9114,79.8228,36,34.323804,68.647608,11.175192
6/10/2010,INV7810118,ELEMERA,P987453,1,34.2,34.2,36,29.412,29.412,4.788
6/10/2010,INV7810118,ELEMERA,P934398,2,24.4701,48.9402,36,21.044286,42.088572,6.851628
6/10/2010,INV7810118,ELEMERA,P241420,5,13.1328,65.664,36,11.294208,56.47104,9.19296
6/10/2010,INV7810118,ELEMERA,P257706,1,9.3366,9.3366,36,8.029476,8.029476,1.307124
6/10/2010,INV7810118,ELEMERA,P753842,1,37.8081,37.8081,36,32.514966,32.514966,5.293134
6/10/2010,INV7810118,ELEMERA,P269505,2,81.5499,163.0998,36,70.132914,140.265828,22.833972
10/27/2010,INV7809963,ELEMERA,P268411,2,39.9114,79.8228,36,34.323804,68.647608,11.175192
10/27/2010,INV7809963,ELEMERA,P298234,2,21.6315,43.263,36,18.60309,37.20618,6.05682
2/18/2011,INV7809357,ELEMERA,P268411,4,39.9114,159.6456,36,34.323804,137.295216,22.350384
2/18/2011,INV7809357,ELEMERA,P298234,2,21.6315,43.263,36,18.60309,37.20618,6.05682
2/24/2011,INV7809325,ELEMERA,P268411,4,39.9114,159.6456,36,34.323804,137.295216,22.350384
2/25/2011,INV7809317,ELEMERA,P268411,2,39.9114,79.8228,36,34.323804,68.647608,11.175192
2/25/2011,INV7809317,ELEMERA,P161560,1,389.538,389.538,36,335.00268,335.00268,54.53532
2/25/2011,INV7809317,ELEMERA,P204643,2,18.2457,36.4914,36,15.691302,31.382604,5.108796
2/25/2011,INV7809317,ELEMERA,P441561,2,19.7163,39.4326,36,16.956018,33.912036,5.520564
2/3/2011,INV7809288,ELEMERA,P268411,4,39.9114,159.6456,36,34.323804,137.295216,22.350384
2/3/2011,INV7809288,ELEMERA,P161560,1,389.538,389.538,36,335.00268,335.00268,54.53532
2/3/2011,INV7809288,ELEMERA,P895105,4,37.8594,151.4376,36,32.559084,130.236336,21.201264
2/3/2011,INV7809288,ELEMERA,P759015,2,164.16,328.32,36,141.1776,282.3552,45.9648
2/3/2011,INV7809288,ELEMERA,P956668,20,7.182,143.64,36,6.17652,123.5304,20.1096
2/3/2011,INV7809288,ELEMERA,P756793,2,156.3111,312.6222,36,134.427546,268.855092,43.767108
2/3/2011,INV7809288,ELEMERA,P138794,1,348.4296,348.4296,36,299.649456,299.649456,48.780144
2/3/2011,INV7809288,ELEMERA,P727479,2,90.117,180.234,36,77.50062,155.00124,25.23276
4/29/2011,INV7808976,ELEMERA,P268411,4,39.9114,159.6456,36,34.323804,137.295216,22.350384
4/29/2011,INV7808976,ELEMERA,P298234,4,21.6315,86.526,36,18.60309,74.41236,12.11364
4/29/2011,INV7808976,ELEMERA,P885686,4,229.2597,917.0388,36,197.163342,788.653368,128.385432
4/29/2011,INV7808976,ELEMERA,P846078,1,11.8161,11.8161,36,10.161846,10.161846,1.654254
4/29/2011,INV7808976,ELEMERA,P428542,1,197.6931,197.6931,36,170.016066,170.016066,27.677034
11/4/2011,INV7809057,ELEMERA,P268411,2,39.9114,79.8228,36,34.323804,68.647608,11.175192
11/4/2011,INV7809057,ELEMERA,P584705,2,24.6924,49.3848,36,21.235464,42.470928,6.913872
11/4/2011,INV7809057,ELEMERA,P863218,2,19.6308,39.2616,36,16.882488,33.764976,5.496624
11/4/2011,INV7809057,ELEMERA,P382086,1,50.5818,50.5818,36,43.500348,43.500348,7.081452
12/5/2011,INV7808863,ELEMERA,P268411,2,39.9114,79.8228,36,34.323804,68.647608,11.175192
12/5/2011,INV7808863,ELEMERA,P161560,1,389.538,389.538,36,335.00268,335.00268,54.53532
2/8/2011,INV7808296,ELEMERA,P268411,2,39.9114,79.8228,36,34.323804,68.647608,11.175192
2/8/2011,INV7808296,ELEMERA,P584705,4,24.6924,98.7696,36,21.235464,84.941856,13.827744
2/8/2011,INV7808296,ELEMERA,P441561,4,19.7163,78.8652,36,16.956018,67.824072,11.041128
2/8/2011,INV7808296,ELEMERA,P371159,1,75.5649,75.5649,36,64.985814,64.985814,10.579086
2/8/2011,INV7808296,ELEMERA,P358170,1,14.1246,14.1246,36,12.147156,12.147156,1.977444
4/8/2011,INV7808256,ELEMERA,P268411,2,39.9114,79.8228,36,34.323804,68.647608,11.175192
4/8/2011,INV7808256,ELEMERA,P298234,2,21.6315,43.263,36,18.60309,37.20618,6.05682
8/8/2011,INV7808224,ELEMERA,P268411,6,39.9114,239.4684,36,34.323804,205.942824,33.525576
8/8/2011,INV7808224,ELEMERA,P441561,6,19.7163,118.2978,36,16.956018,101.736108,16.561692
8/8/2011,INV7808222,ELEMERA,P268411,6,39.9114,239.4684,36,34.323804,205.942824,33.525576
8/8/2011,INV7808222,ELEMERA,P441561,6,19.7163,118.2978,36,16.956018,101.736108,16.561692
12/8/2011,INV7808187,ELEMERA,P268411,2,39.9114,79.8228,36,34.323804,68.647608,11.175192
12/8/2011,INV7808187,ELEMERA,P974163,2,16.245,32.49,36,13.9707,27.9414,4.5486
12/8/2011,INV7808187,ELEMERA,P590319,1,1466.3763,1466.3763,36,1261.083618,1261.083618,205.292682
12/8/2011,INV7808187,ELEMERA,P441561,2,19.7163,39.4326,36,16.956018,33.912036,5.520564
12/8/2011,INV7808187,ELEMERA,P808105,1,197.2656,197.2656,36,169.648416,169.648416,27.617184
8/18/2011,INV7808156,ELEMERA,P268411,2,39.9114,79.8228,36,34.323804,68.647608,11.175192
8/18/2011,INV7808156,ELEMERA,P344743,20,1.9665,39.33,36,1.69119,33.8238,5.5062
8/18/2011,INV7808156,ELEMERA,P441561,2,19.7163,39.4326,36,16.956018,33.912036,5.520564
8/30/2011,INV7808070,ELEMERA,P268411,2,39.9114,79.8228,36,34.323804,68.647608,11.175192
8/30/2011,INV7808070,ELEMERA,P204643,4,18.2457,72.9828,36,15.691302,62.765208,10.217592
8/30/2011,INV7808070,ELEMERA,P441561,2,19.7163,39.4326,36,16.956018,33.912036,5.520564
8/30/2011,INV7808070,ELEMERA,P386697,1,46.9737,46.9737,36,40.397382,40.397382,6.576318
11/23/2011,INV7807546,ELEMERA,P268411,4,39.9114,159.6456,36,34.323804,137.295216,22.350384
11/24/2011,INV7807537,ELEMERA,P268411,2,39.9114,79.8228,36,34.323804,68.647608,11.175192
11/24/2011,INV7807537,ELEMERA,P204643,2,18.2457,36.4914,36,15.691302,31.382604,5.108796
11/24/2011,INV7807537,ELEMERA,P441561,4,19.7163,78.8652,36,16.956018,67.824072,11.041128
6/1/2012,INV7807320,ELEMERA,P268411,1,39.9114,39.9114,36,34.323804,34.323804,5.587596
6/1/2012,INV7807320,ELEMERA,P161560,1,389.538,389.538,36,335.00268,335.00268,54.53532
9/1/2012,INV7807316,ELEMERA,P268411,1,39.9114,39.9114,36,34.323804,34.323804,5.587596
2/20/2012,INV7807038,ELEMERA,P268411,2,41.9121,83.8242,36,36.044406,72.088812,11.735388
2/20/2012,INV7807038,ELEMERA,P161560,1,409.0149,409.0149,36,351.752814,351.752814,57.262086
2/20/2012,INV7807038,ELEMERA,P859453,2,61.5429,123.0858,36,52.926894,105.853788,17.232012
4/23/2012,INV7806629,ELEMERA,P268411,4,41.9121,167.6484,36,36.044406,144.177624,23.470776
4/23/2012,INV7806629,ELEMERA,P441561,4,15.2532,61.0128,36,13.117752,52.471008,8.541792
4/23/2012,INV7806629,ELEMERA,P255425,1,44.1693,44.1693,36,37.985598,37.985598,6.183702
10/5/2012,INV7806532,ELEMERA,P268411,6,41.9121,251.4726,36,36.044406,216.266436,35.206164
10/5/2012,INV7806532,ELEMERA,P759015,1,106.875,106.875,36,91.9125,91.9125,14.9625
10/5/2012,INV7806532,ELEMERA,P441561,6,15.2532,91.5192,36,13.117752,78.706512,12.812688
7/18/2012,INV7806069,ELEMERA,P268411,2,41.9121,83.8242,36,36.044406,72.088812,11.735388
7/18/2012,INV7806069,ELEMERA,P161560,1,296.4969,296.4969,36,254.987334,254.987334,41.509566
7/18/2012,INV7806069,ELEMERA,P934398,2,15.8175,31.635,36,13.60305,27.2061,4.4289
7/18/2012,INV7806069,ELEMERA,P878902,4,24.3333,97.3332,36,20.926638,83.706552,13.626648
7/18/2012,INV7806069,ELEMERA,P441561,8,15.2532,122.0256,36,13.117752,104.942016,17.083584
8/24/2012,INV7805823,ELEMERA,P268411,1,41.9121,41.9121,36,36.044406,36.044406,5.867694
8/24/2012,INV7805823,ELEMERA,P441561,1,15.2532,15.2532,36,13.117752,13.117752,2.135448
3/10/2012,INV7805557,ELEMERA,P268411,4,41.9121,167.6484,36,36.044406,144.177624,23.470776
3/10/2012,INV7805557,ELEMERA,P441561,4,15.2532,61.0128,36,13.117752,52.471008,8.541792
10/16/2012,INV7805469,ELEMERA,P268411,4,41.9121,167.6484,36,36.044406,144.177624,23.470776
10/16/2012,INV7805469,ELEMERA,P441561,4,15.2532,61.0128,36,13.117752,52.471008,8.541792
2/13/2013,INV7804797,ELEMERA,P268411,4,41.9121,167.6484,36,36.044406,144.177624,23.470776
2/13/2013,INV7804797,ELEMERA,P161560,1,296.4969,296.4969,36,254.987334,254.987334,41.509566
2/13/2013,INV7804797,ELEMERA,P441561,4,15.2532,61.0128,36,13.117752,52.471008,8.541792
2/20/2013,INV7804743,ELEMERA,P268411,4,41.9121,167.6484,36,36.044406,144.177624,23.470776
2/20/2013,INV7804743,ELEMERA,P584705,2,17.5617,35.1234,36,15.103062,30.206124,4.917276
2/20/2013,INV7804743,ELEMERA,P441561,4,15.2532,61.0128,36,13.117752,52.471008,8.541792
2/20/2013,INV7804740,ELEMERA,P268411,4,41.9121,167.6484,36,36.044406,144.177624,23.470776
2/20/2013,INV7804740,ELEMERA,P584705,2,17.5617,35.1234,36,15.103062,30.206124,4.917276
2/20/2013,INV7804740,ELEMERA,P441561,4,15.2532,61.0128,36,13.117752,52.471008,8.541792
6/3/2013,INV7804635,ELEMERA,P268411,8,41.9121,335.2968,36,36.044406,288.355248,46.941552
6/3/2013,INV7804635,ELEMERA,P161560,2,296.4969,592.9938,36,254.987334,509.974668,83.019132
6/3/2013,INV7804635,ELEMERA,P974163,8,17.0658,136.5264,36,14.676588,117.412704,19.113696
6/3/2013,INV7804635,ELEMERA,P701026,16,2.5308,40.4928,36,2.176488,34.823808,5.668992
6/3/2013,INV7804635,ELEMERA,P496294,16,0.9234,14.7744,36,0.794124,12.705984,2.068416
6/3/2013,INV7804635,ELEMERA,P138794,2,265.1868,530.3736,36,228.060648,456.121296,74.252304
3/21/2013,INV7804532,ELEMERA,P268411,8,41.9121,335.2968,36,36.044406,288.355248,46.941552
3/21/2013,INV7804532,ELEMERA,P441561,8,15.2532,122.0256,36,13.117752,104.942016,17.083584
10/4/2013,INV7804424,ELEMERA,P268411,4,41.9121,167.6484,36,36.044406,144.177624,23.470776
10/4/2013,INV7804424,ELEMERA,P441561,4,15.2532,61.0128,36,13.117752,52.471008,8.541792
4/22/2013,INV7804351,ELEMERA,P268411,1,41.9121,41.9121,36,36.044406,36.044406,5.867694
4/22/2013,INV7804351,ELEMERA,P441561,1,15.2532,15.2532,36,13.117752,13.117752,2.135448
7/5/2013,INV7804259,ELEMERA,P268411,1,41.9121,41.9121,36,36.044406,36.044406,5.867694
7/5/2013,INV7804259,ELEMERA,P441561,1,15.2532,15.2532,36,13.117752,13.117752,2.135448
5/27/2013,INV7804116,ELEMERA,P268411,4,41.9121,167.6484,36,36.044406,144.177624,23.470776
5/27/2013,INV7804116,ELEMERA,P268411,4,41.9121,167.6484,36,36.044406,144.177624,23.470776
5/27/2013,INV7804116,ELEMERA,P994166,1,20.3148,20.3148,36,17.470728,17.470728,2.844072
5/27/2013,INV7804116,ELEMERA,P907453,1,45.8109,45.8109,36,39.397374,39.397374,6.413526
5/27/2013,INV7804116,ELEMERA,P335051,1,2.9925,2.9925,36,2.57355,2.57355,0.41895
5/27/2013,INV7804116,ELEMERA,P441561,4,15.2532,61.0128,36,13.117752,52.471008,8.541792
5/27/2013,INV7804116,ELEMERA,P441561,4,15.2532,61.0128,36,13.117752,52.471008,8.541792
5/27/2013,INV7804116,ELEMERA,P489573,1,2.4282,2.4282,36,2.088252,2.088252,0.339948
5/27/2013,INV7804116,ELEMERA,P927563,3,8.3277,24.9831,36,7.161822,21.485466,3.497634
5/27/2013,INV7804116,ELEMERA,P927563,3,8.3277,24.9831,36,7.161822,21.485466,3.497634
5/27/2013,INV7804116,ELEMERA,P582295,1,85.1409,85.1409,36,73.221174,73.221174,11.919726
7/6/2013,INV7804030,ELEMERA,P268411,4,41.9121,167.6484,36,36.044406,144.177624,23.470776
7/6/2013,INV7804030,ELEMERA,P161560,1,296.4969,296.4969,36,254.987334,254.987334,41.509566
7/6/2013,INV7804030,ELEMERA,P138794,1,265.1868,265.1868,36,228.060648,228.060648,37.126152
9/7/2013,INV7803817,ELEMERA,P268411,4,41.9121,167.6484,36,36.044406,144.177624,23.470776
9/7/2013,INV7803817,ELEMERA,P441561,2,15.2532,30.5064,36,13.117752,26.235504,4.270896
9/7/2013,INV7803817,ELEMERA,P138794,1,265.1868,265.1868,36,228.060648,228.060648,37.126152
7/22/2013,INV7803696,ELEMERA,P268411,2,41.9121,83.8242,36,36.044406,72.088812,11.735388
7/22/2013,INV7803696,ELEMERA,P161560,1,296.4969,296.4969,36,254.987334,254.987334,41.509566
7/25/2013,INV7803655,ELEMERA,P268411,2,41.9121,83.8242,36,36.044406,72.088812,11.735388
7/25/2013,INV7803655,ELEMERA,P126966,1,169.8372,169.8372,36,146.059992,146.059992,23.777208
7/25/2013,INV7803655,ELEMERA,P418615,1,20.8962,20.8962,36,17.970732,17.970732,2.925468
7/25/2013,INV7803655,ELEMERA,P522756,1,21.888,21.888,36,18.82368,18.82368,3.06432
7/25/2013,INV7803655,ELEMERA,P290129,1,2.8386,2.8386,36,2.441196,2.441196,0.397404
7/25/2013,INV7803655,ELEMERA,P263092,1,8.0883,8.0883,36,6.955938,6.955938,1.132362
7/25/2013,INV7803655,ELEMERA,P441561,2,15.2532,30.5064,36,13.117752,26.235504,4.270896
7/25/2013,INV7803655,ELEMERA,P374127,1,150.6852,150.6852,36,129.589272,129.589272,21.095928
7/25/2013,INV7803655,ELEMERA,P127695,1,45.2808,45.2808,36,38.941488,38.941488,6.339312
7/25/2013,INV7803655,ELEMERA,P580829,1,56.9259,56.9259,36,48.956274,48.956274,7.969626
7/26/2013,INV7803644,ELEMERA,P268411,2,41.9121,83.8242,36,36.044406,72.088812,11.735388
7/26/2013,INV7803644,ELEMERA,P126966,1,169.8372,169.8372,36,146.059992,146.059992,23.777208
7/26/2013,INV7803644,ELEMERA,P418615,1,20.8962,20.8962,36,17.970732,17.970732,2.925468
7/26/2013,INV7803644,ELEMERA,P522756,1,21.888,21.888,36,18.82368,18.82368,3.06432
7/26/2013,INV7803644,ELEMERA,P290129,1,2.8386,2.8386,36,2.441196,2.441196,0.397404
7/26/2013,INV7803644,ELEMERA,P263092,1,8.0883,8.0883,36,6.955938,6.955938,1.132362
7/26/2013,INV7803644,ELEMERA,P441561,2,15.2532,30.5064,36,13.117752,26.235504,4.270896
7/26/2013,INV7803644,ELEMERA,P374127,1,150.6852,150.6852,36,129.589272,129.589272,21.095928
7/26/2013,INV7803644,ELEMERA,P127695,1,45.2808,45.2808,36,38.941488,38.941488,6.339312
7/26/2013,INV7803644,ELEMERA,P580829,1,56.9259,56.9259,36,48.956274,48.956274,7.969626
11/9/2013,INV7803311,ELEMERA,P268411,4,41.9121,167.6484,36,36.044406,144.177624,23.470776
11/9/2013,INV7803311,ELEMERA,P930757,2,30.1986,60.3972,36,25.970796,51.941592,8.455608
11/9/2013,INV7803311,ELEMERA,P584705,2,25.3935,50.787,36,21.83841,43.67682,7.11018
11/9/2013,INV7803311,ELEMERA,P187536,2,11.3886,22.7772,36,9.794196,19.588392,3.188808
11/9/2013,INV7803311,ELEMERA,P878902,2,24.3333,48.6666,36,20.926638,41.853276,6.813324
11/9/2013,INV7803311,ELEMERA,P382086,2,53.1126,106.2252,36,45.676836,91.353672,14.871528
11/9/2013,INV7803311,ELEMERA,P441561,8,15.2532,122.0256,36,13.117752,104.942016,17.083584
9/17/2013,INV7803269,ELEMERA,P268411,4,41.9121,167.6484,36,36.044406,144.177624,23.470776
9/17/2013,INV7803269,ELEMERA,P161560,1,463.2732,463.2732,36,398.414952,398.414952,64.858248
9/17/2013,INV7803269,ELEMERA,P204643,4,19.152,76.608,36,16.47072,65.88288,10.72512
9/17/2013,INV7803269,ELEMERA,P705374,2,17.0316,34.0632,36,14.647176,29.294352,4.768848
9/17/2013,INV7803269,ELEMERA,P441561,4,15.2532,61.0128,36,13.117752,52.471008,8.541792
9/17/2013,INV7803269,ELEMERA,P158839,2,25.8894,51.7788,36,22.264884,44.529768,7.249032
10/23/2013,INV7803071,ELEMERA,P268411,4,41.9121,167.6484,36,36.044406,144.177624,23.470776
10/23/2013,INV7803071,ELEMERA,P204643,4,19.152,76.608,36,16.47072,65.88288,10.72512
10/23/2013,INV7803071,ELEMERA,P441561,4,15.2532,61.0128,36,13.117752,52.471008,8.541792
11/27/2013,INV7802854,ELEMERA,P268411,4,41.9121,167.6484,36,36.044406,144.177624,23.470776
11/27/2013,INV7802854,ELEMERA,P527141,4,52.5654,210.2616,36,45.206244,180.824976,29.436624
11/27/2013,INV7802854,ELEMERA,P240300,1,33.4476,33.4476,36,28.764936,28.764936,4.682664
12/18/2013,INV7802717,ELEMERA,P268411,1,41.9121,41.9121,36,36.044406,36.044406,5.867694
12/18/2013,INV7802717,ELEMERA,P571501,1,480.9204,480.9204,36,413.591544,413.591544,67.328856
1/21/2014,INV7802581,ELEMERA,P268411,4,67.1175,268.47,36,57.72105,230.8842,37.5858
1/21/2014,INV7802581,ELEMERA,P514983,1,150.309,150.309,36,129.26574,129.26574,21.04326
1/21/2014,INV7802581,ELEMERA,P441561,4,24.4188,97.6752,36,21.000168,84.000672,13.674528
1/21/2014,INV7802581,ELEMERA,P396500,1,155.0457,155.0457,36,133.339302,133.339302,21.706398
1/24/2014,INV7802556,ELEMERA,P268411,4,42.9552,171.8208,36,36.941472,147.765888,24.054912
1/24/2014,INV7802556,ELEMERA,P514983,1,96.2046,96.2046,36,82.735956,82.735956,13.468644
1/24/2014,INV7802556,ELEMERA,P441561,4,15.6294,62.5176,36,13.441284,53.765136,8.752464
1/24/2014,INV7802556,ELEMERA,P396500,1,99.2313,99.2313,36,85.338918,85.338918,13.892382
6/2/2014,INV7802473,ELEMERA,P268411,8,42.9552,343.6416,36,36.941472,295.531776,48.109824
6/2/2014,INV7802473,ELEMERA,P441561,8,15.6294,125.0352,36,13.441284,107.530272,17.504928
2/19/2014,INV7802374,ELEMERA,P268411,4,42.9552,171.8208,36,36.941472,147.765888,24.054912
2/4/2014,INV7802087,ELEMERA,P268411,4,42.9552,171.8208,36,36.941472,147.765888,24.054912
2/4/2014,INV7802087,ELEMERA,P441561,4,15.6294,62.5176,36,13.441284,53.765136,8.752464
2/4/2014,INV7802087,ELEMERA,P356444,2,50.8041,101.6082,36,43.691526,87.383052,14.225148
9/4/2014,INV7802041,ELEMERA,P268411,2,42.9552,85.9104,36,36.941472,73.882944,12.027456
9/4/2014,INV7802041,ELEMERA,P206343,1,6.2928,6.2928,36,5.411808,5.411808,0.880992
9/4/2014,INV7802041,ELEMERA,P715622,4,3.9501,15.8004,36,3.397086,13.588344,2.212056
9/4/2014,INV7802041,ELEMERA,P161758,1,13.7997,13.7997,36,11.867742,11.867742,1.931958
9/4/2014,INV7802041,ELEMERA,P580990,1,6.3783,6.3783,36,5.485338,5.485338,0.892962
9/4/2014,INV7802041,ELEMERA,P907453,1,46.9566,46.9566,36,40.382676,40.382676,6.573924
9/4/2014,INV7802041,ELEMERA,P907453,1,46.9566,46.9566,36,40.382676,40.382676,6.573924
9/4/2014,INV7802041,ELEMERA,P688021,4,3.078,12.312,36,2.64708,10.58832,1.72368
9/4/2014,INV7802041,ELEMERA,P607504,2,3.2319,6.4638,36,2.779434,5.558868,0.904932
9/4/2014,INV7802041,ELEMERA,P653412,1,7.4898,7.4898,36,6.441228,6.441228,1.048572
9/4/2014,INV7802041,ELEMERA,P834374,4,3.5055,14.022,36,3.01473,12.05892,1.96308
9/4/2014,INV7802041,ELEMERA,P187862,1,7.5411,7.5411,36,6.485346,6.485346,1.055754
9/4/2014,INV7802041,ELEMERA,P917252,1,901.5633,901.5633,36,775.344438,775.344438,126.218862
9/4/2014,INV7802041,ELEMERA,P832046,1,120.3156,120.3156,36,103.471416,103.471416,16.844184
9/4/2014,INV7802041,ELEMERA,P342609,1,3.078,3.078,36,2.64708,2.64708,0.43092
9/4/2014,INV7802041,ELEMERA,P404004,2,6.3954,12.7908,36,5.500044,11.000088,1.790712
9/4/2014,INV7802041,ELEMERA,P574783,1,68.8446,68.8446,36,59.206356,59.206356,9.638244
9/4/2014,INV7802041,ELEMERA,P441561,2,15.6294,31.2588,36,13.441284,26.882568,4.376232
9/4/2014,INV7802041,ELEMERA,P429700,1,3.4542,3.4542,36,2.970612,2.970612,0.483588
9/4/2014,INV7802041,ELEMERA,P388770,2,26.8983,53.7966,36,23.132538,46.265076,7.531524
9/4/2014,INV7802041,ELEMERA,P375374,16,1.2483,19.9728,36,1.073538,17.176608,2.796192
9/4/2014,INV7802041,ELEMERA,P557080,2,73.1538,146.3076,36,62.912268,125.824536,20.483064
9/4/2014,INV7802041,ELEMERA,P192445,1,985.815,985.815,36,847.8009,847.8009,138.0141
4/22/2014,INV7801980,ELEMERA,P268411,2,42.9552,85.9104,36,36.941472,73.882944,12.027456
4/22/2014,INV7801980,ELEMERA,P138794,1,271.8216,271.8216,36,233.766576,233.766576,38.055024
5/19/2014,INV7801815,ELEMERA,P268411,1,42.9552,42.9552,36,36.941472,36.941472,6.013728
5/19/2014,INV7801815,ELEMERA,P161560,1,303.9012,303.9012,36,261.355032,261.355032,42.546168
5/19/2014,INV7801815,ELEMERA,P907453,1,46.9566,46.9566,36,40.382676,40.382676,6.573924
6/6/2014,INV7801681,ELEMERA,P268411,4,42.9552,171.8208,36,36.941472,147.765888,24.054912
6/6/2014,INV7801681,ELEMERA,P890633,1,35.4996,35.4996,36,30.529656,30.529656,4.969944
6/6/2014,INV7801681,ELEMERA,P974163,6,17.4933,104.9598,36,15.044238,90.265428,14.694372
6/6/2014,INV7801681,ELEMERA,P204643,4,19.6308,78.5232,36,16.882488,67.529952,10.993248
6/6/2014,INV7801681,ELEMERA,P441561,4,15.6294,62.5176,36,13.441284,53.765136,8.752464
6/6/2014,INV7801681,ELEMERA,P663489,4,1.9494,7.7976,36,1.676484,6.705936,1.091664
6/6/2014,INV7801681,ELEMERA,P929423,4,8.6697,34.6788,36,7.455942,29.823768,4.855032
1/7/2014,INV7801500,ELEMERA,P268411,4,42.9552,171.8208,36,36.941472,147.765888,24.054912
1/7/2014,INV7801500,ELEMERA,P344743,16,12.4146,198.6336,36,10.676556,170.824896,27.808704
1/7/2014,INV7801500,ELEMERA,P974163,6,17.4933,104.9598,36,15.044238,90.265428,14.694372
1/7/2014,INV7801500,ELEMERA,P204643,4,19.6308,78.5232,36,16.882488,67.529952,10.993248
1/7/2014,INV7801500,ELEMERA,P705374,2,17.4591,34.9182,36,15.014826,30.029652,4.888548
1/7/2014,INV7801500,ELEMERA,P441561,4,15.6294,62.5176,36,13.441284,53.765136,8.752464
1/7/2014,INV7801500,ELEMERA,P663489,4,1.9494,7.7976,36,1.676484,6.705936,1.091664
1/7/2014,INV7801500,ELEMERA,P158839,1,26.5221,26.5221,36,22.809006,22.809006,3.713094
7/22/2014,INV7801328,ELEMERA,P268411,4,42.9552,171.8208,36,36.941472,147.765888,24.054912
7/22/2014,INV7801328,ELEMERA,P489329,1,683.9829,683.9829,36,588.225294,588.225294,95.757606
7/22/2014,INV7801328,ELEMERA,P974163,4,17.4933,69.9732,36,15.044238,60.176952,9.796248
7/22/2014,INV7801328,ELEMERA,P833775,2,9.9351,19.8702,36,8.544186,17.088372,2.781828
7/22/2014,INV7801328,ELEMERA,P441561,4,15.6294,62.5176,36,13.441284,53.765136,8.752464
12/18/2014,INV7800198,ELEMERA,P268411,4,42.9552,171.8208,36,36.941472,147.765888,24.054912
12/18/2014,INV7800198,ELEMERA,P161560,1,303.9012,303.9012,36,261.355032,261.355032,42.546168
6/2/2015,INV7799954,ELEMERA,P268411,4,42.9552,171.8208,36,36.941472,147.765888,24.054912
6/2/2015,INV7799954,ELEMERA,P344743,15,12.4146,186.219,36,10.676556,160.14834,26.07066
6/2/2015,INV7799954,ELEMERA,P441561,4,15.6294,62.5176,36,13.441284,53.765136,8.752464
2/13/2015,INV7799894,ELEMERA,P268411,4,42.9552,171.8208,36,36.941472,147.765888,24.054912
2/13/2015,INV7799894,ELEMERA,P161560,1,388.9908,388.9908,36,334.532088,334.532088,54.458712
2/13/2015,INV7799894,ELEMERA,P780787,4,32.49,129.96,36,27.9414,111.7656,18.1944
2/13/2015,INV7799894,ELEMERA,P138794,1,388.9908,388.9908,36,334.532088,334.532088,54.458712
3/3/2015,INV7799773,ELEMERA,P268411,1,42.9552,42.9552,36,36.941472,36.941472,6.013728
3/3/2015,INV7799773,ELEMERA,P161560,1,388.9908,388.9908,36,334.532088,334.532088,54.458712
3/3/2015,INV7799773,ELEMERA,P759015,1,135.5517,135.5517,36,116.574462,116.574462,18.977238
3/3/2015,INV7799773,ELEMERA,P974163,2,17.4933,34.9866,36,15.044238,30.088476,4.898124
3/3/2015,INV7799773,ELEMERA,P204643,2,19.6308,39.2616,36,16.882488,33.764976,5.496624
3/3/2015,INV7799773,ELEMERA,P441561,2,15.6294,31.2588,36,13.441284,26.882568,4.376232
3/19/2015,INV7799645,ELEMERA,P268411,4,42.9552,171.8208,36,36.941472,147.765888,24.054912
3/19/2015,INV7799645,ELEMERA,P204643,4,19.6308,78.5232,36,16.882488,67.529952,10.993248
3/19/2015,INV7799645,ELEMERA,P701026,8,5.985,47.88,36,5.1471,41.1768,6.7032
3/19/2015,INV7799645,ELEMERA,P496294,8,0.9576,7.6608,36,0.823536,6.588288,1.072512
3/19/2015,INV7799645,ELEMERA,P705374,2,17.4591,34.9182,36,15.014826,30.029652,4.888548
3/19/2015,INV7799645,ELEMERA,P441561,4,15.6294,62.5176,36,13.441284,53.765136,8.752464
3/19/2015,INV7799645,ELEMERA,P168052,2,1.368,2.736,36,1.17648,2.35296,0.38304
3/19/2015,INV7799645,ELEMERA,P339227,2,52.2405,104.481,36,44.92683,89.85366,14.62734
8/24/2015,INV7798196,ELEMERA,P268411,4,42.9552,171.8208,36,36.941472,147.765888,24.054912
8/24/2015,INV7798196,ELEMERA,P441561,4,15.6294,62.5176,36,13.441284,53.765136,8.752464
8/9/2015,INV7798037,ELEMERA,P268411,4,42.9552,171.8208,36,36.941472,147.765888,24.054912
8/9/2015,INV7798037,ELEMERA,P204643,4,19.6308,78.5232,36,16.882488,67.529952,10.993248
8/9/2015,INV7798037,ELEMERA,P705374,2,17.4591,34.9182,36,15.014826,30.029652,4.888548
8/9/2015,INV7798037,ELEMERA,P441561,4,15.6294,62.5176,36,13.441284,53.765136,8.752464
8/9/2015,INV7798037,ELEMERA,P168052,4,0.2394,0.9576,36,0.205884,0.823536,0.134064
8/9/2015,INV7798037,ELEMERA,P158839,2,26.5221,53.0442,36,22.809006,45.618012,7.426188
10/9/2015,INV7797997,ELEMERA,P268411,1,42.9552,42.9552,36,36.941472,36.941472,6.013728
10/9/2015,INV7797997,ELEMERA,P860046,1,3.8817,3.8817,36,3.338262,3.338262,0.543438
10/9/2015,INV7797997,ELEMERA,P956668,10,5.5575,55.575,36,4.77945,47.7945,7.7805
10/9/2015,INV7797997,ELEMERA,P934398,1,10.2087,10.2087,36,8.779482,8.779482,1.429218
10/9/2015,INV7797997,ELEMERA,P321238,1,6.2073,6.2073,36,5.338278,5.338278,0.869022
10/9/2015,INV7797997,ELEMERA,P321238,2,6.2073,12.4146,36,5.338278,10.676556,1.738044
10/9/2015,INV7797997,ELEMERA,P825805,1,2.5137,2.5137,36,2.161782,2.161782,0.351918
10/9/2015,INV7797997,ELEMERA,P326712,1,3.762,3.762,36,3.23532,3.23532,0.52668
10/9/2015,INV7797997,ELEMERA,P326712,1,3.762,3.762,36,3.23532,3.23532,0.52668
10/9/2015,INV7797997,ELEMERA,P326712,2,3.762,7.524,36,3.23532,6.47064,1.05336
10/9/2015,INV7797997,ELEMERA,P896509,1,11.6793,11.6793,36,10.044198,10.044198,1.635102
10/9/2015,INV7797997,ELEMERA,P994554,1,9.0117,9.0117,36,7.750062,7.750062,1.261638
10/9/2015,INV7797997,ELEMERA,P536652,1,3.762,3.762,36,3.23532,3.23532,0.52668
10/9/2015,INV7797997,ELEMERA,P536652,1,3.762,3.762,36,3.23532,3.23532,0.52668
10/9/2015,INV7797997,ELEMERA,P715622,1,3.9501,3.9501,36,3.397086,3.397086,0.553014
10/9/2015,INV7797997,ELEMERA,P332506,1,3.3858,3.3858,36,2.911788,2.911788,0.474012
10/9/2015,INV7797997,ELEMERA,P517396,1,3.762,3.762,36,3.23532,3.23532,0.52668
10/9/2015,INV7797997,ELEMERA,P749767,1,3.2319,3.2319,36,2.779434,2.779434,0.452466
10/9/2015,INV7797997,ELEMERA,P371535,1,22.9995,22.9995,36,19.77957,19.77957,3.21993
10/9/2015,INV7797997,ELEMERA,P941359,1,3.762,3.762,36,3.23532,3.23532,0.52668
10/9/2015,INV7797997,ELEMERA,P589067,1,55.3527,55.3527,36,47.603322,47.603322,7.749378
10/9/2015,INV7797997,ELEMERA,P107912,2,9.0117,18.0234,36,7.750062,15.500124,2.523276
10/9/2015,INV7797997,ELEMERA,P712405,1,3.2319,3.2319,36,2.779434,2.779434,0.452466
10/9/2015,INV7797997,ELEMERA,P441561,1,15.6294,15.6294,36,13.441284,13.441284,2.188116
10/9/2015,INV7797997,ELEMERA,P970548,10,5.9679,59.679,36,5.132394,51.32394,8.35506
10/9/2015,INV7797997,ELEMERA,P524240,1,55.5408,55.5408,36,47.765088,47.765088,7.775712
3/11/2015,INV7797425,ELEMERA,P268411,4,42.9552,171.8208,36,36.941472,147.765888,24.054912
3/11/2015,INV7797425,ELEMERA,P441561,4,15.6294,62.5176,36,13.441284,53.765136,8.752464
6/11/2015,INV7797363,ELEMERA,P268411,4,42.9552,171.8208,36,36.941472,147.765888,24.054912
6/11/2015,INV7797363,ELEMERA,P886783,3,4.0185,12.0555,36,3.45591,10.36773,1.68777
6/11/2015,INV7797363,ELEMERA,P161758,1,13.7997,13.7997,36,11.867742,11.867742,1.931958
6/11/2015,INV7797363,ELEMERA,P441561,4,15.6294,62.5176,36,13.441284,53.765136,8.752464
3/12/2015,INV7797035,ELEMERA,P268411,1,42.9552,42.9552,36,36.941472,36.941472,6.013728
3/12/2015,INV7797035,ELEMERA,P994166,2,20.8107,41.6214,36,17.897202,35.794404,5.826996
12/15/2015,INV7796880,ELEMERA,P268411,1,42.9552,42.9552,36,36.941472,36.941472,6.013728
12/15/2015,INV7796880,ELEMERA,P404282,1,3.3858,3.3858,36,2.911788,2.911788,0.474012
12/15/2015,INV7796880,ELEMERA,P253339,1,247.95,247.95,36,213.237,213.237,34.713
12/15/2015,INV7796880,ELEMERA,P759015,1,135.5517,135.5517,36,116.574462,116.574462,18.977238
12/15/2015,INV7796880,ELEMERA,P753309,1,17.8011,17.8011,36,15.308946,15.308946,2.492154
12/15/2015,INV7796880,ELEMERA,P956668,1,5.5575,5.5575,36,4.77945,4.77945,0.77805
12/15/2015,INV7796880,ELEMERA,P956668,1,5.5575,5.5575,36,4.77945,4.77945,0.77805
12/15/2015,INV7796880,ELEMERA,P956668,1,5.5575,5.5575,36,4.77945,4.77945,0.77805
12/15/2015,INV7796880,ELEMERA,P956668,1,5.5575,5.5575,36,4.77945,4.77945,0.77805
12/15/2015,INV7796880,ELEMERA,P450109,1,54.3609,54.3609,36,46.750374,46.750374,7.610526
12/15/2015,INV7796880,ELEMERA,P321238,2,6.2073,12.4146,36,5.338278,10.676556,1.738044
12/15/2015,INV7796880,ELEMERA,P896509,1,11.6793,11.6793,36,10.044198,10.044198,1.635102
12/15/2015,INV7796880,ELEMERA,P994554,1,9.0117,9.0117,36,7.750062,7.750062,1.261638
12/15/2015,INV7796880,ELEMERA,P715622,1,3.9501,3.9501,36,3.397086,3.397086,0.553014
12/15/2015,INV7796880,ELEMERA,P765543,1,59.6448,59.6448,36,51.294528,51.294528,8.350272
12/15/2015,INV7796880,ELEMERA,P488198,10,3.0609,30.609,36,2.632374,26.32374,4.28526
12/15/2015,INV7796880,ELEMERA,P488198,1,3.0609,3.0609,36,2.632374,2.632374,0.428526
12/15/2015,INV7796880,ELEMERA,P488198,2,3.0609,6.1218,36,2.632374,5.264748,0.857052
12/15/2015,INV7796880,ELEMERA,P187536,4,11.6793,46.7172,36,10.044198,40.176792,6.540408
12/15/2015,INV7796880,ELEMERA,P994166,1,20.8107,20.8107,36,17.897202,17.897202,2.913498
12/15/2015,INV7796880,ELEMERA,P920669,2,0.2394,0.4788,36,0.205884,0.411768,0.067032
12/15/2015,INV7796880,ELEMERA,P512075,2,41.9634,83.9268,36,36.088524,72.177048,11.749752
12/15/2015,INV7796880,ELEMERA,P105280,2,0.2907,0.5814,36,0.250002,0.500004,0.081396
12/15/2015,INV7796880,ELEMERA,P468132,2,4.0014,8.0028,36,3.441204,6.882408,1.120392
12/15/2015,INV7796880,ELEMERA,P941359,1,3.762,3.762,36,3.23532,3.23532,0.52668
12/15/2015,INV7796880,ELEMERA,P187862,1,7.5411,7.5411,36,6.485346,6.485346,1.055754
12/15/2015,INV7796880,ELEMERA,P349691,1,20.7252,20.7252,36,17.823672,17.823672,2.901528
12/15/2015,INV7796880,ELEMERA,P290129,1,2.907,2.907,36,2.50002,2.50002,0.40698
12/15/2015,INV7796880,ELEMERA,P107912,1,9.0117,9.0117,36,7.750062,7.750062,1.261638
12/15/2015,INV7796880,ELEMERA,P107912,1,9.0117,9.0117,36,7.750062,7.750062,1.261638
12/15/2015,INV7796880,ELEMERA,P936920,1,73.7352,73.7352,36,63.412272,63.412272,10.322928
12/15/2015,INV7796880,ELEMERA,P231532,1,17.0658,17.0658,36,14.676588,14.676588,2.389212
12/15/2015,INV7796880,ELEMERA,P615711,1,10.431,10.431,36,8.97066,8.97066,1.46034
12/15/2015,INV7796880,ELEMERA,P615711,1,10.431,10.431,36,8.97066,8.97066,1.46034
12/15/2015,INV7796880,ELEMERA,P481588,2,0.6327,1.2654,36,0.544122,1.088244,0.177156
12/15/2015,INV7796880,ELEMERA,P441561,2,15.6294,31.2588,36,13.441284,26.882568,4.376232
12/15/2015,INV7796880,ELEMERA,P441561,4,15.6294,62.5176,36,13.441284,53.765136,8.752464
12/15/2015,INV7796880,ELEMERA,P350627,2,221.8383,443.6766,36,190.780938,381.561876,62.114724
12/15/2015,INV7796880,ELEMERA,P350627,4,221.8383,887.3532,36,190.780938,763.123752,124.229448
12/15/2015,INV7796880,ELEMERA,P350627,4,221.8383,887.3532,36,190.780938,763.123752,124.229448
12/15/2015,INV7796880,ELEMERA,P350627,2,221.8383,443.6766,36,190.780938,381.561876,62.114724
12/15/2015,INV7796880,ELEMERA,P837281,1,6.6006,6.6006,36,5.676516,5.676516,0.924084
12/15/2015,INV7796880,ELEMERA,P996462,4,0.6156,2.4624,36,0.529416,2.117664,0.344736
12/15/2015,INV7796880,ELEMERA,P504847,2,111.6801,223.3602,36,96.044886,192.089772,31.270428
12/15/2015,INV7796880,ELEMERA,P234284,2,3.762,7.524,36,3.23532,6.47064,1.05336
12/15/2015,INV7796880,ELEMERA,P596181,1,255.3543,255.3543,36,219.604698,219.604698,35.749602
12/15/2015,INV7796880,ELEMERA,P671865,1,51.5052,51.5052,36,44.294472,44.294472,7.210728
12/15/2015,INV7796880,ELEMERA,P798629,5,7.1136,35.568,36,6.117696,30.58848,4.97952
12/15/2015,INV7796880,ELEMERA,P970548,1,5.9679,5.9679,36,5.132394,5.132394,0.835506
12/15/2015,INV7796880,ELEMERA,P646262,1,23.8203,23.8203,36,20.485458,20.485458,3.334842
12/15/2015,INV7796880,ELEMERA,P646262,1,23.8203,23.8203,36,20.485458,20.485458,3.334842
12/15/2015,INV7796880,ELEMERA,P113192,1,50.787,50.787,36,43.67682,43.67682,7.11018
12/15/2015,INV7796880,ELEMERA,P221562,4,7.5582,30.2328,36,6.500052,26.000208,4.232592
12/15/2015,INV7796880,ELEMERA,P350116,2,0.9405,1.881,36,0.80883,1.61766,0.26334
12/15/2015,INV7796880,ELEMERA,P155878,2,48.4614,96.9228,36,41.676804,83.353608,13.569192
12/15/2015,INV7796880,ELEMERA,P797413,1,72.675,72.675,36,62.5005,62.5005,10.1745
12/15/2015,INV7796880,ELEMERA,P811975,2,0.3249,0.6498,36,0.279414,0.558828,0.090972
9/12/2015,INV7796952,ELEMERA,P268411,4,42.9552,171.8208,36,36.941472,147.765888,24.054912
9/12/2015,INV7796952,ELEMERA,P161560,1,434.9043,434.9043,36,374.017698,374.017698,60.886602
9/12/2015,INV7796952,ELEMERA,P974163,4,17.4933,69.9732,36,15.044238,60.176952,9.796248
9/12/2015,INV7796952,ELEMERA,P701026,8,6.5835,52.668,36,5.66181,45.29448,7.37352
9/12/2015,INV7796952,ELEMERA,P496294,20,0.9576,19.152,36,0.823536,16.47072,2.68128
9/12/2015,INV7796952,ELEMERA,P138794,1,431.4159,431.4159,36,371.017674,371.017674,60.398226
9/12/2015,INV7796952,ELEMERA,P663489,10,2.8557,28.557,36,2.455902,24.55902,3.99798
1/27/2016,INV7796496,ELEMERA,P268411,4,42.9552,171.8208,36,36.941472,147.765888,24.054912
1/27/2016,INV7796496,ELEMERA,P204643,4,19.6308,78.5232,36,16.882488,67.529952,10.993248
1/27/2016,INV7796496,ELEMERA,P441561,4,15.6294,62.5176,36,13.441284,53.765136,8.752464
1/27/2016,INV7796496,ELEMERA,P582295,2,87.2613,174.5226,36,75.044718,150.089436,24.433164
2/18/2016,INV7796224,ELEMERA,P268411,4,42.9552,171.8208,36,36.941472,147.765888,24.054912
2/18/2016,INV7796224,ELEMERA,P204643,4,19.6308,78.5232,36,16.882488,67.529952,10.993248
2/18/2016,INV7796224,ELEMERA,P441561,4,15.6294,62.5176,36,13.441284,53.765136,8.752464
10/3/2016,INV7795929,ELEMERA,P268411,4,42.9552,171.8208,36,36.941472,147.765888,24.054912
10/3/2016,INV7795929,ELEMERA,P161560,1,434.9043,434.9043,36,374.017698,374.017698,60.886602
10/3/2016,INV7795929,ELEMERA,P138794,1,431.4159,431.4159,36,371.017674,371.017674,60.398226
9/28/2016,INV7793968,ELEMERA,P268411,4,42.9552,171.8208,36,36.941472,147.765888,24.054912
9/28/2016,INV7793968,ELEMERA,P389008,2,45.2808,90.5616,36,38.941488,77.882976,12.678624
9/28/2016,INV7793968,ELEMERA,P513283,4,54.9423,219.7692,36,47.250378,189.001512,30.767688
2/11/2016,INV7793642,ELEMERA,P268411,4,42.9552,171.8208,36,36.941472,147.765888,24.054912
2/11/2016,INV7793642,ELEMERA,P161560,1,434.9043,434.9043,36,374.017698,374.017698,60.886602
2/11/2016,INV7793642,ELEMERA,P138794,1,431.4159,431.4159,36,371.017674,371.017674,60.398226
4/11/2016,INV7793614,ELEMERA,P268411,4,42.9552,171.8208,36,36.941472,147.765888,24.054912
4/11/2016,INV7793614,ELEMERA,P886783,2,4.0185,8.037,36,3.45591,6.91182,1.12518
4/11/2016,INV7793614,ELEMERA,P344743,20,16.6212,332.424,36,14.294232,285.88464,46.53936
4/11/2016,INV7793614,ELEMERA,P441561,4,15.6294,62.5176,36,13.441284,53.765136,8.752464
11/18/2016,INV7793471,ELEMERA,P268411,4,42.9552,171.8208,36,36.941472,147.765888,24.054912
11/18/2016,INV7793471,ELEMERA,P441561,4,15.6294,62.5176,36,13.441284,53.765136,8.752464
5/12/2016,INV7793333,ELEMERA,P268411,4,42.9552,171.8208,36,36.941472,147.765888,24.054912
5/12/2016,INV7793333,ELEMERA,P441561,4,15.6294,62.5176,36,13.441284,53.765136,8.752464
1/25/2017,INV7792991,ELEMERA,P268411,4,42.9552,171.8208,36,36.941472,147.765888,24.054912
1/25/2017,INV7792991,ELEMERA,P161560,1,434.9043,434.9043,36,374.017698,374.017698,60.886602
1/25/2017,INV7792991,ELEMERA,P705374,2,26.6589,53.3178,36,22.926654,45.853308,7.464492
1/25/2017,INV7792991,ELEMERA,P138794,1,431.4159,431.4159,36,371.017674,371.017674,60.398226
1/25/2017,INV7792991,ELEMERA,P929423,1,34.7985,34.7985,36,29.92671,29.92671,4.87179
3/31/2017,INV7792335,ELEMERA,P268411,4,42.9552,171.8208,36,36.941472,147.765888,24.054912
3/31/2017,INV7792335,ELEMERA,P274726,1,2155.2327,2155.2327,36,1853.500122,1853.500122,301.732578
3/31/2017,INV7792335,ELEMERA,P441561,4,15.6294,62.5176,36,13.441284,53.765136,8.752464
5/31/2017,INV7791694,ELEMERA,P268411,4,42.9552,171.8208,36,36.941472,147.765888,24.054912
5/31/2017,INV7791694,ELEMERA,P441561,4,15.6294,62.5176,36,13.441284,53.765136,8.752464
7/18/2017,INV7791157,ELEMERA,P268411,2,42.9552,85.9104,36,36.941472,73.882944,12.027456
7/18/2017,INV7791157,ELEMERA,P161560,1,434.9043,434.9043,36,374.017698,374.017698,60.886602
7/18/2017,INV7791157,ELEMERA,P974163,2,17.4933,34.9866,36,15.044238,30.088476,4.898124
7/18/2017,INV7791157,ELEMERA,P441561,6,15.6294,93.7764,36,13.441284,80.647704,13.128696
5/9/2017,INV7790655,ELEMERA,P268411,4,42.9552,171.8208,36,36.941472,147.765888,24.054912
5/9/2017,INV7790655,ELEMERA,P441561,4,15.6294,62.5176,36,13.441284,53.765136,8.752464
5/9/2017,INV7790647,ELEMERA,P268411,4,42.9552,171.8208,36,36.941472,147.765888,24.054912
5/9/2017,INV7790647,ELEMERA,P765543,3,59.6448,178.9344,36,51.294528,153.883584,25.050816
5/9/2017,INV7790647,ELEMERA,P441561,4,15.6294,62.5176,36,13.441284,53.765136,8.752464
9/20/2017,INV7790505,ELEMERA,P268411,4,42.9552,171.8208,36,36.941472,147.765888,24.054912
9/20/2017,INV7790505,ELEMERA,P161560,1,434.9043,434.9043,36,374.017698,374.017698,60.886602
9/20/2017,INV7790505,ELEMERA,P138794,1,431.4159,431.4159,36,371.017674,371.017674,60.398226
9/22/2017,INV7790471,ELEMERA,P268411,2,42.9552,85.9104,36,36.941472,73.882944,12.027456
9/22/2017,INV7790471,ELEMERA,P161560,1,434.9043,434.9043,36,374.017698,374.017698,60.886602
10/18/2017,INV7790222,ELEMERA,P268411,4,42.9552,171.8208,36,36.941472,147.765888,24.054912
10/18/2017,INV7790222,ELEMERA,P441561,4,15.6294,62.5176,36,13.441284,53.765136,8.752464
10/24/2017,INV7790156,ELEMERA,P268411,2,42.9552,85.9104,36,36.941472,73.882944,12.027456
10/24/2017,INV7790156,ELEMERA,P907453,1,32.0796,32.0796,36,27.588456,27.588456,4.491144
10/24/2017,INV7790156,ELEMERA,P441561,2,15.6294,31.2588,36,13.441284,26.882568,4.376232
10/26/2017,INV7790120,ELEMERA,P268411,4,42.9552,171.8208,36,36.941472,147.765888,24.054912
10/26/2017,INV7790120,ELEMERA,P441561,4,15.6294,62.5176,36,13.441284,53.765136,8.752464
10/26/2017,INV7790120,ELEMERA,P915648,1,91.3311,91.3311,36,78.544746,78.544746,12.786354
1/11/2017,INV7790076,ELEMERA,P268411,2,42.9552,85.9104,36,36.941472,73.882944,12.027456
1/11/2017,INV7790076,ELEMERA,P204643,8,19.6308,157.0464,36,16.882488,135.059904,21.986496
1/11/2017,INV7790076,ELEMERA,P441561,4,15.6294,62.5176,36,13.441284,53.765136,8.752464
1/11/2017,INV7790076,ELEMERA,P108221,4,8.9604,35.8416,36,7.705944,30.823776,5.017824
6/11/2017,INV7790013,ELEMERA,P268411,4,42.9552,171.8208,36,36.941472,147.765888,24.054912
6/11/2017,INV7790013,ELEMERA,P204643,4,19.6308,78.5232,36,16.882488,67.529952,10.993248
6/11/2017,INV7790013,ELEMERA,P907453,2,34.9353,69.8706,36,30.044358,60.088716,9.781884
6/11/2017,INV7790013,ELEMERA,P705374,2,26.6589,53.3178,36,22.926654,45.853308,7.464492
6/11/2017,INV7790013,ELEMERA,P441561,4,15.6294,62.5176,36,13.441284,53.765136,8.752464
6/11/2017,INV7790013,ELEMERA,P168052,2,0.2394,0.4788,36,0.205884,0.411768,0.067032
12/12/2017,INV7789625,ELEMERA,P268411,4,42.9552,171.8208,36,36.941472,147.765888,24.054912
12/12/2017,INV7789625,ELEMERA,P441561,4,15.6294,62.5176,36,13.441284,53.765136,8.752464
2/27/2018,INV7788872,ELEMERA,P268411,4,42.9552,171.8208,36,36.941472,147.765888,24.054912
2/27/2018,INV7788872,ELEMERA,P161560,1,434.9043,434.9043,36,374.017698,374.017698,60.886602
2/27/2018,INV7788872,ELEMERA,P956668,20,5.5575,111.15,36,4.77945,95.589,15.561
2/27/2018,INV7788872,ELEMERA,P617285,1,615.3435,615.3435,36,529.19541,529.19541,86.14809
2/27/2018,INV7788872,ELEMERA,P489573,1,44.5113,44.5113,36,38.279718,38.279718,6.231582
2/27/2018,INV7788872,ELEMERA,P489573,1,44.5113,44.5113,36,38.279718,38.279718,6.231582
2/27/2018,INV7788872,ELEMERA,P357456,6,1.5048,9.0288,36,1.294128,7.764768,1.264032
2/27/2018,INV7788872,ELEMERA,P125656,10,0.342,3.42,36,0.29412,2.9412,0.4788
2/27/2018,INV7788872,ELEMERA,P532829,10,0.342,3.42,36,0.29412,2.9412,0.4788
9/2/2018,INV7789101,ELEMERA,P268411,1,42.9552,42.9552,36,36.941472,36.941472,6.013728
9/2/2018,INV7789101,ELEMERA,P161560,1,434.9043,434.9043,36,374.017698,374.017698,60.886602
3/13/2018,INV7788701,ELEMERA,P268411,4,42.9552,171.8208,36,36.941472,147.765888,24.054912
3/13/2018,INV7788701,ELEMERA,P441561,4,15.6294,62.5176,36,13.441284,53.765136,8.752464
5/17/2018,INV7787963,ELEMERA,P268411,4,42.9552,171.8208,36,36.941472,147.765888,24.054912
5/17/2018,INV7787963,ELEMERA,P441561,4,15.6294,62.5176,36,13.441284,53.765136,8.752464
5/17/2018,INV7787963,ELEMERA,P915648,1,91.3311,91.3311,36,78.544746,78.544746,12.786354
5/30/2018,INV7787788,ELEMERA,P268411,2,42.9552,85.9104,36,36.941472,73.882944,12.027456
5/30/2018,INV7787788,ELEMERA,P759015,1,163.305,163.305,36,140.4423,140.4423,22.8627
5/30/2018,INV7787788,ELEMERA,P886783,4,4.0185,16.074,36,3.45591,13.82364,2.25036
5/30/2018,INV7787788,ELEMERA,P441561,4,15.6294,62.5176,36,13.441284,53.765136,8.752464
5/30/2018,INV7787788,ELEMERA,P663489,4,2.8557,11.4228,36,2.455902,9.823608,1.599192
6/18/2018,INV7787613,ELEMERA,P268411,4,42.9552,171.8208,36,36.941472,147.765888,24.054912
6/18/2018,INV7787613,ELEMERA,P705374,2,26.6589,53.3178,36,22.926654,45.853308,7.464492
6/18/2018,INV7787613,ELEMERA,P473599,2,37.3977,74.7954,36,32.162022,64.324044,10.471356
6/28/2018,INV7787480,ELEMERA,P268411,4,42.9552,171.8208,36,36.941472,147.765888,24.054912
6/28/2018,INV7787480,ELEMERA,P161560,1,434.9043,434.9043,36,374.017698,374.017698,60.886602
6/28/2018,INV7787480,ELEMERA,P138794,1,431.4159,431.4159,36,371.017674,371.017674,60.398226
6/28/2018,INV7787480,ELEMERA,P754843,1,507.8871,507.8871,36,436.782906,436.782906,71.104194
7/25/2018,INV7787106,ELEMERA,P268411,4,42.9552,171.8208,36,36.941472,147.765888,24.054912
7/25/2018,INV7787106,ELEMERA,P204643,4,19.6308,78.5232,36,16.882488,67.529952,10.993248
7/25/2018,INV7787106,ELEMERA,P441561,4,15.6294,62.5176,36,13.441284,53.765136,8.752464
4/9/2018,INV7786483,ELEMERA,P268411,2,42.9552,85.9104,36,36.941472,73.882944,12.027456
4/9/2018,INV7786483,ELEMERA,P441561,6,15.6294,93.7764,36,13.441284,80.647704,13.128696
1/16/2019,INV7784684,ELEMERA,P268411,4,32.3532,129.4128,36,27.823752,111.295008,18.117792
1/16/2019,INV7784684,ELEMERA,P886989,1,68.3487,68.3487,36,58.779882,58.779882,9.568818
1/16/2019,INV7784684,ELEMERA,P602472,1,15.3729,15.3729,36,13.220694,13.220694,2.152206
1/16/2019,INV7784684,ELEMERA,P204643,2,19.6308,39.2616,36,16.882488,33.764976,5.496624
1/16/2019,INV7784684,ELEMERA,P680371,4,1.9665,7.866,36,1.69119,6.76476,1.10124
1/16/2019,INV7784684,ELEMERA,P296143,1,12.7053,12.7053,36,10.926558,10.926558,1.778742
1/16/2019,INV7784684,ELEMERA,P441561,4,19.0323,76.1292,36,16.367778,65.471112,10.658088
5/2/2019,INV7784402,ELEMERA,P268411,2,32.3532,64.7064,36,27.823752,55.647504,9.058896
5/2/2019,INV7784402,ELEMERA,P956668,20,5.5575,111.15,36,4.77945,95.589,15.561
5/2/2019,INV7784402,ELEMERA,P934398,6,10.2087,61.2522,36,8.779482,52.676892,8.575308
5/2/2019,INV7784402,ELEMERA,P441561,6,19.0323,114.1938,36,16.367778,98.206668,15.987132
2/28/2019,INV7784015,ELEMERA,P268411,4,32.3532,129.4128,36,27.823752,111.295008,18.117792
2/28/2019,INV7784015,ELEMERA,P441561,4,19.0323,76.1292,36,16.367778,65.471112,10.658088
11/6/2019,INV7782546,ELEMERA,P268411,4,34.6104,138.4416,36,29.764944,119.059776,19.381824
11/6/2019,INV7782546,ELEMERA,P204643,4,19.6308,78.5232,36,16.882488,67.529952,10.993248
11/6/2019,INV7782546,ELEMERA,P441561,4,19.0323,76.1292,36,16.367778,65.471112,10.658088
11/6/2019,INV7782546,ELEMERA,P473599,2,37.3977,74.7954,36,32.162022,64.324044,10.471356
6/18/2019,INV7782443,ELEMERA,P268411,4,34.6104,138.4416,36,29.764944,119.059776,19.381824
7/25/2019,INV7781902,ELEMERA,P268411,4,34.6104,138.4416,36,29.764944,119.059776,19.381824
8/13/2019,INV7781651,ELEMERA,P268411,4,34.6104,138.4416,36,29.764944,119.059776,19.381824
8/13/2019,INV7781651,ELEMERA,P204643,4,10.7388,42.9552,36,9.235368,36.941472,6.013728
8/13/2019,INV7781651,ELEMERA,P705374,2,26.6589,53.3178,36,22.926654,45.853308,7.464492
8/13/2019,INV7781651,ELEMERA,P441561,4,19.0323,76.1292,36,16.367778,65.471112,10.658088
8/13/2019,INV7781651,ELEMERA,P663489,4,2.8557,11.4228,36,2.455902,9.823608,1.599192
8/13/2019,INV7781651,ELEMERA,P473599,2,37.3977,74.7954,36,32.162022,64.324044,10.471356
5/15/2020,INV7778743,ELEMERA,P268411,4,22.9824,91.9296,36,19.764864,79.059456,12.870144
6/16/2020,INV7778436,ELEMERA,P268411,4,22.9824,91.9296,36,19.764864,79.059456,12.870144
6/16/2020,INV7778436,ELEMERA,P907453,1,34.9353,34.9353,36,30.044358,30.044358,4.890942
6/16/2020,INV7778436,ELEMERA,P441561,4,19.0323,76.1292,36,16.367778,65.471112,10.658088
11/8/2020,INV7777888,ELEMERA,P268411,2,33.687,67.374,36,28.97082,57.94164,9.43236
11/8/2020,INV7777888,ELEMERA,P974163,2,17.7498,35.4996,36,15.264828,30.529656,4.969944
11/8/2020,INV7777888,ELEMERA,P680371,2,1.9836,3.9672,36,1.705896,3.411792,0.555408
11/8/2020,INV7777888,ELEMERA,P441561,2,19.0323,38.0646,36,16.367778,32.735556,5.329044
11/8/2020,INV7777888,ELEMERA,P250241,2,0.2223,0.4446,36,0.191178,0.382356,0.062244
9/24/2020,INV7777440,ELEMERA,P268411,10,33.687,336.87,36,28.97082,289.7082,47.1618
9/24/2020,INV7777440,ELEMERA,P268411,2,33.687,67.374,36,28.97082,57.94164,9.43236
9/24/2020,INV7777440,ELEMERA,P204643,12,10.9098,130.9176,36,9.382428,112.589136,18.328464
9/24/2020,INV7777440,ELEMERA,P441561,12,19.0323,228.3876,36,16.367778,196.413336,31.974264
1/10/2020,INV7777401,ELEMERA,P268411,4,33.687,134.748,36,28.97082,115.88328,18.86472
1/10/2020,INV7777401,ELEMERA,P441561,4,19.0323,76.1292,36,16.367778,65.471112,10.658088
1/10/2020,INV7777401,ELEMERA,P108221,4,9.9693,39.8772,36,8.573598,34.294392,5.582808
4/19/2010,INV7811174,ELEMERA,P298234,4,21.6315,86.526,36,18.60309,74.41236,12.11364
4/19/2010,INV7811174,ELEMERA,P618382,1,85.7052,85.7052,36,73.706472,73.706472,11.998728
4/19/2010,INV7811174,ELEMERA,P844016,1,70.4349,70.4349,36,60.574014,60.574014,9.860886
4/19/2010,INV7811174,ELEMERA,P656088,6,19.9386,119.6316,36,17.147196,102.883176,16.748424
4/19/2010,INV7811174,ELEMERA,P204643,4,18.2457,72.9828,36,15.691302,62.765208,10.217592
4/19/2010,INV7811174,ELEMERA,P164335,2,1.6587,3.3174,36,1.426482,2.852964,0.464436
4/19/2010,INV7811174,ELEMERA,P680416,4,6.5664,26.2656,36,5.647104,22.588416,3.677184
5/25/2010,INV7810957,ELEMERA,P298234,6,21.6315,129.789,36,18.60309,111.61854,18.17046
7/15/2010,INV7810667,ELEMERA,P298234,4,21.6315,86.526,36,18.60309,74.41236,12.11364
7/15/2010,INV7810667,ELEMERA,P580990,2,5.9337,11.8674,36,5.102982,10.205964,1.661436
7/15/2010,INV7810667,ELEMERA,P688021,4,5.472,21.888,36,4.70592,18.82368,3.06432
7/15/2010,INV7810667,ELEMERA,P653412,2,6.9597,13.9194,36,5.985342,11.970684,1.948716
7/15/2010,INV7810667,ELEMERA,P834374,4,3.249,12.996,36,2.79414,11.17656,1.81944
7/15/2010,INV7810667,ELEMERA,P187862,1,7.011,7.011,36,6.02946,6.02946,0.98154
7/15/2010,INV7810667,ELEMERA,P890017,1,43.6392,43.6392,36,37.529712,37.529712,6.109488
7/15/2010,INV7810667,ELEMERA,P975273,1,13.0131,13.0131,36,11.191266,11.191266,1.821834
7/15/2010,INV7810667,ELEMERA,P275873,1,64.5183,64.5183,36,55.485738,55.485738,9.032562
7/15/2010,INV7810667,ELEMERA,P775657,1,61.218,61.218,36,52.64748,52.64748,8.57052
7/15/2010,INV7810667,ELEMERA,P229313,1,241.2468,241.2468,36,207.472248,207.472248,33.774552
7/30/2010,INV7810555,ELEMERA,P298234,1,21.6315,21.6315,36,18.60309,18.60309,3.02841
3/8/2010,INV7810535,ELEMERA,P298234,1,21.6315,21.6315,36,18.60309,18.60309,3.02841
8/25/2010,INV7810377,ELEMERA,P298234,4,21.6315,86.526,36,18.60309,74.41236,12.11364
8/25/2010,INV7810377,ELEMERA,P223072,1,200.1213,200.1213,36,172.104318,172.104318,28.016982
8/25/2010,INV7810377,ELEMERA,P186830,1,125.8731,125.8731,36,108.250866,108.250866,17.622234
8/25/2010,INV7810377,ELEMERA,P497788,1,295.7445,295.7445,36,254.34027,254.34027,41.40423
8/25/2010,INV7810377,ELEMERA,P735022,2,45.315,90.63,36,38.9709,77.9418,12.6882
8/25/2010,INV7810377,ELEMERA,P320485,1,69.9903,69.9903,36,60.191658,60.191658,9.798642
9/21/2010,INV7810199,ELEMERA,P298234,4,21.6315,86.526,36,18.60309,74.41236,12.11364
9/21/2010,INV7810199,ELEMERA,P298234,4,21.6315,86.526,36,18.60309,74.41236,12.11364
9/21/2010,INV7810199,ELEMERA,P294499,4,14.0049,56.0196,36,12.044214,48.176856,7.842744
9/21/2010,INV7810199,ELEMERA,P590319,1,1466.3763,1466.3763,36,1261.083618,1261.083618,205.292682
10/20/2010,INV7810011,ELEMERA,P298234,4,21.6315,86.526,36,18.60309,74.41236,12.11364
1/12/2010,INV7809776,ELEMERA,P298234,4,21.6315,86.526,36,18.60309,74.41236,12.11364
1/12/2010,INV7809776,ELEMERA,P298234,4,21.6315,86.526,36,18.60309,74.41236,12.11364
1/12/2010,INV7809776,ELEMERA,P294499,2,14.0049,28.0098,36,12.044214,24.088428,3.921372
1/28/2011,INV7809515,ELEMERA,P298234,4,21.6315,86.526,36,18.60309,74.41236,12.11364
1/28/2011,INV7809515,ELEMERA,P204643,4,18.2457,72.9828,36,15.691302,62.765208,10.217592
2/2/2011,INV7809482,ELEMERA,P298234,8,21.6315,173.052,36,18.60309,148.82472,24.22728
2/14/2011,INV7809410,ELEMERA,P298234,8,21.6315,173.052,36,18.60309,148.82472,24.22728
2/14/2011,INV7809410,ELEMERA,P103334,1,2.8386,2.8386,36,2.441196,2.441196,0.397404
2/14/2011,INV7809410,ELEMERA,P639636,1,2.1033,2.1033,36,1.808838,1.808838,0.294462
2/14/2011,INV7809410,ELEMERA,P496294,1,0.8892,0.8892,36,0.764712,0.764712,0.124488
2/14/2011,INV7809410,ELEMERA,P450826,1,5.7627,5.7627,36,4.955922,4.955922,0.806778
2/14/2011,INV7809410,ELEMERA,P314444,1,0.684,0.684,36,0.58824,0.58824,0.09576
2/14/2011,INV7809410,ELEMERA,P554918,1,5.7627,5.7627,36,4.955922,4.955922,0.806778
2/14/2011,INV7809410,ELEMERA,P603149,1,3.2661,3.2661,36,2.808846,2.808846,0.457254
2/14/2011,INV7809410,ELEMERA,P710066,1,17.613,17.613,36,15.14718,15.14718,2.46582
2/14/2011,INV7809410,ELEMERA,P719348,1,7.0965,7.0965,36,6.10299,6.10299,0.99351
2/14/2011,INV7809410,ELEMERA,P638889,1,26.4024,26.4024,36,22.706064,22.706064,3.696336
2/14/2011,INV7809410,ELEMERA,P470833,1,4.7025,4.7025,36,4.04415,4.04415,0.65835
2/14/2011,INV7809410,ELEMERA,P234761,1,282.6459,282.6459,36,243.075474,243.075474,39.570426
8/3/2011,INV7809255,ELEMERA,P298234,8,21.6315,173.052,36,18.60309,148.82472,24.22728
12/16/2010,INV7809680,ELEMERA,P161560,1,389.538,389.538,36,335.00268,335.00268,54.53532
12/16/2010,INV7809680,ELEMERA,P987453,1,34.2,34.2,36,29.412,29.412,4.788
1/17/2011,INV7809578,ELEMERA,P161560,1,389.538,389.538,36,335.00268,335.00268,54.53532
3/28/2011,INV7809134,ELEMERA,P161560,1,389.538,389.538,36,335.00268,335.00268,54.53532
3/28/2011,INV7809134,ELEMERA,P138794,1,348.4296,348.4296,36,299.649456,299.649456,48.780144
2/28/2012,INV7806983,ELEMERA,P161560,1,409.0149,409.0149,36,351.752814,351.752814,57.262086
2/28/2012,INV7806983,ELEMERA,P956668,10,7.5411,75.411,36,6.485346,64.85346,10.55754
2/28/2012,INV7806983,ELEMERA,P974163,6,17.0658,102.3948,36,14.676588,88.059528,14.335272
2/28/2012,INV7806983,ELEMERA,P204643,4,19.152,76.608,36,16.47072,65.88288,10.72512
2/28/2012,INV7806983,ELEMERA,P441561,4,20.7081,82.8324,36,17.808966,71.235864,11.596536
8/20/2012,INV7805855,ELEMERA,P161560,3,296.4969,889.4907,36,254.987334,764.962002,124.528698
8/20/2012,INV7805855,ELEMERA,P987453,1,23.5296,23.5296,36,20.235456,20.235456,3.294144
8/20/2012,INV7805855,ELEMERA,P481621,1,104.31,104.31,36,89.7066,89.7066,14.6034
8/20/2012,INV7805855,ELEMERA,P241420,10,13.7826,137.826,36,11.853036,118.53036,19.29564
8/20/2012,INV7805855,ELEMERA,P700921,1,437.4351,437.4351,36,376.194186,376.194186,61.240914
8/20/2012,INV7805855,ELEMERA,P235649,1,262.8612,262.8612,36,226.060632,226.060632,36.800568
8/20/2012,INV7805855,ELEMERA,P138794,1,265.1868,265.1868,36,228.060648,228.060648,37.126152
11/23/2012,INV7805231,ELEMERA,P161560,1,296.4969,296.4969,36,254.987334,254.987334,41.509566
8/3/2013,INV7804611,ELEMERA,P161560,1,296.4969,296.4969,36,254.987334,254.987334,41.509566
9/5/2013,INV7804234,ELEMERA,P161560,1,296.4969,296.4969,36,254.987334,254.987334,41.509566
9/5/2013,INV7804234,ELEMERA,P974163,2,17.0658,34.1316,36,14.676588,29.353176,4.778424
6/24/2014,INV7801566,ELEMERA,P161560,1,303.9012,303.9012,36,261.355032,261.355032,42.546168
6/24/2014,INV7801566,ELEMERA,P915712,1,65.5956,65.5956,36,56.412216,56.412216,9.183384
6/24/2014,INV7801566,ELEMERA,P886989,1,68.3487,68.3487,36,58.779882,58.779882,9.568818
8/7/2015,INV7798803,ELEMERA,P161560,1,434.9043,434.9043,36,374.017698,374.017698,60.886602
8/7/2015,INV7798803,ELEMERA,P138794,1,431.4159,431.4159,36,371.017674,371.017674,60.398226
9/18/2015,INV7797925,ELEMERA,P161560,1,434.9043,434.9043,36,374.017698,374.017698,60.886602
9/18/2015,INV7797925,ELEMERA,P204643,3,19.6308,58.8924,36,16.882488,50.647464,8.244936
9/18/2015,INV7797925,ELEMERA,P808267,1,21.6315,21.6315,36,18.60309,18.60309,3.02841
9/18/2015,INV7797925,ELEMERA,P441561,4,15.6294,62.5176,36,13.441284,53.765136,8.752464
11/23/2015,INV7797167,ELEMERA,P161560,1,434.9043,434.9043,36,374.017698,374.017698,60.886602
3/31/2016,INV7795734,ELEMERA,P161560,1,434.9043,434.9043,36,374.017698,374.017698,60.886602
9/20/2016,INV7794046,ELEMERA,P161560,1,434.9043,434.9043,36,374.017698,374.017698,60.886602
9/20/2016,INV7794046,ELEMERA,P441561,8,15.6294,125.0352,36,13.441284,107.530272,17.504928
9/20/2016,INV7794046,ELEMERA,P138794,1,431.4159,431.4159,36,371.017674,371.017674,60.398226
4/11/2016,INV7793617,ELEMERA,P161560,1,434.9043,434.9043,36,374.017698,374.017698,60.886602
4/11/2016,INV7793617,ELEMERA,P584705,2,25.3935,50.787,36,21.83841,43.67682,7.11018
4/11/2016,INV7793617,ELEMERA,P138794,1,431.4159,431.4159,36,371.017674,371.017674,60.398226
4/11/2016,INV7793617,ELEMERA,P762394,1,112.1247,112.1247,36,96.427242,96.427242,15.697458
4/11/2016,INV7793617,ELEMERA,P694588,4,14.6889,58.7556,36,12.632454,50.529816,8.225784
4/11/2016,INV7793617,ELEMERA,P718639,2,21.0159,42.0318,36,18.073674,36.147348,5.884452
4/11/2016,INV7793617,ELEMERA,P577820,2,1.3509,2.7018,36,1.161774,2.323548,0.378252
4/11/2016,INV7793617,ELEMERA,P184013,2,65.4588,130.9176,36,56.294568,112.589136,18.328464
12/9/2017,INV7790584,ELEMERA,P161560,1,434.9043,434.9043,36,374.017698,374.017698,60.886602
11/29/2018,INV7785234,ELEMERA,P161560,1,434.9043,434.9043,36,374.017698,374.017698,60.886602
11/29/2018,INV7785234,ELEMERA,P803568,1,956.7108,956.7108,36,822.771288,822.771288,133.939512
11/29/2018,INV7785234,ELEMERA,P821017,2,1782.9486,3565.8972,36,1533.335796,3066.671592,499.225608
11/29/2018,INV7785234,ELEMERA,P142677,2,1782.9486,3565.8972,36,1533.335796,3066.671592,499.225608
7/1/2010,INV7811686,ELEMERA,P679028,1,3.8304,3.8304,36,3.294144,3.294144,0.536256
7/1/2010,INV7811686,ELEMERA,P389700,1,3.1635,3.1635,36,2.72061,2.72061,0.44289
7/1/2010,INV7811686,ELEMERA,P145590,1,1.8126,1.8126,36,1.558836,1.558836,0.253764
7/1/2010,INV7811686,ELEMERA,P336537,1,2.3085,2.3085,36,1.98531,1.98531,0.32319
7/1/2010,INV7811686,ELEMERA,P439016,1,1.8126,1.8126,36,1.558836,1.558836,0.253764
7/1/2010,INV7811686,ELEMERA,P467051,1,1.9323,1.9323,36,1.661778,1.661778,0.270522
7/1/2010,INV7811686,ELEMERA,P171858,1,5.985,5.985,36,5.1471,5.1471,0.8379
7/1/2010,INV7811686,ELEMERA,P309042,1,12.141,12.141,36,10.44126,10.44126,1.69974
7/1/2010,INV7811686,ELEMERA,P854379,1,9.6957,9.6957,36,8.338302,8.338302,1.357398
7/1/2010,INV7811686,ELEMERA,P474152,1,1.9665,1.9665,36,1.69119,1.69119,0.27531
7/1/2010,INV7811686,ELEMERA,P290269,2,10.5336,21.0672,36,9.058896,18.117792,2.949408
7/1/2010,INV7811686,ELEMERA,P954581,2,2.7531,5.5062,36,2.367666,4.735332,0.770868
7/1/2010,INV7811686,ELEMERA,P413949,4,61.1838,244.7352,36,52.618068,210.472272,34.262928
7/1/2010,INV7811686,ELEMERA,P240932,2,75.6162,151.2324,36,65.029932,130.059864,21.172536
7/1/2010,INV7811686,ELEMERA,P848861,1,33.8238,33.8238,36,29.088468,29.088468,4.735332
7/1/2010,INV7811686,ELEMERA,P848861,1,33.8238,33.8238,36,29.088468,29.088468,4.735332
7/1/2010,INV7811686,ELEMERA,P604590,1,2.8044,2.8044,36,2.411784,2.411784,0.392616
7/1/2010,INV7811686,ELEMERA,P485322,1,2.7531,2.7531,36,2.367666,2.367666,0.385434
11/8/2011,INV7808198,ELEMERA,P679028,1,3.8304,3.8304,36,3.294144,3.294144,0.536256
11/8/2011,INV7808198,ELEMERA,P389700,1,3.1635,3.1635,36,2.72061,2.72061,0.44289
11/8/2011,INV7808198,ELEMERA,P439016,1,1.8126,1.8126,36,1.558836,1.558836,0.253764
11/8/2011,INV7808198,ELEMERA,P467051,1,1.9323,1.9323,36,1.661778,1.661778,0.270522
11/8/2011,INV7808198,ELEMERA,P164220,1,46.9737,46.9737,36,40.397382,40.397382,6.576318
11/8/2011,INV7808198,ELEMERA,P195858,1,7.4898,7.4898,36,6.441228,6.441228,1.048572
11/8/2011,INV7808198,ELEMERA,P634919,1,216.4518,216.4518,36,186.148548,186.148548,30.303252
11/8/2011,INV7808198,ELEMERA,P501701,1,1799.9631,1799.9631,36,1547.968266,1547.968266,251.994834
11/8/2011,INV7808198,ELEMERA,P282946,1,272.8134,272.8134,36,234.619524,234.619524,38.193876
11/8/2011,INV7808198,ELEMERA,P958147,1,14.7744,14.7744,36,12.705984,12.705984,2.068416
11/8/2011,INV7808198,ELEMERA,P539231,2,740.7378,1481.4756,36,637.034508,1274.069016,207.406584
11/8/2011,INV7808198,ELEMERA,P504014,1,2.2572,2.2572,36,1.941192,1.941192,0.316008
11/8/2011,INV7808198,ELEMERA,P479780,1,2.4795,2.4795,36,2.13237,2.13237,0.34713
11/8/2011,INV7808198,ELEMERA,P655969,1,104.1903,104.1903,36,89.603658,89.603658,14.586642
11/8/2011,INV7808198,ELEMERA,P888983,1,89.8776,89.8776,36,77.294736,77.294736,12.582864
11/8/2011,INV7808198,ELEMERA,P634046,2,153.5409,307.0818,36,132.045174,264.090348,42.991452
6/9/2011,INV7808037,ELEMERA,P679028,1,3.8304,3.8304,36,3.294144,3.294144,0.536256
6/9/2011,INV7808037,ELEMERA,P389700,1,3.1635,3.1635,36,2.72061,2.72061,0.44289
6/9/2011,INV7808037,ELEMERA,P439016,1,1.8126,1.8126,36,1.558836,1.558836,0.253764
6/9/2011,INV7808037,ELEMERA,P467051,1,1.9323,1.9323,36,1.661778,1.661778,0.270522
6/9/2011,INV7808037,ELEMERA,P195858,1,7.4898,7.4898,36,6.441228,6.441228,1.048572
6/9/2011,INV7808037,ELEMERA,P504014,1,2.2572,2.2572,36,1.941192,1.941192,0.316008
6/9/2011,INV7808037,ELEMERA,P479780,1,2.4795,2.4795,36,2.13237,2.13237,0.34713
9/2/2012,INV7807121,ELEMERA,P679028,2,4.0356,8.0712,36,3.470616,6.941232,1.129968
9/2/2012,INV7807121,ELEMERA,P854379,2,10.1745,20.349,36,8.75007,17.50014,2.84886
8/14/2015,INV7798322,ELEMERA,P679028,1,3.762,3.762,36,3.23532,3.23532,0.52668
8/14/2015,INV7798322,ELEMERA,P485322,1,2.9754,2.9754,36,2.558844,2.558844,0.416556
8/14/2015,INV7798322,ELEMERA,P617811,2,17.6814,35.3628,36,15.206004,30.412008,4.950792
8/14/2015,INV7798322,ELEMERA,P623602,2,22.059,44.118,36,18.97074,37.94148,6.17652
8/14/2015,INV7798322,ELEMERA,P496406,1,49.7781,49.7781,36,42.809166,42.809166,6.968934
8/14/2015,INV7798322,ELEMERA,P327148,2,23.2389,46.4778,36,19.985454,39.970908,6.506892
8/14/2015,INV7798322,ELEMERA,P770621,1,22.4181,22.4181,36,19.279566,19.279566,3.138534
8/14/2015,INV7798322,ELEMERA,P741444,1,25.821,25.821,36,22.20606,22.20606,3.61494
9/16/2015,INV7797959,ELEMERA,P679028,1,3.762,3.762,36,3.23532,3.23532,0.52668
9/16/2015,INV7797959,ELEMERA,P389700,1,3.4029,3.4029,36,2.926494,2.926494,0.476406
9/16/2015,INV7797959,ELEMERA,P145590,1,3.0096,3.0096,36,2.588256,2.588256,0.421344
9/16/2015,INV7797959,ELEMERA,P439016,1,1.9494,1.9494,36,1.676484,1.676484,0.272916
9/16/2015,INV7797959,ELEMERA,P439016,1,1.9494,1.9494,36,1.676484,1.676484,0.272916
9/16/2015,INV7797959,ELEMERA,P467051,1,3.762,3.762,36,3.23532,3.23532,0.52668
9/16/2015,INV7797959,ELEMERA,P171858,5,3.9672,19.836,36,3.411792,17.05896,2.77704
9/16/2015,INV7797959,ELEMERA,P474152,1,2.1204,2.1204,36,1.823544,1.823544,0.296856
9/16/2015,INV7797959,ELEMERA,P848861,1,36.3888,36.3888,36,31.294368,31.294368,5.094432
9/16/2015,INV7797959,ELEMERA,P604590,1,3.762,3.762,36,3.23532,3.23532,0.52668
9/16/2015,INV7797959,ELEMERA,P485322,2,2.9754,5.9508,36,2.558844,5.117688,0.833112
9/16/2015,INV7797959,ELEMERA,P253375,2,136.8171,273.6342,36,117.662706,235.325412,38.308788
9/16/2015,INV7797959,ELEMERA,P489494,2,42.1173,84.2346,36,36.220878,72.441756,11.792844
9/16/2015,INV7797959,ELEMERA,P489494,1,42.1173,42.1173,36,36.220878,36.220878,5.896422
9/16/2015,INV7797959,ELEMERA,P550964,2,94.6485,189.297,36,81.39771,162.79542,26.50158
9/16/2015,INV7797959,ELEMERA,P609260,24,13.509,324.216,36,11.61774,278.82576,45.39024
9/16/2015,INV7797959,ELEMERA,P195858,1,8.0541,8.0541,36,6.926526,6.926526,1.127574
9/16/2015,INV7797959,ELEMERA,P895878,2,9.1143,18.2286,36,7.838298,15.676596,2.552004
9/16/2015,INV7797959,ELEMERA,P388557,2,22.7772,45.5544,36,19.588392,39.176784,6.377616
9/16/2015,INV7797959,ELEMERA,P817199,5,15.1506,75.753,36,13.029516,65.14758,10.60542
9/16/2015,INV7797959,ELEMERA,P802256,1,39.0735,39.0735,36,33.60321,33.60321,5.47029
9/16/2015,INV7797959,ELEMERA,P395496,2,3.4542,6.9084,36,2.970612,5.941224,0.967176
9/16/2015,INV7797959,ELEMERA,P407371,1,195.453,195.453,36,168.08958,168.08958,27.36342
9/16/2015,INV7797959,ELEMERA,P154785,1,1.9494,1.9494,36,1.676484,1.676484,0.272916
9/16/2015,INV7797959,ELEMERA,P289046,1,3.4371,3.4371,36,2.955906,2.955906,0.481194
9/16/2015,INV7797959,ELEMERA,P417859,2,2.1204,4.2408,36,1.823544,3.647088,0.593712
9/16/2015,INV7797958,ELEMERA,P679028,1,3.762,3.762,36,3.23532,3.23532,0.52668
9/16/2015,INV7797958,ELEMERA,P389700,1,3.4029,3.4029,36,2.926494,2.926494,0.476406
9/16/2015,INV7797958,ELEMERA,P145590,1,3.0096,3.0096,36,2.588256,2.588256,0.421344
9/16/2015,INV7797958,ELEMERA,P439016,1,1.9494,1.9494,36,1.676484,1.676484,0.272916
9/16/2015,INV7797958,ELEMERA,P439016,1,1.9494,1.9494,36,1.676484,1.676484,0.272916
9/16/2015,INV7797958,ELEMERA,P467051,1,3.762,3.762,36,3.23532,3.23532,0.52668
9/16/2015,INV7797958,ELEMERA,P171858,5,3.9672,19.836,36,3.411792,17.05896,2.77704
9/16/2015,INV7797958,ELEMERA,P474152,1,2.1204,2.1204,36,1.823544,1.823544,0.296856
9/16/2015,INV7797958,ELEMERA,P848861,1,36.3888,36.3888,36,31.294368,31.294368,5.094432
9/16/2015,INV7797958,ELEMERA,P604590,1,3.762,3.762,36,3.23532,3.23532,0.52668
9/16/2015,INV7797958,ELEMERA,P485322,2,2.9754,5.9508,36,2.558844,5.117688,0.833112
9/16/2015,INV7797958,ELEMERA,P253375,2,136.8171,273.6342,36,117.662706,235.325412,38.308788
9/16/2015,INV7797958,ELEMERA,P489494,2,42.1173,84.2346,36,36.220878,72.441756,11.792844
9/16/2015,INV7797958,ELEMERA,P489494,2,42.1173,84.2346,36,36.220878,72.441756,11.792844
9/16/2015,INV7797958,ELEMERA,P550964,2,94.6485,189.297,36,81.39771,162.79542,26.50158
9/16/2015,INV7797958,ELEMERA,P609260,14,13.509,189.126,36,11.61774,162.64836,26.47764
9/16/2015,INV7797958,ELEMERA,P195858,1,8.0541,8.0541,36,6.926526,6.926526,1.127574
9/16/2015,INV7797958,ELEMERA,P388557,3,22.7772,68.3316,36,19.588392,58.765176,9.566424
9/16/2015,INV7797958,ELEMERA,P817199,4,15.1506,60.6024,36,13.029516,52.118064,8.484336
9/16/2015,INV7797958,ELEMERA,P802256,1,39.0735,39.0735,36,33.60321,33.60321,5.47029
9/16/2015,INV7797958,ELEMERA,P479780,2,2.6676,5.3352,36,2.294136,4.588272,0.746928
9/16/2015,INV7797958,ELEMERA,P407371,1,195.453,195.453,36,168.08958,168.08958,27.36342
9/16/2015,INV7797958,ELEMERA,P154785,1,1.9494,1.9494,36,1.676484,1.676484,0.272916
9/16/2015,INV7797958,ELEMERA,P289046,1,3.4371,3.4371,36,2.955906,2.955906,0.481194
9/16/2015,INV7797958,ELEMERA,P417859,2,2.1204,4.2408,36,1.823544,3.647088,0.593712
10/30/2015,INV7797446,ELEMERA,P679028,1,3.762,3.762,36,3.23532,3.23532,0.52668
10/30/2015,INV7797446,ELEMERA,P336537,1,2.4966,2.4966,36,2.147076,2.147076,0.349524
10/30/2015,INV7797446,ELEMERA,P439016,1,1.9494,1.9494,36,1.676484,1.676484,0.272916
10/30/2015,INV7797446,ELEMERA,P467051,1,3.762,3.762,36,3.23532,3.23532,0.52668
10/30/2015,INV7797446,ELEMERA,P195858,1,8.0541,8.0541,36,6.926526,6.926526,1.127574
10/30/2015,INV7797446,ELEMERA,P504014,1,2.4111,2.4111,36,2.073546,2.073546,0.337554
10/30/2015,INV7797446,ELEMERA,P395496,1,3.4542,3.4542,36,2.970612,2.970612,0.483588
11/27/2015,INV7797101,ELEMERA,P679028,2,3.762,7.524,36,3.23532,6.47064,1.05336
11/27/2015,INV7797101,ELEMERA,P389700,2,3.4029,6.8058,36,2.926494,5.852988,0.952812
11/27/2015,INV7797101,ELEMERA,P145590,2,3.0096,6.0192,36,2.588256,5.176512,0.842688
11/27/2015,INV7797101,ELEMERA,P439016,2,1.9494,3.8988,36,1.676484,3.352968,0.545832
11/27/2015,INV7797101,ELEMERA,P467051,2,3.762,7.524,36,3.23532,6.47064,1.05336
11/27/2015,INV7797101,ELEMERA,P171858,2,3.9672,7.9344,36,3.411792,6.823584,1.110816
11/27/2015,INV7797101,ELEMERA,P854379,2,41.3307,82.6614,36,35.544402,71.088804,11.572596
11/27/2015,INV7797101,ELEMERA,P290269,4,5.0274,20.1096,36,4.323564,17.294256,2.815344
11/27/2015,INV7797101,ELEMERA,P604590,8,3.762,30.096,36,3.23532,25.88256,4.21344
11/27/2015,INV7797101,ELEMERA,P485322,4,2.9754,11.9016,36,2.558844,10.235376,1.666224
11/27/2015,INV7797101,ELEMERA,P496406,1,49.7781,49.7781,36,42.809166,42.809166,6.968934
11/27/2015,INV7797101,ELEMERA,P770621,1,22.4181,22.4181,36,19.279566,19.279566,3.138534
11/27/2015,INV7797101,ELEMERA,P297035,1,97.6923,97.6923,36,84.015378,84.015378,13.676922
11/27/2015,INV7797101,ELEMERA,P816019,1,27.4626,27.4626,36,23.617836,23.617836,3.844764
11/10/2016,INV7793861,ELEMERA,P679028,1,3.762,3.762,36,3.23532,3.23532,0.52668
11/10/2016,INV7793861,ELEMERA,P854379,1,41.3307,41.3307,36,35.544402,35.544402,5.786298
11/10/2016,INV7793861,ELEMERA,P496406,1,56.9088,56.9088,36,48.941568,48.941568,7.967232
11/10/2016,INV7793861,ELEMERA,P348273,1,684.1539,684.1539,36,588.372354,588.372354,95.781546
11/10/2016,INV7793861,ELEMERA,P802256,3,39.0735,117.2205,36,33.60321,100.80963,16.41087
11/10/2016,INV7793861,ELEMERA,P780060,1,189.2799,189.2799,36,162.780714,162.780714,26.499186
11/10/2016,INV7793861,ELEMERA,P204596,1,189.2799,189.2799,36,162.780714,162.780714,26.499186
11/10/2016,INV7793861,ELEMERA,P368477,1,30.5406,30.5406,36,26.264916,26.264916,4.275684
11/10/2016,INV7793861,ELEMERA,P741444,1,25.821,25.821,36,22.20606,22.20606,3.61494
2/17/2017,INV7792786,ELEMERA,P679028,5,3.762,18.81,36,3.23532,16.1766,2.6334
2/17/2017,INV7792786,ELEMERA,P485322,1,2.9754,2.9754,36,2.558844,2.558844,0.416556
2/17/2017,INV7792786,ELEMERA,P195858,1,8.0541,8.0541,36,6.926526,6.926526,1.127574
2/17/2017,INV7792786,ELEMERA,P828357,1,73.3419,73.3419,36,63.074034,63.074034,10.267866
2/17/2017,INV7792786,ELEMERA,P741444,1,25.821,25.821,36,22.20606,22.20606,3.61494
2/17/2017,INV7792786,ELEMERA,P407371,2,195.453,390.906,36,168.08958,336.17916,54.72684
3/22/2017,INV7792441,ELEMERA,P679028,1,3.762,3.762,36,3.23532,3.23532,0.52668
3/22/2017,INV7792441,ELEMERA,P467051,1,3.762,3.762,36,3.23532,3.23532,0.52668
3/22/2017,INV7792441,ELEMERA,P854379,1,41.3307,41.3307,36,35.544402,35.544402,5.786298
3/22/2017,INV7792441,ELEMERA,P485322,2,2.9754,5.9508,36,2.558844,5.117688,0.833112
3/22/2017,INV7792441,ELEMERA,P496406,1,56.9088,56.9088,36,48.941568,48.941568,7.967232
3/22/2017,INV7792441,ELEMERA,P988038,1,835.3521,835.3521,36,718.402806,718.402806,116.949294
3/22/2017,INV7792441,ELEMERA,P770621,1,22.4181,22.4181,36,19.279566,19.279566,3.138534
3/22/2017,INV7792441,ELEMERA,P741444,1,25.821,25.821,36,22.20606,22.20606,3.61494
4/20/2017,INV7792138,ELEMERA,P679028,3,3.762,11.286,36,3.23532,9.70596,1.58004
4/20/2017,INV7792138,ELEMERA,P604590,3,3.762,11.286,36,3.23532,9.70596,1.58004
4/20/2017,INV7792138,ELEMERA,P939365,3,24.0939,72.2817,36,20.720754,62.162262,10.119438
8/29/2017,INV7790739,ELEMERA,P679028,1,3.762,3.762,36,3.23532,3.23532,0.52668
8/29/2017,INV7790739,ELEMERA,P467051,1,3.762,3.762,36,3.23532,3.23532,0.52668
8/29/2017,INV7790739,ELEMERA,P413949,1,65.8692,65.8692,36,56.647512,56.647512,9.221688
8/29/2017,INV7790739,ELEMERA,P240932,2,58.995,117.99,36,50.7357,101.4714,16.5186
8/29/2017,INV7790739,ELEMERA,P485322,2,2.9754,5.9508,36,2.558844,5.117688,0.833112
8/29/2017,INV7790739,ELEMERA,P327148,2,23.2389,46.4778,36,19.985454,39.970908,6.506892
8/29/2017,INV7790739,ELEMERA,P242658,1,9.5247,9.5247,36,8.191242,8.191242,1.333458
8/29/2017,INV7790739,ELEMERA,P546093,2,827.4006,1654.8012,36,711.564516,1423.129032,231.672168
8/29/2017,INV7790739,ELEMERA,P204596,1,189.2799,189.2799,36,162.780714,162.780714,26.499186
8/29/2017,INV7790739,ELEMERA,P988038,1,835.3521,835.3521,36,718.402806,718.402806,116.949294
8/29/2017,INV7790739,ELEMERA,P770621,1,22.4181,22.4181,36,19.279566,19.279566,3.138534
8/29/2017,INV7790739,ELEMERA,P605468,1,301.2336,301.2336,36,259.060896,259.060896,42.172704
11/22/2017,INV7789833,ELEMERA,P679028,18,3.762,67.716,36,3.23532,58.23576,9.48024
11/22/2017,INV7789833,ELEMERA,P467051,30,3.762,112.86,36,3.23532,97.0596,15.8004
11/22/2017,INV7789833,ELEMERA,P485322,20,2.9754,59.508,36,2.558844,51.17688,8.33112
11/22/2017,INV7789833,ELEMERA,P496406,4,56.9088,227.6352,36,48.941568,195.766272,31.868928
11/22/2017,INV7789833,ELEMERA,P327148,3,23.2389,69.7167,36,19.985454,59.956362,9.760338
11/22/2017,INV7789833,ELEMERA,P770621,4,22.4181,89.6724,36,19.279566,77.118264,12.554136
11/22/2017,INV7789833,ELEMERA,P407371,2,195.453,390.906,36,168.08958,336.17916,54.72684
8/17/2018,INV7786741,ELEMERA,P679028,23,3.762,86.526,36,3.23532,74.41236,12.11364
8/17/2018,INV7786741,ELEMERA,P679028,27,3.762,101.574,36,3.23532,87.35364,14.22036
8/17/2018,INV7786741,ELEMERA,P609260,6,13.509,81.054,36,11.61774,69.70644,11.34756
8/17/2018,INV7786741,ELEMERA,P609260,3,13.509,40.527,36,11.61774,34.85322,5.67378
8/17/2018,INV7786741,ELEMERA,P770621,3,22.4181,67.2543,36,19.279566,57.838698,9.415602
8/17/2018,INV7786741,ELEMERA,P741444,3,25.821,77.463,36,22.20606,66.61818,10.84482
8/17/2018,INV7786741,ELEMERA,P741444,3,25.821,77.463,36,22.20606,66.61818,10.84482
3/6/2019,INV7782637,ELEMERA,P679028,1,3.762,3.762,36,3.23532,3.23532,0.52668
3/6/2019,INV7782637,ELEMERA,P389700,1,5.7456,5.7456,36,4.941216,4.941216,0.804384
3/6/2019,INV7782637,ELEMERA,P145590,1,3.0096,3.0096,36,2.588256,2.588256,0.421344
3/6/2019,INV7782637,ELEMERA,P336537,1,2.4966,2.4966,36,2.147076,2.147076,0.349524
3/6/2019,INV7782637,ELEMERA,P439016,1,4.4802,4.4802,36,3.852972,3.852972,0.627228
3/6/2019,INV7782637,ELEMERA,P439016,1,4.4802,4.4802,36,3.852972,3.852972,0.627228
3/6/2019,INV7782637,ELEMERA,P467051,1,3.762,3.762,36,3.23532,3.23532,0.52668
3/6/2019,INV7782637,ELEMERA,P171858,1,3.9672,3.9672,36,3.411792,3.411792,0.555408
3/6/2019,INV7782637,ELEMERA,P309042,1,16.6212,16.6212,36,14.294232,14.294232,2.326968
3/6/2019,INV7782637,ELEMERA,P474152,1,2.7189,2.7189,36,2.338254,2.338254,0.380646
3/6/2019,INV7782637,ELEMERA,P290269,2,24.3846,48.7692,36,20.970756,41.941512,6.827688
3/6/2019,INV7782637,ELEMERA,P604590,1,3.762,3.762,36,3.23532,3.23532,0.52668
3/6/2019,INV7782637,ELEMERA,P485322,1,2.9754,2.9754,36,2.558844,2.558844,0.416556
3/6/2019,INV7782637,ELEMERA,P308174,1,5.4036,5.4036,36,4.647096,4.647096,0.756504
3/6/2019,INV7782637,ELEMERA,P308174,1,5.4036,5.4036,36,4.647096,4.647096,0.756504
3/6/2019,INV7782637,ELEMERA,P154785,1,2.7189,2.7189,36,2.338254,2.338254,0.380646
3/6/2019,INV7782637,ELEMERA,P289046,1,3.4371,3.4371,36,2.955906,2.955906,0.481194
3/6/2019,INV7782637,ELEMERA,P273990,1,19.836,19.836,36,17.05896,17.05896,2.77704
7/20/2020,INV7778082,ELEMERA,P679028,1,3.8133,3.8133,36,3.279438,3.279438,0.533862
7/20/2020,INV7778082,ELEMERA,P389700,1,11.6964,11.6964,36,10.058904,10.058904,1.637496
7/20/2020,INV7778082,ELEMERA,P145590,1,3.0609,3.0609,36,2.632374,2.632374,0.428526
7/20/2020,INV7778082,ELEMERA,P467051,1,3.8133,3.8133,36,3.279438,3.279438,0.533862
7/20/2020,INV7778082,ELEMERA,P171858,1,4.0185,4.0185,36,3.45591,3.45591,0.56259
7/20/2020,INV7778082,ELEMERA,P854379,1,41.9463,41.9463,36,36.073818,36.073818,5.872482
7/20/2020,INV7778082,ELEMERA,P474152,1,7.0623,7.0623,36,6.073578,6.073578,0.988722
7/20/2020,INV7778082,ELEMERA,P604590,1,3.8133,3.8133,36,3.279438,3.279438,0.533862
7/20/2020,INV7778082,ELEMERA,P485322,2,3.0267,6.0534,36,2.602962,5.205924,0.847476
7/20/2020,INV7778082,ELEMERA,P605468,1,375.5844,375.5844,36,323.002584,323.002584,52.581816
7/20/2020,INV7778082,ELEMERA,P154785,1,2.7531,2.7531,36,2.367666,2.367666,0.385434
7/20/2020,INV7778082,ELEMERA,P289046,1,9.7812,9.7812,36,8.411832,8.411832,1.369368
7/20/2020,INV7778082,ELEMERA,P273990,1,20.1438,20.1438,36,17.323668,17.323668,2.820132
10/28/2010,INV7809959,ELEMERA,P389700,1,3.1635,3.1635,36,2.72061,2.72061,0.44289
10/28/2010,INV7809959,ELEMERA,P336537,1,2.3085,2.3085,36,1.98531,1.98531,0.32319
10/28/2010,INV7809959,ELEMERA,P439016,1,1.8126,1.8126,36,1.558836,1.558836,0.253764
10/28/2010,INV7809959,ELEMERA,P467051,1,1.9323,1.9323,36,1.661778,1.661778,0.270522
10/28/2010,INV7809959,ELEMERA,P171858,1,5.985,5.985,36,5.1471,5.1471,0.8379
10/28/2010,INV7809959,ELEMERA,P854379,1,9.6957,9.6957,36,8.338302,8.338302,1.357398
10/28/2010,INV7809959,ELEMERA,P474152,1,1.9665,1.9665,36,1.69119,1.69119,0.27531
10/28/2010,INV7809959,ELEMERA,P240932,2,75.6162,151.2324,36,65.029932,130.059864,21.172536
10/28/2010,INV7809959,ELEMERA,P848861,2,33.8238,67.6476,36,29.088468,58.176936,9.470664
5/9/2011,INV7808047,ELEMERA,P389700,3,3.1635,9.4905,36,2.72061,8.16183,1.32867
5/9/2011,INV7808047,ELEMERA,P336537,3,2.3085,6.9255,36,1.98531,5.95593,0.96957
5/9/2011,INV7808047,ELEMERA,P467051,3,1.9323,5.7969,36,1.661778,4.985334,0.811566
5/9/2011,INV7808047,ELEMERA,P171858,3,5.985,17.955,36,5.1471,15.4413,2.5137
5/9/2011,INV7808047,ELEMERA,P309042,3,12.141,36.423,36,10.44126,31.32378,5.09922
5/9/2011,INV7808047,ELEMERA,P195858,3,7.4898,22.4694,36,6.441228,19.323684,3.145716
7/12/2011,INV7807452,ELEMERA,P389700,1,3.1635,3.1635,36,2.72061,2.72061,0.44289
7/12/2011,INV7807452,ELEMERA,P389700,4,3.1635,12.654,36,2.72061,10.88244,1.77156
7/12/2011,INV7807452,ELEMERA,P171858,4,5.985,23.94,36,5.1471,20.5884,3.3516
7/12/2011,INV7807452,ELEMERA,P474152,4,1.9665,7.866,36,1.69119,6.76476,1.10124
7/12/2011,INV7807452,ELEMERA,P413949,4,61.1838,244.7352,36,52.618068,210.472272,34.262928
7/12/2011,INV7807452,ELEMERA,P240932,4,75.6162,302.4648,36,65.029932,260.119728,42.345072
7/12/2011,INV7807452,ELEMERA,P848861,4,33.8238,135.2952,36,29.088468,116.353872,18.941328
7/12/2011,INV7807452,ELEMERA,P280868,12,39.5865,475.038,36,34.04439,408.53268,66.50532
7/12/2011,INV7807452,ELEMERA,P869367,2,72.7092,145.4184,36,62.529912,125.059824,20.358576
7/12/2011,INV7807452,ELEMERA,P609260,20,12.5685,251.37,36,10.80891,216.1782,35.1918
7/12/2011,INV7807452,ELEMERA,P437147,20,1.539,30.78,36,1.32354,26.4708,4.3092
7/12/2011,INV7807452,ELEMERA,P939365,12,22.3839,268.6068,36,19.250154,231.001848,37.604952
7/12/2011,INV7807452,ELEMERA,P195858,4,7.4898,29.9592,36,6.441228,25.764912,4.194288
7/12/2011,INV7807452,ELEMERA,P735984,6,4.4631,26.7786,36,3.838266,23.029596,3.749004
7/12/2011,INV7807452,ELEMERA,P895878,20,11.4741,229.482,36,9.867726,197.35452,32.12748
7/12/2011,INV7807452,ELEMERA,P388557,12,17.9721,215.6652,36,15.456006,185.472072,30.193128
7/12/2011,INV7807452,ELEMERA,P954530,2,26.8812,53.7624,36,23.117832,46.235664,7.526736
7/12/2011,INV7807452,ELEMERA,P308174,8,6.1218,48.9744,36,5.264748,42.117984,6.856416
1/25/2012,INV7807214,ELEMERA,P389700,1,3.1635,3.1635,36,2.72061,2.72061,0.44289
1/25/2012,INV7807214,ELEMERA,P171858,1,5.985,5.985,36,5.1471,5.1471,0.8379
1/25/2012,INV7807214,ELEMERA,P195858,1,7.4898,7.4898,36,6.441228,6.441228,1.048572
2/21/2012,INV7807036,ELEMERA,P389700,1,3.3174,3.3174,36,2.852964,2.852964,0.464436
2/21/2012,INV7807036,ELEMERA,P171858,1,6.2757,6.2757,36,5.397102,5.397102,0.878598
2/21/2012,INV7807036,ELEMERA,P854379,1,10.1745,10.1745,36,8.75007,8.75007,1.42443
2/21/2012,INV7807036,ELEMERA,P290269,2,11.0637,22.1274,36,9.514782,19.029564,3.097836
2/21/2012,INV7807036,ELEMERA,P240932,2,79.3953,158.7906,36,68.279958,136.559916,22.230684
2/21/2012,INV7807036,ELEMERA,P848861,2,35.4996,70.9992,36,30.529656,61.059312,9.939888
2/21/2012,INV7807036,ELEMERA,P617811,2,9.1998,18.3996,36,7.911828,15.823656,2.575944
2/21/2012,INV7807036,ELEMERA,P201601,1,88.9884,88.9884,36,76.530024,76.530024,12.458376
2/21/2012,INV7807036,ELEMERA,P280868,5,41.5701,207.8505,36,35.750286,178.75143,29.09907
2/21/2012,INV7807036,ELEMERA,P609260,6,13.1841,79.1046,36,11.338326,68.029956,11.074644
2/21/2012,INV7807036,ELEMERA,P939365,5,23.5125,117.5625,36,20.22075,101.10375,16.45875
2/21/2012,INV7807036,ELEMERA,P750449,2,11.0637,22.1274,36,9.514782,19.029564,3.097836
2/21/2012,INV7807036,ELEMERA,P308174,2,6.4296,12.8592,36,5.529456,11.058912,1.800288
3/13/2012,INV7806897,ELEMERA,P389700,2,3.3174,6.6348,36,2.852964,5.705928,0.928872
3/13/2012,INV7806897,ELEMERA,P389700,2,3.3174,6.6348,36,2.852964,5.705928,0.928872
3/13/2012,INV7806897,ELEMERA,P171858,2,6.2757,12.5514,36,5.397102,10.794204,1.757196
3/13/2012,INV7806897,ELEMERA,P171858,2,6.2757,12.5514,36,5.397102,10.794204,1.757196
3/13/2012,INV7806897,ELEMERA,P617811,2,9.1998,18.3996,36,7.911828,15.823656,2.575944
3/13/2012,INV7806897,ELEMERA,P623602,2,11.7306,23.4612,36,10.088316,20.176632,3.284568
3/13/2012,INV7806897,ELEMERA,P327148,2,22.6746,45.3492,36,19.500156,39.000312,6.348888
3/13/2012,INV7806897,ELEMERA,P954530,1,28.2321,28.2321,36,24.279606,24.279606,3.952494
3/13/2012,INV7806897,ELEMERA,P779424,2,2.5992,5.1984,36,2.235312,4.470624,0.727776
3/14/2012,INV7806888,ELEMERA,P389700,2,3.3174,6.6348,36,2.852964,5.705928,0.928872
3/14/2012,INV7806888,ELEMERA,P171858,2,6.2757,12.5514,36,5.397102,10.794204,1.757196
3/14/2012,INV7806888,ELEMERA,P617811,2,9.1998,18.3996,36,7.911828,15.823656,2.575944
3/14/2012,INV7806888,ELEMERA,P623602,2,11.7306,23.4612,36,10.088316,20.176632,3.284568
3/14/2012,INV7806888,ELEMERA,P253375,2,178.5924,357.1848,36,153.589464,307.178928,50.005872
3/14/2012,INV7806888,ELEMERA,P327148,3,22.6746,68.0238,36,19.500156,58.500468,9.523332
3/14/2012,INV7806888,ELEMERA,P276603,4,0.8721,3.4884,36,0.750006,3.000024,0.488376
3/14/2012,INV7806888,ELEMERA,P195858,1,7.866,7.866,36,6.76476,6.76476,1.10124
3/14/2012,INV7806888,ELEMERA,P973759,1,97.299,97.299,36,83.67714,83.67714,13.62186
3/14/2012,INV7806888,ELEMERA,P311852,2,6.8229,13.6458,36,5.867694,11.735388,1.910412
3/14/2012,INV7806888,ELEMERA,P395496,2,2.5992,5.1984,36,2.235312,4.470624,0.727776
3/14/2012,INV7806888,ELEMERA,P622408,4,11.9358,47.7432,36,10.264788,41.059152,6.684048
3/14/2012,INV7806888,ELEMERA,P240443,4,8.3619,33.4476,36,7.191234,28.764936,4.682664
5/9/2012,INV7805753,ELEMERA,P389700,2,3.3174,6.6348,36,2.852964,5.705928,0.928872
5/9/2012,INV7805753,ELEMERA,P389700,2,3.3174,6.6348,36,2.852964,5.705928,0.928872
5/9/2012,INV7805753,ELEMERA,P854379,2,10.1745,20.349,36,8.75007,17.50014,2.84886
5/9/2012,INV7805753,ELEMERA,P854379,2,10.1745,20.349,36,8.75007,17.50014,2.84886
7/9/2012,INV7805719,ELEMERA,P389700,1,3.3174,3.3174,36,2.852964,2.852964,0.464436
7/9/2012,INV7805719,ELEMERA,P171858,1,6.2757,6.2757,36,5.397102,5.397102,0.878598
7/9/2012,INV7805719,ELEMERA,P386494,1,541.4715,541.4715,36,465.66549,465.66549,75.80601
8/19/2013,INV7803476,ELEMERA,P389700,4,3.3174,13.2696,36,2.852964,11.411856,1.857744
8/19/2013,INV7803476,ELEMERA,P854379,4,37.107,148.428,36,31.91202,127.64808,20.77992
11/11/2013,INV7802956,ELEMERA,P389700,1,3.3174,3.3174,36,2.852964,2.852964,0.464436
11/11/2013,INV7802956,ELEMERA,P389700,1,3.3174,3.3174,36,2.852964,2.852964,0.464436
11/11/2013,INV7802956,ELEMERA,P171858,2,6.2757,12.5514,36,5.397102,10.794204,1.757196
11/11/2013,INV7802956,ELEMERA,P171858,2,6.2757,12.5514,36,5.397102,10.794204,1.757196
11/11/2013,INV7802956,ELEMERA,P309042,1,12.7395,12.7395,36,10.95597,10.95597,1.78353
11/11/2013,INV7802956,ELEMERA,P240932,2,56.4471,112.8942,36,48.544506,97.089012,15.805188
11/11/2013,INV7802956,ELEMERA,P141768,2,1.8981,3.7962,36,1.632366,3.264732,0.531468
11/11/2013,INV7802956,ELEMERA,P141768,2,1.8981,3.7962,36,1.632366,3.264732,0.531468
3/6/2014,INV7801716,ELEMERA,P389700,2,3.4029,6.8058,36,2.926494,5.852988,0.952812
3/6/2014,INV7801716,ELEMERA,P467051,2,3.078,6.156,36,2.64708,5.29416,0.86184
3/6/2014,INV7801716,ELEMERA,P854379,2,41.3307,82.6614,36,35.544402,71.088804,11.572596
6/24/2014,INV7801560,ELEMERA,P389700,2,3.4029,6.8058,36,2.926494,5.852988,0.952812
6/24/2014,INV7801560,ELEMERA,P467051,2,3.078,6.156,36,2.64708,5.29416,0.86184
6/24/2014,INV7801560,ELEMERA,P854379,2,41.3307,82.6614,36,35.544402,71.088804,11.572596
6/24/2014,INV7801560,ELEMERA,P485322,2,2.9754,5.9508,36,2.558844,5.117688,0.833112
6/24/2014,INV7801560,ELEMERA,P450109,1,54.3609,54.3609,36,46.750374,46.750374,7.610526
6/24/2014,INV7801560,ELEMERA,P206343,10,6.2928,62.928,36,5.411808,54.11808,8.80992
6/24/2014,INV7801560,ELEMERA,P994166,2,20.8107,41.6214,36,17.897202,35.794404,5.826996
6/24/2014,INV7801560,ELEMERA,P994166,2,20.8107,41.6214,36,17.897202,35.794404,5.826996
6/24/2014,INV7801560,ELEMERA,P371535,2,24.8463,49.6926,36,21.367818,42.735636,6.956964
6/24/2014,INV7801560,ELEMERA,P290129,3,2.907,8.721,36,2.50002,7.50006,1.22094
6/24/2014,INV7801560,ELEMERA,P700125,2,1.7955,3.591,36,1.54413,3.08826,0.50274
6/24/2014,INV7801560,ELEMERA,P524277,2,17.6643,35.3286,36,15.191298,30.382596,4.946004
6/24/2014,INV7801560,ELEMERA,P712405,2,3.2319,6.4638,36,2.779434,5.558868,0.904932
6/24/2014,INV7801560,ELEMERA,P821017,1,1702.9548,1702.9548,36,1464.541128,1464.541128,238.413672
6/24/2014,INV7801560,ELEMERA,P142677,1,1702.9548,1702.9548,36,1464.541128,1464.541128,238.413672
6/24/2014,INV7801560,ELEMERA,P949024,1,555.8868,555.8868,36,478.062648,478.062648,77.824152
6/24/2014,INV7801560,ELEMERA,P923879,1,13.4748,13.4748,36,11.588328,11.588328,1.886472
6/24/2014,INV7801560,ELEMERA,P172237,1,0.7182,0.7182,36,0.617652,0.617652,0.100548
6/24/2014,INV7801560,ELEMERA,P859214,1,2.8728,2.8728,36,2.470608,2.470608,0.402192
7/24/2014,INV7801315,ELEMERA,P389700,3,3.4029,10.2087,36,2.926494,8.779482,1.429218
8/21/2014,INV7801086,ELEMERA,P389700,10,3.4029,34.029,36,2.926494,29.26494,4.76406
8/21/2014,INV7801086,ELEMERA,P854379,10,41.3307,413.307,36,35.544402,355.44402,57.86298
9/18/2014,INV7800884,ELEMERA,P389700,1,3.4029,3.4029,36,2.926494,2.926494,0.476406
9/18/2014,INV7800884,ELEMERA,P439016,1,1.9494,1.9494,36,1.676484,1.676484,0.272916
9/18/2014,INV7800884,ELEMERA,P467051,1,3.078,3.078,36,2.64708,2.64708,0.43092
9/18/2014,INV7800884,ELEMERA,P171858,1,6.4296,6.4296,36,5.529456,5.529456,0.900144
9/18/2014,INV7800884,ELEMERA,P854379,1,41.3307,41.3307,36,35.544402,35.544402,5.786298
9/18/2014,INV7800884,ELEMERA,P604590,1,3.0096,3.0096,36,2.588256,2.588256,0.421344
9/18/2014,INV7800884,ELEMERA,P485322,2,2.9754,5.9508,36,2.558844,5.117688,0.833112
11/14/2014,INV7800490,ELEMERA,P389700,2,3.4029,6.8058,36,2.926494,5.852988,0.952812
11/14/2014,INV7800490,ELEMERA,P854379,2,41.3307,82.6614,36,35.544402,71.088804,11.572596
11/14/2014,INV7800490,ELEMERA,P485322,4,2.9754,11.9016,36,2.558844,10.235376,1.666224
11/14/2014,INV7800490,ELEMERA,P201601,1,91.2114,91.2114,36,78.441804,78.441804,12.769596
11/14/2014,INV7800490,ELEMERA,P263903,6,0.3933,2.3598,36,0.338238,2.029428,0.330372
11/14/2014,INV7800490,ELEMERA,P496406,2,49.7781,99.5562,36,42.809166,85.618332,13.937868
11/14/2014,INV7800490,ELEMERA,P939365,2,24.0939,48.1878,36,20.720754,41.441508,6.746292
11/14/2014,INV7800490,ELEMERA,P802256,4,16.3134,65.2536,36,14.029524,56.118096,9.135504
11/14/2014,INV7800490,ELEMERA,P770621,2,22.4181,44.8362,36,19.279566,38.559132,6.277068
11/14/2014,INV7800490,ELEMERA,P741444,4,33.2082,132.8328,36,28.559052,114.236208,18.596592
8/12/2014,INV7800300,ELEMERA,P389700,4,3.4029,13.6116,36,2.926494,11.705976,1.905624
8/12/2014,INV7800300,ELEMERA,P389700,1,3.4029,3.4029,36,2.926494,2.926494,0.476406
8/12/2014,INV7800300,ELEMERA,P854379,5,41.3307,206.6535,36,35.544402,177.72201,28.93149
8/12/2014,INV7800300,ELEMERA,P263903,2,0.3933,0.7866,36,0.338238,0.676476,0.110124
8/12/2014,INV7800300,ELEMERA,P263903,4,0.3933,1.5732,36,0.338238,1.352952,0.220248
8/12/2014,INV7800300,ELEMERA,P496406,5,49.7781,248.8905,36,42.809166,214.04583,34.84467
8/12/2014,INV7800300,ELEMERA,P140181,1,23.1363,23.1363,36,19.897218,19.897218,3.239082
8/12/2014,INV7800300,ELEMERA,P666583,6,0.684,4.104,36,0.58824,3.52944,0.57456
8/12/2014,INV7800300,ELEMERA,P609260,12,13.509,162.108,36,11.61774,139.41288,22.69512
8/12/2014,INV7800300,ELEMERA,P939365,4,24.0939,96.3756,36,20.720754,82.883016,13.492584
8/12/2014,INV7800300,ELEMERA,P195858,1,8.0541,8.0541,36,6.926526,6.926526,1.127574
8/12/2014,INV7800300,ELEMERA,P895878,4,6.5493,26.1972,36,5.632398,22.529592,3.667608
8/12/2014,INV7800300,ELEMERA,P802256,9,20.4003,183.6027,36,17.544258,157.898322,25.704378
8/12/2014,INV7800300,ELEMERA,P181332,6,0.3933,2.3598,36,0.338238,2.029428,0.330372
8/12/2014,INV7800300,ELEMERA,P770621,2,22.4181,44.8362,36,19.279566,38.559132,6.277068
8/12/2014,INV7800300,ELEMERA,P770621,2,22.4181,44.8362,36,19.279566,38.559132,6.277068
8/12/2014,INV7800300,ELEMERA,P219057,1,38.475,38.475,36,33.0885,33.0885,5.3865
8/12/2014,INV7800300,ELEMERA,P741444,2,25.821,51.642,36,22.20606,44.41212,7.22988
8/12/2014,INV7800300,ELEMERA,P741444,4,25.821,103.284,36,22.20606,88.82424,14.45976
8/12/2014,INV7800300,ELEMERA,P870032,10,3.9672,39.672,36,3.411792,34.11792,5.55408
8/12/2014,INV7800300,ELEMERA,P407371,1,195.453,195.453,36,168.08958,168.08958,27.36342
8/12/2014,INV7800300,ELEMERA,P732563,1,119.2212,119.2212,36,102.530232,102.530232,16.690968
4/2/2015,INV7799970,ELEMERA,P389700,1,3.4029,3.4029,36,2.926494,2.926494,0.476406
4/2/2015,INV7799970,ELEMERA,P467051,1,3.078,3.078,36,2.64708,2.64708,0.43092
4/2/2015,INV7799970,ELEMERA,P171858,1,6.4296,6.4296,36,5.529456,5.529456,0.900144
4/2/2015,INV7799970,ELEMERA,P854379,2,41.3307,82.6614,36,35.544402,71.088804,11.572596
4/2/2015,INV7799970,ELEMERA,P109015,4,14.706,58.824,36,12.64716,50.58864,8.23536
4/2/2015,INV7799970,ELEMERA,P242658,1,14.0733,14.0733,36,12.103038,12.103038,1.970262
4/2/2015,INV7799970,ELEMERA,P682049,2,1.4706,2.9412,36,1.264716,2.529432,0.411768
4/2/2015,INV7799970,ELEMERA,P237278,2,28.215,56.43,36,24.2649,48.5298,7.9002
4/2/2015,INV7799970,ELEMERA,P770621,1,22.4181,22.4181,36,19.279566,19.279566,3.138534
4/2/2015,INV7799970,ELEMERA,P622408,1,12.2265,12.2265,36,10.51479,10.51479,1.71171
4/2/2015,INV7799970,ELEMERA,P608773,2,3.1122,6.2244,36,2.676492,5.352984,0.871416
4/2/2015,INV7799970,ELEMERA,P816019,1,27.4626,27.4626,36,23.617836,23.617836,3.844764
4/2/2015,INV7799970,ELEMERA,P185676,1,34.2,34.2,36,29.412,29.412,4.788
2/24/2015,INV7799816,ELEMERA,P389700,6,3.4029,20.4174,36,2.926494,17.558964,2.858436
2/24/2015,INV7799816,ELEMERA,P171858,6,6.4296,38.5776,36,5.529456,33.176736,5.400864
2/24/2015,INV7799816,ELEMERA,P496406,2,49.7781,99.5562,36,42.809166,85.618332,13.937868
4/13/2015,INV7799478,ELEMERA,P389700,3,3.4029,10.2087,36,2.926494,8.779482,1.429218
4/13/2015,INV7799478,ELEMERA,P854379,3,41.3307,123.9921,36,35.544402,106.633206,17.358894
4/13/2015,INV7799478,ELEMERA,P485322,6,2.9754,17.8524,36,2.558844,15.353064,2.499336
4/13/2015,INV7799478,ELEMERA,P263903,6,0.3933,2.3598,36,0.338238,2.029428,0.330372
4/13/2015,INV7799478,ELEMERA,P770621,2,22.4181,44.8362,36,19.279566,38.559132,6.277068
4/13/2015,INV7799478,ELEMERA,P297035,1,97.6923,97.6923,36,84.015378,84.015378,13.676922
4/13/2015,INV7799478,ELEMERA,P741444,1,25.821,25.821,36,22.20606,22.20606,3.61494
4/13/2015,INV7799478,ELEMERA,P741444,1,25.821,25.821,36,22.20606,22.20606,3.61494
4/13/2015,INV7799478,ELEMERA,P407371,1,195.453,195.453,36,168.08958,168.08958,27.36342
11/5/2015,INV7799261,ELEMERA,P389700,1,3.4029,3.4029,36,2.926494,2.926494,0.476406
11/5/2015,INV7799261,ELEMERA,P195858,1,8.0541,8.0541,36,6.926526,6.926526,1.127574
11/5/2015,INV7799261,ELEMERA,P973759,1,99.7272,99.7272,36,85.765392,85.765392,13.961808
11/5/2015,INV7799261,ELEMERA,P741444,1,25.821,25.821,36,22.20606,22.20606,3.61494
5/19/2015,INV7799177,ELEMERA,P389700,4,3.4029,13.6116,36,2.926494,11.705976,1.905624
5/19/2015,INV7799177,ELEMERA,P854379,1,41.3307,41.3307,36,35.544402,35.544402,5.786298
5/19/2015,INV7799177,ELEMERA,P496406,1,49.7781,49.7781,36,42.809166,42.809166,6.968934
5/19/2015,INV7799177,ELEMERA,P741444,1,25.821,25.821,36,22.20606,22.20606,3.61494
11/6/2015,INV7799023,ELEMERA,P389700,3,3.4029,10.2087,36,2.926494,8.779482,1.429218
11/6/2015,INV7799023,ELEMERA,P854379,3,41.3307,123.9921,36,35.544402,106.633206,17.358894
11/6/2015,INV7799023,ELEMERA,P327148,2,23.2389,46.4778,36,19.985454,39.970908,6.506892
11/6/2015,INV7799023,ELEMERA,P608773,4,3.1122,12.4488,36,2.676492,10.705968,1.742832
11/6/2015,INV7799023,ELEMERA,P870032,6,3.9672,23.8032,36,3.411792,20.470752,3.332448
11/6/2015,INV7799023,ELEMERA,P407371,1,195.453,195.453,36,168.08958,168.08958,27.36342
6/15/2015,INV7799006,ELEMERA,P389700,5,3.4029,17.0145,36,2.926494,14.63247,2.38203
6/15/2015,INV7799006,ELEMERA,P854379,5,41.3307,206.6535,36,35.544402,177.72201,28.93149
6/15/2015,INV7799006,ELEMERA,P485322,10,2.9754,29.754,36,2.558844,25.58844,4.16556
1/14/2016,INV7796617,ELEMERA,P389700,5,3.4029,17.0145,36,2.926494,14.63247,2.38203
1/14/2016,INV7796617,ELEMERA,P854379,5,41.3307,206.6535,36,35.544402,177.72201,28.93149
1/14/2016,INV7796617,ELEMERA,P485322,10,2.9754,29.754,36,2.558844,25.58844,4.16556
1/14/2016,INV7796617,ELEMERA,P496406,4,49.7781,199.1124,36,42.809166,171.236664,27.875736
1/14/2016,INV7796617,ELEMERA,P741444,4,25.821,103.284,36,22.20606,88.82424,14.45976
3/3/2016,INV7796031,ELEMERA,P389700,6,4.446,26.676,36,3.82356,22.94136,3.73464
3/3/2016,INV7796031,ELEMERA,P854379,6,41.3307,247.9842,36,35.544402,213.266412,34.717788
3/3/2016,INV7796031,ELEMERA,P485322,6,2.9754,17.8524,36,2.558844,15.353064,2.499336
3/3/2016,INV7796031,ELEMERA,P496406,3,50.7528,152.2584,36,43.647408,130.942224,21.316176
3/3/2016,INV7796031,ELEMERA,P327148,4,23.2389,92.9556,36,19.985454,79.941816,13.013784
3/3/2016,INV7796031,ELEMERA,P318865,3,77.8221,233.4663,36,66.927006,200.781018,32.685282
3/3/2016,INV7796031,ELEMERA,P770621,6,22.4181,134.5086,36,19.279566,115.677396,18.831204
3/3/2016,INV7796031,ELEMERA,P407371,2,195.453,390.906,36,168.08958,336.17916,54.72684
2/29/2016,INV7796091,ELEMERA,P389700,1,4.446,4.446,36,3.82356,3.82356,0.62244
2/29/2016,INV7796091,ELEMERA,P336537,1,2.4966,2.4966,36,2.147076,2.147076,0.349524
2/29/2016,INV7796091,ELEMERA,P171858,1,3.9672,3.9672,36,3.411792,3.411792,0.555408
2/29/2016,INV7796091,ELEMERA,P485322,2,2.9754,5.9508,36,2.558844,5.117688,0.833112
2/29/2016,INV7796091,ELEMERA,P187536,4,11.6793,46.7172,36,10.044198,40.176792,6.540408
2/29/2016,INV7796091,ELEMERA,P863218,4,21.1356,84.5424,36,18.176616,72.706464,11.835936
2/29/2016,INV7796091,ELEMERA,P350627,4,221.8383,887.3532,36,190.780938,763.123752,124.229448
2/29/2016,INV7796091,ELEMERA,P770621,4,22.4181,89.6724,36,19.279566,77.118264,12.554136
2/29/2016,INV7796091,ELEMERA,P265324,1,4.1724,4.1724,36,3.588264,3.588264,0.584136
2/29/2016,INV7796091,ELEMERA,P883496,1,116.3313,116.3313,36,100.044918,100.044918,16.286382
2/29/2016,INV7796091,ELEMERA,P880632,1,9.8154,9.8154,36,8.441244,8.441244,1.374156
2/29/2016,INV7796091,ELEMERA,P507717,1,30.7971,30.7971,36,26.485506,26.485506,4.311594
3/15/2016,INV7795892,ELEMERA,P389700,1,4.446,4.446,36,3.82356,3.82356,0.62244
3/15/2016,INV7795892,ELEMERA,P854379,1,41.3307,41.3307,36,35.544402,35.544402,5.786298
3/15/2016,INV7795892,ELEMERA,P485322,2,2.9754,5.9508,36,2.558844,5.117688,0.833112
3/15/2016,INV7795892,ELEMERA,P414015,2,92.853,185.706,36,79.85358,159.70716,25.99884
3/15/2016,INV7795892,ELEMERA,P914835,2,76.2147,152.4294,36,65.544642,131.089284,21.340116
3/15/2016,INV7795892,ELEMERA,P386494,1,555.0147,555.0147,36,477.312642,477.312642,77.702058
3/15/2016,INV7795892,ELEMERA,P966465,6,6.2073,37.2438,36,5.338278,32.029668,5.214132
3/15/2016,INV7795892,ELEMERA,P379486,1,645.0462,645.0462,36,554.739732,554.739732,90.306468
3/15/2016,INV7795883,ELEMERA,P389700,2,4.446,8.892,36,3.82356,7.64712,1.24488
3/15/2016,INV7795883,ELEMERA,P854379,2,41.3307,82.6614,36,35.544402,71.088804,11.572596
3/15/2016,INV7795883,ELEMERA,P485322,4,2.9754,11.9016,36,2.558844,10.235376,1.666224
3/15/2016,INV7795883,ELEMERA,P496406,1,50.7528,50.7528,36,43.647408,43.647408,7.105392
3/15/2016,INV7795883,ELEMERA,P741444,1,25.821,25.821,36,22.20606,22.20606,3.61494
3/15/2016,INV7795883,ELEMERA,P407371,1,195.453,195.453,36,168.08958,168.08958,27.36342
7/25/2016,INV7794593,ELEMERA,P389700,3,4.446,13.338,36,3.82356,11.47068,1.86732
7/25/2016,INV7794593,ELEMERA,P467051,3,3.762,11.286,36,3.23532,9.70596,1.58004
7/25/2016,INV7794593,ELEMERA,P171858,1,3.9672,3.9672,36,3.411792,3.411792,0.555408
7/25/2016,INV7794593,ELEMERA,P485322,5,2.9754,14.877,36,2.558844,12.79422,2.08278
7/25/2016,INV7794593,ELEMERA,P407371,3,195.453,586.359,36,168.08958,504.26874,82.09026
7/26/2016,INV7794578,ELEMERA,P389700,3,4.446,13.338,36,3.82356,11.47068,1.86732
7/26/2016,INV7794578,ELEMERA,P467051,3,3.762,11.286,36,3.23532,9.70596,1.58004
7/26/2016,INV7794578,ELEMERA,P171858,1,3.9672,3.9672,36,3.411792,3.411792,0.555408
7/26/2016,INV7794578,ELEMERA,P485322,5,2.9754,14.877,36,2.558844,12.79422,2.08278
7/26/2016,INV7794578,ELEMERA,P407371,3,195.453,586.359,36,168.08958,504.26874,82.09026
10/8/2016,INV7794410,ELEMERA,P389700,5,4.446,22.23,36,3.82356,19.1178,3.1122
10/8/2016,INV7794410,ELEMERA,P389700,1,4.446,4.446,36,3.82356,3.82356,0.62244
10/8/2016,INV7794410,ELEMERA,P604590,6,3.762,22.572,36,3.23532,19.41192,3.16008
10/8/2016,INV7794410,ELEMERA,P485322,12,2.9754,35.7048,36,2.558844,30.706128,4.998672
10/8/2016,INV7794409,ELEMERA,P389700,1,4.446,4.446,36,3.82356,3.82356,0.62244
10/8/2016,INV7794409,ELEMERA,P348223,2,5.8824,11.7648,36,5.058864,10.117728,1.647072
10/8/2016,INV7794409,ELEMERA,P434541,2,159.2352,318.4704,36,136.942272,273.884544,44.585856
10/8/2016,INV7794409,ELEMERA,P741444,1,25.821,25.821,36,22.20606,22.20606,3.61494
3/23/2017,INV7792414,ELEMERA,P389700,10,4.446,44.46,36,3.82356,38.2356,6.2244
3/23/2017,INV7792414,ELEMERA,P439016,3,2.3598,7.0794,36,2.029428,6.088284,0.991116
3/23/2017,INV7792414,ELEMERA,P439016,6,2.3598,14.1588,36,2.029428,12.176568,1.982232
3/23/2017,INV7792414,ELEMERA,P439016,1,2.3598,2.3598,36,2.029428,2.029428,0.330372
3/23/2017,INV7792414,ELEMERA,P467051,10,3.762,37.62,36,3.23532,32.3532,5.2668
3/23/2017,INV7792414,ELEMERA,P854379,6,41.3307,247.9842,36,35.544402,213.266412,34.717788
3/23/2017,INV7792414,ELEMERA,P240932,4,58.995,235.98,36,50.7357,202.9428,33.0372
5/25/2017,INV7791767,ELEMERA,P389700,1,4.446,4.446,36,3.82356,3.82356,0.62244
5/25/2017,INV7791767,ELEMERA,P907453,1,32.0796,32.0796,36,27.588456,27.588456,4.491144
5/25/2017,INV7791767,ELEMERA,P388557,1,22.7772,22.7772,36,19.588392,19.588392,3.188808
9/22/2017,INV7790466,ELEMERA,P389700,2,4.446,8.892,36,3.82356,7.64712,1.24488
9/22/2017,INV7790466,ELEMERA,P854379,2,41.3307,82.6614,36,35.544402,71.088804,11.572596
9/22/2017,INV7790466,ELEMERA,P496406,1,56.9088,56.9088,36,48.941568,48.941568,7.967232
9/22/2017,INV7790466,ELEMERA,P802256,2,39.5352,79.0704,36,34.000272,68.000544,11.069856
9/22/2017,INV7790466,ELEMERA,P622408,1,14.4837,14.4837,36,12.455982,12.455982,2.027718
9/22/2017,INV7790466,ELEMERA,P741444,1,25.821,25.821,36,22.20606,22.20606,3.61494
7/27/2018,INV7787066,ELEMERA,P389700,1,5.7456,5.7456,36,4.941216,4.941216,0.804384
7/27/2018,INV7787066,ELEMERA,P854379,1,41.3307,41.3307,36,35.544402,35.544402,5.786298
7/27/2018,INV7787066,ELEMERA,P604590,1,3.762,3.762,36,3.23532,3.23532,0.52668
12/14/2018,INV7784979,ELEMERA,P389700,1,5.7456,5.7456,36,4.941216,4.941216,0.804384
12/14/2018,INV7784979,ELEMERA,P854379,1,41.3307,41.3307,36,35.544402,35.544402,5.786298
12/14/2018,INV7784979,ELEMERA,P604590,1,3.762,3.762,36,3.23532,3.23532,0.52668
11/12/2019,INV7780204,ELEMERA,P389700,5,11.6964,58.482,36,10.058904,50.29452,8.18748
11/12/2019,INV7780204,ELEMERA,P854379,5,41.3307,206.6535,36,35.544402,177.72201,28.93149
11/12/2019,INV7780204,ELEMERA,P604590,5,3.762,18.81,36,3.23532,16.1766,2.6334
11/12/2019,INV7780204,ELEMERA,P485322,10,2.9754,29.754,36,2.558844,25.58844,4.16556
7/1/2020,INV7780041,ELEMERA,P389700,1,11.6964,11.6964,36,10.058904,10.058904,1.637496
7/1/2020,INV7780041,ELEMERA,P467051,1,3.762,3.762,36,3.23532,3.23532,0.52668
7/1/2020,INV7780041,ELEMERA,P854379,1,41.3307,41.3307,36,35.544402,35.544402,5.786298
12/10/2020,INV7777339,ELEMERA,P389700,1,11.6964,11.6964,36,10.058904,10.058904,1.637496
12/10/2020,INV7777339,ELEMERA,P171858,1,4.0185,4.0185,36,3.45591,3.45591,0.56259
12/10/2020,INV7777339,ELEMERA,P854379,1,41.9463,41.9463,36,36.073818,36.073818,5.872482
12/10/2020,INV7777339,ELEMERA,P496406,1,56.9088,56.9088,36,48.941568,48.941568,7.967232
12/10/2020,INV7777339,ELEMERA,P741444,1,40.4415,40.4415,36,34.77969,34.77969,5.66181
12/10/2020,INV7777339,ELEMERA,P870032,2,4.0185,8.037,36,3.45591,6.91182,1.12518
10/13/2020,INV7777325,ELEMERA,P389700,1,11.6964,11.6964,36,10.058904,10.058904,1.637496
10/13/2020,INV7777325,ELEMERA,P171858,1,4.0185,4.0185,36,3.45591,3.45591,0.56259
10/13/2020,INV7777325,ELEMERA,P854379,1,41.9463,41.9463,36,36.073818,36.073818,5.872482
10/13/2020,INV7777325,ELEMERA,P496406,1,56.9088,56.9088,36,48.941568,48.941568,7.967232
10/13/2020,INV7777325,ELEMERA,P741444,1,40.4415,40.4415,36,34.77969,34.77969,5.66181
10/13/2020,INV7777325,ELEMERA,P870032,1,4.0185,4.0185,36,3.45591,3.45591,0.56259
4/29/2013,INV7804323,ELEMERA,P336537,3,0,0,36,0,0,0
4/29/2013,INV7804323,ELEMERA,P439016,3,0,0,36,0,0,0
4/29/2013,INV7804323,ELEMERA,P467051,3,0,0,36,0,0,0
4/29/2013,INV7804323,ELEMERA,P604590,3,0,0,36,0,0,0
4/29/2013,INV7804323,ELEMERA,P659592,3,0,0,36,0,0,0
2/19/2015,INV7799849,ELEMERA,P336537,1,2.4966,2.4966,36,2.147076,2.147076,0.349524
2/19/2015,INV7799849,ELEMERA,P854379,1,41.3307,41.3307,36,35.544402,35.544402,5.786298
2/19/2015,INV7799849,ELEMERA,P708193,1,1261.6209,1261.6209,36,1084.993974,1084.993974,176.626926
2/19/2015,INV7799849,ELEMERA,P111172,1,43.8444,43.8444,36,37.706184,37.706184,6.138216
4/3/2020,INV7779391,ELEMERA,P336537,2,2.5308,5.0616,36,2.176488,4.352976,0.708624
4/3/2020,INV7779391,ELEMERA,P336537,4,2.5308,10.1232,36,2.176488,8.705952,1.417248
4/3/2020,INV7779391,ELEMERA,P336537,4,2.5308,10.1232,36,2.176488,8.705952,1.417248
2/6/2011,INV7808695,ELEMERA,P439016,5,1.8126,9.063,36,1.558836,7.79418,1.26882
2/6/2011,INV7808695,ELEMERA,P467051,5,1.9323,9.6615,36,1.661778,8.30889,1.35261
2/6/2011,INV7808695,ELEMERA,P171858,5,5.985,29.925,36,5.1471,25.7355,4.1895
2/6/2011,INV7808695,ELEMERA,P240932,2,75.6162,151.2324,36,65.029932,130.059864,21.172536
2/6/2011,INV7808695,ELEMERA,P489494,10,39.1419,391.419,36,33.662034,336.62034,54.79866
2/6/2011,INV7808695,ELEMERA,P141768,5,1.8126,9.063,36,1.558836,7.79418,1.26882
2/6/2011,INV7808695,ELEMERA,P821791,5,1.8126,9.063,36,1.558836,7.79418,1.26882
2/6/2011,INV7808695,ELEMERA,P751540,5,7.866,39.33,36,6.76476,33.8238,5.5062
7/30/2015,INV7798524,ELEMERA,P439016,1,1.9494,1.9494,36,1.676484,1.676484,0.272916
7/30/2015,INV7798524,ELEMERA,P171858,1,3.9672,3.9672,36,3.411792,3.411792,0.555408
7/30/2015,INV7798524,ELEMERA,P770621,1,22.4181,22.4181,36,19.279566,19.279566,3.138534
3/23/2010,INV7811302,ELEMERA,P467051,1,1.9323,1.9323,36,1.661778,1.661778,0.270522
3/23/2010,INV7811302,ELEMERA,P617811,2,8.7552,17.5104,36,7.529472,15.058944,2.451456
3/23/2010,INV7811302,ELEMERA,P617811,2,8.7552,17.5104,36,7.529472,15.058944,2.451456
3/23/2010,INV7811302,ELEMERA,P623602,2,11.1663,22.3326,36,9.603018,19.206036,3.126564
3/23/2010,INV7811302,ELEMERA,P623602,2,11.1663,22.3326,36,9.603018,19.206036,3.126564
3/23/2010,INV7811302,ELEMERA,P263903,4,0.8892,3.5568,36,0.764712,3.058848,0.497952
3/23/2010,INV7811302,ELEMERA,P263903,2,0.8892,1.7784,36,0.764712,1.529424,0.248976
3/23/2010,INV7811302,ELEMERA,P827943,3,0.684,2.052,36,0.58824,1.76472,0.28728
3/23/2010,INV7811302,ELEMERA,P327148,2,21.5973,43.1946,36,18.573678,37.147356,6.047244
3/23/2010,INV7811302,ELEMERA,P327148,2,21.5973,43.1946,36,18.573678,37.147356,6.047244
3/23/2010,INV7811302,ELEMERA,P666583,20,0.4617,9.234,36,0.397062,7.94124,1.29276
3/23/2010,INV7811302,ELEMERA,P276162,2,2.4795,4.959,36,2.13237,4.26474,0.69426
3/23/2010,INV7811302,ELEMERA,P276162,2,2.4795,4.959,36,2.13237,4.26474,0.69426
3/23/2010,INV7811302,ELEMERA,P276603,4,0.8379,3.3516,36,0.720594,2.882376,0.469224
3/23/2010,INV7811302,ELEMERA,P276603,4,0.8379,3.3516,36,0.720594,2.882376,0.469224
3/23/2010,INV7811302,ELEMERA,P907862,8,1.1457,9.1656,36,0.985302,7.882416,1.283184
3/23/2010,INV7811302,ELEMERA,P159858,3,0.9063,2.7189,36,0.779418,2.338254,0.380646
3/23/2010,INV7811302,ELEMERA,P437147,3,1.539,4.617,36,1.32354,3.97062,0.64638
3/23/2010,INV7811302,ELEMERA,P939365,3,22.3839,67.1517,36,19.250154,57.750462,9.401238
3/23/2010,INV7811302,ELEMERA,P688105,3,3.078,9.234,36,2.64708,7.94124,1.29276
3/23/2010,INV7811302,ELEMERA,P195858,1,7.4898,7.4898,36,6.441228,6.441228,1.048572
3/23/2010,INV7811302,ELEMERA,P973759,1,92.6649,92.6649,36,79.691814,79.691814,12.973086
3/23/2010,INV7811302,ELEMERA,P680371,3,0.8037,2.4111,36,0.691182,2.073546,0.337554
3/23/2010,INV7811302,ELEMERA,P242658,1,13.0815,13.0815,36,11.25009,11.25009,1.83141
3/23/2010,INV7811302,ELEMERA,P496294,8,0.8892,7.1136,36,0.764712,6.117696,0.995904
6/17/2013,INV7803987,ELEMERA,P467051,2,3.0096,6.0192,36,2.588256,5.176512,0.842688
7/15/2013,INV7803759,ELEMERA,P467051,1,3.0096,3.0096,36,2.588256,2.588256,0.421344
7/15/2013,INV7803759,ELEMERA,P854379,1,37.107,37.107,36,31.91202,31.91202,5.19498
7/15/2013,INV7803759,ELEMERA,P604590,1,3.0096,3.0096,36,2.588256,2.588256,0.421344
7/15/2013,INV7803759,ELEMERA,P485322,2,2.907,5.814,36,2.50002,5.00004,0.81396
7/16/2013,INV7803741,ELEMERA,P467051,2,3.0096,6.0192,36,2.588256,5.176512,0.842688
7/16/2013,INV7803741,ELEMERA,P854379,2,37.107,74.214,36,31.91202,63.82404,10.38996
8/23/2013,INV7803445,ELEMERA,P467051,4,3.0096,12.0384,36,2.588256,10.353024,1.685376
8/23/2013,INV7803445,ELEMERA,P854379,2,37.107,74.214,36,31.91202,63.82404,10.38996
8/10/2013,INV7803156,ELEMERA,P467051,5,3.0096,15.048,36,2.588256,12.94128,2.10672
8/10/2013,INV7803156,ELEMERA,P854379,2,37.107,74.214,36,31.91202,63.82404,10.38996
8/10/2013,INV7803156,ELEMERA,P323745,5,2.8386,14.193,36,2.441196,12.20598,1.98702
6/3/2014,INV7802263,ELEMERA,P467051,2,3.078,6.156,36,2.64708,5.29416,0.86184
6/3/2014,INV7802263,ELEMERA,P854379,2,38.0304,76.0608,36,32.706144,65.412288,10.648512
6/3/2014,INV7802263,ELEMERA,P604590,2,3.078,6.156,36,2.64708,5.29416,0.86184
8/19/2014,INV7801112,ELEMERA,P467051,2,3.078,6.156,36,2.64708,5.29416,0.86184
8/19/2014,INV7801112,ELEMERA,P854379,2,41.3307,82.6614,36,35.544402,71.088804,11.572596
2/24/2015,INV7799822,ELEMERA,P467051,2,7.524,15.048,36,6.47064,12.94128,2.10672
7/5/2015,INV7799293,ELEMERA,P467051,2,3.762,7.524,36,3.23532,6.47064,1.05336
7/5/2015,INV7799293,ELEMERA,P485322,2,2.9754,5.9508,36,2.558844,5.117688,0.833112
8/5/2015,INV7799277,ELEMERA,P467051,1,3.762,3.762,36,3.23532,3.23532,0.52668
8/5/2015,INV7799277,ELEMERA,P854379,1,41.3307,41.3307,36,35.544402,35.544402,5.786298
8/5/2015,INV7799277,ELEMERA,P604590,1,3.762,3.762,36,3.23532,3.23532,0.52668
8/5/2015,INV7799277,ELEMERA,P604590,1,3.762,3.762,36,3.23532,3.23532,0.52668
5/6/2015,INV7799047,ELEMERA,P467051,20,3.762,75.24,36,3.23532,64.7064,10.5336
7/28/2015,INV7798553,ELEMERA,P467051,10,3.762,37.62,36,3.23532,32.3532,5.2668
7/28/2015,INV7798553,ELEMERA,P854379,10,41.3307,413.307,36,35.544402,355.44402,57.86298
7/28/2015,INV7798553,ELEMERA,P604590,10,3.762,37.62,36,3.23532,32.3532,5.2668
8/19/2015,INV7798258,ELEMERA,P467051,1,3.762,3.762,36,3.23532,3.23532,0.52668
8/19/2015,INV7798258,ELEMERA,P854379,1,41.3307,41.3307,36,35.544402,35.544402,5.786298
4/3/2016,INV7796005,ELEMERA,P467051,10,3.762,37.62,36,3.23532,32.3532,5.2668
7/10/2016,INV7793890,ELEMERA,P467051,2,3.762,7.524,36,3.23532,6.47064,1.05336
7/10/2016,INV7793890,ELEMERA,P253375,1,136.8171,136.8171,36,117.662706,117.662706,19.154394
7/10/2016,INV7793890,ELEMERA,P973759,1,99.7272,99.7272,36,85.765392,85.765392,13.961808
7/10/2016,INV7793890,ELEMERA,P504014,2,4.8393,9.6786,36,4.161798,8.323596,1.355004
7/11/2016,INV7793606,ELEMERA,P467051,1,3.762,3.762,36,3.23532,3.23532,0.52668
7/11/2016,INV7793606,ELEMERA,P854379,1,41.3307,41.3307,36,35.544402,35.544402,5.786298
7/11/2016,INV7793606,ELEMERA,P954530,3,21.3921,64.1763,36,18.397206,55.191618,8.984682
2/15/2017,INV7792812,ELEMERA,P467051,6,3.762,22.572,36,3.23532,19.41192,3.16008
2/15/2017,INV7792812,ELEMERA,P854379,1,41.3307,41.3307,36,35.544402,35.544402,5.786298
2/15/2017,INV7792812,ELEMERA,P485322,2,2.9754,5.9508,36,2.558844,5.117688,0.833112
2/15/2017,INV7792812,ELEMERA,P934398,1,10.2087,10.2087,36,8.779482,8.779482,1.429218
2/15/2017,INV7792812,ELEMERA,P344743,8,16.6212,132.9696,36,14.294232,114.353856,18.615744
2/23/2017,INV7792734,ELEMERA,P467051,1,3.762,3.762,36,3.23532,3.23532,0.52668
2/23/2017,INV7792734,ELEMERA,P854379,1,41.3307,41.3307,36,35.544402,35.544402,5.786298
2/23/2017,INV7792734,ELEMERA,P485322,1,2.9754,2.9754,36,2.558844,2.558844,0.416556
2/23/2017,INV7792734,ELEMERA,P496406,1,56.9088,56.9088,36,48.941568,48.941568,7.967232
2/23/2017,INV7792734,ELEMERA,P741444,1,25.821,25.821,36,22.20606,22.20606,3.61494
2/23/2017,INV7792734,ELEMERA,P407371,1,195.453,195.453,36,168.08958,168.08958,27.36342
2/3/2017,INV7792644,ELEMERA,P467051,1,3.762,3.762,36,3.23532,3.23532,0.52668
2/3/2017,INV7792644,ELEMERA,P854379,1,41.3307,41.3307,36,35.544402,35.544402,5.786298
2/3/2017,INV7792644,ELEMERA,P485322,1,2.9754,2.9754,36,2.558844,2.558844,0.416556
2/3/2017,INV7792644,ELEMERA,P496406,1,56.9088,56.9088,36,48.941568,48.941568,7.967232
2/3/2017,INV7792644,ELEMERA,P741444,1,25.821,25.821,36,22.20606,22.20606,3.61494
2/3/2017,INV7792644,ELEMERA,P407371,2,195.453,390.906,36,168.08958,336.17916,54.72684
6/4/2017,INV7792267,ELEMERA,P467051,1,3.762,3.762,36,3.23532,3.23532,0.52668
6/4/2017,INV7792267,ELEMERA,P854379,1,41.3307,41.3307,36,35.544402,35.544402,5.786298
6/4/2017,INV7792267,ELEMERA,P485322,2,2.9754,5.9508,36,2.558844,5.117688,0.833112
6/4/2017,INV7792267,ELEMERA,P496406,1,56.9088,56.9088,36,48.941568,48.941568,7.967232
6/4/2017,INV7792267,ELEMERA,P204596,1,189.2799,189.2799,36,162.780714,162.780714,26.499186
6/4/2017,INV7792267,ELEMERA,P770621,1,22.4181,22.4181,36,19.279566,19.279566,3.138534
6/4/2017,INV7792267,ELEMERA,P741444,1,25.821,25.821,36,22.20606,22.20606,3.61494
6/4/2017,INV7792267,ELEMERA,P407371,2,195.453,390.906,36,168.08958,336.17916,54.72684
6/4/2017,INV7792273,ELEMERA,P467051,1,3.762,3.762,36,3.23532,3.23532,0.52668
6/4/2017,INV7792273,ELEMERA,P854379,1,41.3307,41.3307,36,35.544402,35.544402,5.786298
6/4/2017,INV7792273,ELEMERA,P485322,2,2.9754,5.9508,36,2.558844,5.117688,0.833112
6/4/2017,INV7792273,ELEMERA,P496406,1,56.9088,56.9088,36,48.941568,48.941568,7.967232
6/4/2017,INV7792273,ELEMERA,P741444,1,25.821,25.821,36,22.20606,22.20606,3.61494
6/4/2017,INV7792273,ELEMERA,P407371,1,195.453,195.453,36,168.08958,168.08958,27.36342
6/4/2017,INV7792273,ELEMERA,P407371,1,195.453,195.453,36,168.08958,168.08958,27.36342
4/28/2017,INV7792067,ELEMERA,P467051,1,3.762,3.762,36,3.23532,3.23532,0.52668
4/28/2017,INV7792067,ELEMERA,P854379,1,41.3307,41.3307,36,35.544402,35.544402,5.786298
4/28/2017,INV7792067,ELEMERA,P485322,2,2.9754,5.9508,36,2.558844,5.117688,0.833112
4/28/2017,INV7792067,ELEMERA,P496406,1,56.9088,56.9088,36,48.941568,48.941568,7.967232
4/28/2017,INV7792067,ELEMERA,P741444,1,25.821,25.821,36,22.20606,22.20606,3.61494
4/28/2017,INV7792067,ELEMERA,P407371,2,195.453,390.906,36,168.08958,336.17916,54.72684
4/5/2017,INV7792005,ELEMERA,P467051,1,3.762,3.762,36,3.23532,3.23532,0.52668
4/5/2017,INV7792005,ELEMERA,P854379,1,41.3307,41.3307,36,35.544402,35.544402,5.786298
4/5/2017,INV7792005,ELEMERA,P485322,2,2.9754,5.9508,36,2.558844,5.117688,0.833112
4/5/2017,INV7792005,ELEMERA,P496406,1,56.9088,56.9088,36,48.941568,48.941568,7.967232
4/5/2017,INV7792005,ELEMERA,P770621,1,22.4181,22.4181,36,19.279566,19.279566,3.138534
4/5/2017,INV7792005,ELEMERA,P605468,1,301.2336,301.2336,36,259.060896,259.060896,42.172704
4/5/2017,INV7792005,ELEMERA,P741444,1,25.821,25.821,36,22.20606,22.20606,3.61494
4/5/2017,INV7792020,ELEMERA,P467051,2,3.762,7.524,36,3.23532,6.47064,1.05336
4/5/2017,INV7792020,ELEMERA,P854379,2,41.3307,82.6614,36,35.544402,71.088804,11.572596
4/5/2017,INV7792020,ELEMERA,P240932,2,58.995,117.99,36,50.7357,101.4714,16.5186
4/5/2017,INV7792020,ELEMERA,P327148,2,23.2389,46.4778,36,19.985454,39.970908,6.506892
4/5/2017,INV7792020,ELEMERA,P875701,2,0.7182,1.4364,36,0.617652,1.235304,0.201096
4/5/2017,INV7792020,ELEMERA,P386494,1,555.0147,555.0147,36,477.312642,477.312642,77.702058
4/5/2017,INV7792020,ELEMERA,P770621,1,22.4181,22.4181,36,19.279566,19.279566,3.138534
4/5/2017,INV7792020,ELEMERA,P741444,2,25.821,51.642,36,22.20606,44.41212,7.22988
4/5/2017,INV7792020,ELEMERA,P407371,1,195.453,195.453,36,168.08958,168.08958,27.36342
5/5/2017,INV7791995,ELEMERA,P467051,1,3.762,3.762,36,3.23532,3.23532,0.52668
5/5/2017,INV7791995,ELEMERA,P854379,1,41.3307,41.3307,36,35.544402,35.544402,5.786298
5/5/2017,INV7791995,ELEMERA,P485322,2,2.9754,5.9508,36,2.558844,5.117688,0.833112
5/5/2017,INV7791995,ELEMERA,P496406,1,56.9088,56.9088,36,48.941568,48.941568,7.967232
5/5/2017,INV7791995,ELEMERA,P988038,1,835.3521,835.3521,36,718.402806,718.402806,116.949294
5/5/2017,INV7791995,ELEMERA,P741444,1,25.821,25.821,36,22.20606,22.20606,3.61494
5/6/2017,INV7791654,ELEMERA,P467051,1,3.762,3.762,36,3.23532,3.23532,0.52668
5/6/2017,INV7791654,ELEMERA,P854379,1,41.3307,41.3307,36,35.544402,35.544402,5.786298
5/6/2017,INV7791654,ELEMERA,P604590,1,3.762,3.762,36,3.23532,3.23532,0.52668
5/6/2017,INV7791654,ELEMERA,P485322,2,2.9754,5.9508,36,2.558844,5.117688,0.833112
6/22/2017,INV7791436,ELEMERA,P467051,1,3.762,3.762,36,3.23532,3.23532,0.52668
6/22/2017,INV7791436,ELEMERA,P854379,1,41.3307,41.3307,36,35.544402,35.544402,5.786298
6/22/2017,INV7791436,ELEMERA,P485322,2,2.9754,5.9508,36,2.558844,5.117688,0.833112
6/22/2017,INV7791436,ELEMERA,P496406,1,56.9088,56.9088,36,48.941568,48.941568,7.967232
6/22/2017,INV7791436,ELEMERA,P988038,1,835.3521,835.3521,36,718.402806,718.402806,116.949294
6/22/2017,INV7791436,ELEMERA,P741444,1,25.821,25.821,36,22.20606,22.20606,3.61494
6/22/2017,INV7791436,ELEMERA,P407371,1,195.453,195.453,36,168.08958,168.08958,27.36342
9/29/2017,INV7790398,ELEMERA,P467051,4,3.762,15.048,36,3.23532,12.94128,2.10672
9/29/2017,INV7790398,ELEMERA,P485322,1,2.9754,2.9754,36,2.558844,2.558844,0.416556
9/29/2017,INV7790398,ELEMERA,P496406,1,56.9088,56.9088,36,48.941568,48.941568,7.967232
9/29/2017,INV7790398,ELEMERA,P242658,1,9.5247,9.5247,36,8.191242,8.191242,1.333458
9/29/2017,INV7790398,ELEMERA,P546093,1,827.4006,827.4006,36,711.564516,711.564516,115.836084
9/29/2017,INV7790398,ELEMERA,P802256,4,39.5352,158.1408,36,34.000272,136.001088,22.139712
9/29/2017,INV7790398,ELEMERA,P988038,1,835.3521,835.3521,36,718.402806,718.402806,116.949294
9/29/2017,INV7790398,ELEMERA,P605468,1,301.2336,301.2336,36,259.060896,259.060896,42.172704
9/29/2017,INV7790398,ELEMERA,P731019,4,22.7772,91.1088,36,19.588392,78.353568,12.755232
9/8/2018,INV7786873,ELEMERA,P467051,1,3.762,3.762,36,3.23532,3.23532,0.52668
9/8/2018,INV7786873,ELEMERA,P171858,1,3.9672,3.9672,36,3.411792,3.411792,0.555408
9/8/2018,INV7786873,ELEMERA,P485322,2,2.9754,5.9508,36,2.558844,5.117688,0.833112
9/8/2018,INV7786873,ELEMERA,P195858,1,8.0541,8.0541,36,6.926526,6.926526,1.127574
8/14/2018,INV7786795,ELEMERA,P467051,4,3.762,15.048,36,3.23532,12.94128,2.10672
8/14/2018,INV7786795,ELEMERA,P854379,4,41.3307,165.3228,36,35.544402,142.177608,23.145192
8/14/2018,INV7786795,ELEMERA,P240932,2,58.995,117.99,36,50.7357,101.4714,16.5186
8/14/2018,INV7786795,ELEMERA,P485322,4,2.9754,11.9016,36,2.558844,10.235376,1.666224
8/14/2018,INV7786795,ELEMERA,P741444,2,25.821,51.642,36,22.20606,44.41212,7.22988
3/20/2019,INV7783677,ELEMERA,P467051,10,3.762,37.62,36,3.23532,32.3532,5.2668
3/20/2019,INV7783677,ELEMERA,P854379,10,41.3307,413.307,36,35.544402,355.44402,57.86298
3/20/2019,INV7783677,ELEMERA,P474152,10,2.7189,27.189,36,2.338254,23.38254,3.80646
3/20/2019,INV7783677,ELEMERA,P485322,10,2.9754,29.754,36,2.558844,25.58844,4.16556
9/5/2019,INV7782989,ELEMERA,P467051,20,3.762,75.24,36,3.23532,64.7064,10.5336
9/5/2019,INV7782989,ELEMERA,P240932,3,58.995,176.985,36,50.7357,152.2071,24.7779
9/5/2019,INV7782989,ELEMERA,P485322,20,2.9754,59.508,36,2.558844,51.17688,8.33112
6/21/2019,INV7782373,ELEMERA,P467051,2,3.762,7.524,36,3.23532,6.47064,1.05336
6/21/2019,INV7782373,ELEMERA,P854379,2,41.3307,82.6614,36,35.544402,71.088804,11.572596
6/21/2019,INV7782373,ELEMERA,P604590,2,3.762,7.524,36,3.23532,6.47064,1.05336
6/21/2019,INV7782373,ELEMERA,P485322,2,2.9754,5.9508,36,2.558844,5.117688,0.833112
7/24/2019,INV7781912,ELEMERA,P467051,10,3.762,37.62,36,3.23532,32.3532,5.2668
7/24/2019,INV7781912,ELEMERA,P854379,10,41.3307,413.307,36,35.544402,355.44402,57.86298
9/19/2019,INV7781228,ELEMERA,P467051,10,3.762,37.62,36,3.23532,32.3532,5.2668
9/19/2019,INV7781228,ELEMERA,P413949,2,65.8692,131.7384,36,56.647512,113.295024,18.443376
9/19/2019,INV7781228,ELEMERA,P240932,2,58.995,117.99,36,50.7357,101.4714,16.5186
12/11/2019,INV7780588,ELEMERA,P467051,10,3.762,37.62,36,3.23532,32.3532,5.2668
12/11/2019,INV7780588,ELEMERA,P371535,4,22.9995,91.998,36,19.77957,79.11828,12.87972
12/11/2019,INV7780588,ELEMERA,P169578,6,25.3935,152.361,36,21.83841,131.03046,21.33054
12/11/2019,INV7780588,ELEMERA,P555586,4,31.0878,124.3512,36,26.735508,106.942032,17.409168
12/11/2019,INV7780587,ELEMERA,P467051,3,3.762,11.286,36,3.23532,9.70596,1.58004
12/11/2019,INV7780587,ELEMERA,P854379,2,41.3307,82.6614,36,35.544402,71.088804,11.572596
12/11/2019,INV7780587,ELEMERA,P126587,2,17.7156,35.4312,36,15.235416,30.470832,4.960368
12/11/2019,INV7780587,ELEMERA,P783183,2,42.7158,85.4316,36,36.735588,73.471176,11.960424
12/11/2019,INV7780587,ELEMERA,P648750,2,8.9604,17.9208,36,7.705944,15.411888,2.508912
12/11/2019,INV7780587,ELEMERA,P568555,3,40.0482,120.1446,36,34.441452,103.324356,16.820244
12/11/2019,INV7780587,ELEMERA,P908527,2,3.762,7.524,36,3.23532,6.47064,1.05336
12/11/2019,INV7780587,ELEMERA,P286764,2,3.0096,6.0192,36,2.588256,5.176512,0.842688
1/14/2020,INV7779951,ELEMERA,P467051,1,3.762,3.762,36,3.23532,3.23532,0.52668
1/14/2020,INV7779951,ELEMERA,P171858,1,3.9672,3.9672,36,3.411792,3.411792,0.555408
1/14/2020,INV7779951,ELEMERA,P854379,2,41.3307,82.6614,36,35.544402,71.088804,11.572596
1/14/2020,INV7779951,ELEMERA,P240932,2,58.995,117.99,36,50.7357,101.4714,16.5186
1/14/2020,INV7779951,ELEMERA,P848861,2,38.3553,76.7106,36,32.985558,65.971116,10.739484
1/14/2020,INV7779951,ELEMERA,P485322,2,2.9754,5.9508,36,2.558844,5.117688,0.833112
1/14/2020,INV7779951,ELEMERA,P386494,1,728.6823,728.6823,36,626.666778,626.666778,102.015522
1/14/2020,INV7779951,ELEMERA,P954530,1,21.3921,21.3921,36,18.397206,18.397206,2.994894
1/14/2020,INV7779951,ELEMERA,P903521,1,344.4795,344.4795,36,296.25237,296.25237,48.22713
9/4/2020,INV7779038,ELEMERA,P467051,6,3.8133,22.8798,36,3.279438,19.676628,3.203172
9/4/2020,INV7779038,ELEMERA,P981084,1,23.4783,23.4783,36,20.191338,20.191338,3.286962
9/4/2020,INV7779038,ELEMERA,P349109,1,22.9653,22.9653,36,19.750158,19.750158,3.215142
3/9/2020,INV7777640,ELEMERA,P467051,2,3.8133,7.6266,36,3.279438,6.558876,1.067724
3/9/2020,INV7777640,ELEMERA,P854379,2,41.9463,83.8926,36,36.073818,72.147636,11.744964
3/9/2020,INV7777640,ELEMERA,P604590,2,3.8133,7.6266,36,3.279438,6.558876,1.067724
3/9/2020,INV7777640,ELEMERA,P485322,4,3.0267,12.1068,36,2.602962,10.411848,1.694952
3/9/2020,INV7777640,ELEMERA,P386494,1,595.6443,595.6443,36,512.254098,512.254098,83.390202
6/21/2013,INV7803939,ELEMERA,P171858,1,6.2757,6.2757,36,5.397102,5.397102,0.878598
6/21/2013,INV7803939,ELEMERA,P854379,1,37.107,37.107,36,31.91202,31.91202,5.19498
6/21/2013,INV7803939,ELEMERA,P604590,1,3.0096,3.0096,36,2.588256,2.588256,0.421344
6/21/2013,INV7803939,ELEMERA,P485322,2,2.907,5.814,36,2.50002,5.00004,0.81396
3/11/2015,INV7797421,ELEMERA,P171858,6,3.9672,23.8032,36,3.411792,20.470752,3.332448
3/11/2015,INV7797421,ELEMERA,P854379,4,41.3307,165.3228,36,35.544402,142.177608,23.145192
3/11/2015,INV7797421,ELEMERA,P485322,14,2.9754,41.6556,36,2.558844,35.823816,5.831784
3/11/2015,INV7797421,ELEMERA,P770621,6,22.4181,134.5086,36,19.279566,115.677396,18.831204
3/11/2015,INV7797421,ELEMERA,P605468,2,301.2336,602.4672,36,259.060896,518.121792,84.345408
12/28/2017,INV7789508,ELEMERA,P171858,20,3.9672,79.344,36,3.411792,68.23584,11.10816
12/28/2017,INV7789508,ELEMERA,P604590,20,3.762,75.24,36,3.23532,64.7064,10.5336
7/16/2012,INV7806085,ELEMERA,P309042,2,12.7395,25.479,36,10.95597,21.91194,3.56706
7/16/2012,INV7806085,ELEMERA,P545363,1,13.4577,13.4577,36,11.573622,11.573622,1.884078
12/3/2013,INV7804603,ELEMERA,P309042,2,12.7395,25.479,36,10.95597,21.91194,3.56706
3/20/2013,INV7804534,ELEMERA,P309042,1,12.7395,12.7395,36,10.95597,10.95597,1.78353
3/20/2013,INV7804534,ELEMERA,P485322,2,2.907,5.814,36,2.50002,5.00004,0.81396
3/23/2010,INV7811303,ELEMERA,P854379,1,9.6957,9.6957,36,8.338302,8.338302,1.357398
3/23/2010,INV7811303,ELEMERA,P617811,2,8.7552,17.5104,36,7.529472,15.058944,2.451456
3/23/2010,INV7811303,ELEMERA,P623602,2,11.1663,22.3326,36,9.603018,19.206036,3.126564
3/23/2010,INV7811303,ELEMERA,P201601,1,84.7476,84.7476,36,72.882936,72.882936,11.864664
3/23/2010,INV7811303,ELEMERA,P263903,4,0.8892,3.5568,36,0.764712,3.058848,0.497952
3/23/2010,INV7811303,ELEMERA,P327148,2,21.5973,43.1946,36,18.573678,37.147356,6.047244
3/23/2010,INV7811303,ELEMERA,P140181,2,21.4947,42.9894,36,18.485442,36.970884,6.018516
3/23/2010,INV7811303,ELEMERA,P276162,2,2.4795,4.959,36,2.13237,4.26474,0.69426
3/23/2010,INV7811303,ELEMERA,P276603,4,0.8379,3.3516,36,0.720594,2.882376,0.469224
3/23/2010,INV7811303,ELEMERA,P875701,3,0.6498,1.9494,36,0.558828,1.676484,0.272916
3/23/2010,INV7811303,ELEMERA,P281509,2,1.0944,2.1888,36,0.941184,1.882368,0.306432
7/13/2010,INV7810680,ELEMERA,P854379,1,9.6957,9.6957,36,8.338302,8.338302,1.357398
7/13/2010,INV7810680,ELEMERA,P546093,1,748.2618,748.2618,36,643.505148,643.505148,104.756652
7/13/2010,INV7810680,ELEMERA,P852028,1,21.9564,21.9564,36,18.882504,18.882504,3.073896
5/5/2011,INV7808927,ELEMERA,P854379,2,9.6957,19.3914,36,8.338302,16.676604,2.714796
5/5/2011,INV7808927,ELEMERA,P327148,2,21.5973,43.1946,36,18.573678,37.147356,6.047244
5/5/2011,INV7808927,ELEMERA,P140181,2,21.4947,42.9894,36,18.485442,36.970884,6.018516
5/5/2011,INV7808927,ELEMERA,P609260,4,12.5685,50.274,36,10.80891,43.23564,7.03836
5/5/2011,INV7808927,ELEMERA,P386494,1,515.6847,515.6847,36,443.488842,443.488842,72.195858
5/5/2011,INV7808927,ELEMERA,P386494,1,515.6847,515.6847,36,443.488842,443.488842,72.195858
5/26/2011,INV7808758,ELEMERA,P854379,2,9.6957,19.3914,36,8.338302,16.676604,2.714796
7/7/2011,INV7808440,ELEMERA,P854379,2,9.6957,19.3914,36,8.338302,16.676604,2.714796
7/26/2011,INV7808329,ELEMERA,P854379,10,9.6957,96.957,36,8.338302,83.38302,13.57398
3/15/2012,INV7806879,ELEMERA,P854379,1,10.1745,10.1745,36,8.75007,8.75007,1.42443
2/7/2012,INV7806175,ELEMERA,P854379,1,10.1745,10.1745,36,8.75007,8.75007,1.42443
8/20/2012,INV7805858,ELEMERA,P854379,2,10.1745,20.349,36,8.75007,17.50014,2.84886
9/11/2012,INV7805324,ELEMERA,P854379,1,10.1745,10.1745,36,8.75007,8.75007,1.42443
12/19/2012,INV7805049,ELEMERA,P854379,4,10.1745,40.698,36,8.75007,35.00028,5.69772
12/19/2012,INV7805049,ELEMERA,P604590,3,2.9412,8.8236,36,2.529432,7.588296,1.235304
12/19/2012,INV7805049,ELEMERA,P485322,8,2.907,23.256,36,2.50002,20.00016,3.25584
2/28/2013,INV7804685,ELEMERA,P854379,2,10.1745,20.349,36,8.75007,17.50014,2.84886
5/13/2013,INV7804217,ELEMERA,P854379,1,10.1745,10.1745,36,8.75007,8.75007,1.42443
5/13/2013,INV7804217,ELEMERA,P253339,2,247.95,495.9,36,213.237,426.474,69.426
5/30/2013,INV7804085,ELEMERA,P854379,1,10.1745,10.1745,36,8.75007,8.75007,1.42443
5/30/2013,INV7804085,ELEMERA,P386494,1,541.4715,541.4715,36,465.66549,465.66549,75.80601
12/7/2013,INV7803771,ELEMERA,P854379,1,37.107,37.107,36,31.91202,31.91202,5.19498
12/7/2013,INV7803771,ELEMERA,P604590,1,3.0096,3.0096,36,2.588256,2.588256,0.421344
12/7/2013,INV7803771,ELEMERA,P201601,1,88.9884,88.9884,36,76.530024,76.530024,12.458376
12/7/2013,INV7803771,ELEMERA,P140181,2,22.572,45.144,36,19.41192,38.82384,6.32016
12/7/2013,INV7803771,ELEMERA,P386520,1,82.764,82.764,36,71.17704,71.17704,11.58696
12/7/2013,INV7803771,ELEMERA,P318865,1,82.0971,82.0971,36,70.603506,70.603506,11.493594
12/7/2013,INV7803771,ELEMERA,P750449,2,11.0637,22.1274,36,9.514782,19.029564,3.097836
12/7/2013,INV7803771,ELEMERA,P399293,1,681.606,681.606,36,586.18116,586.18116,95.42484
12/7/2013,INV7803771,ELEMERA,P237078,1,12.0897,12.0897,36,10.397142,10.397142,1.692558
12/7/2013,INV7803771,ELEMERA,P456718,2,10.6533,21.3066,36,9.161838,18.323676,2.982924
12/7/2013,INV7803771,ELEMERA,P606381,4,65.5614,262.2456,36,56.382804,225.531216,36.714384
7/23/2013,INV7803688,ELEMERA,P854379,3,37.107,111.321,36,31.91202,95.73606,15.58494
7/23/2013,INV7803688,ELEMERA,P686513,2,21.8196,43.6392,36,18.764856,37.529712,6.109488
7/23/2013,INV7803688,ELEMERA,P605468,1,265.9905,265.9905,36,228.75183,228.75183,37.23867
7/23/2013,INV7803688,ELEMERA,P605468,1,415.6155,415.6155,36,357.42933,357.42933,58.18617
7/30/2013,INV7803624,ELEMERA,P854379,3,37.107,111.321,36,31.91202,95.73606,15.58494
7/30/2013,INV7803624,ELEMERA,P201601,1,139.0401,139.0401,36,119.574486,119.574486,19.465614
7/30/2013,INV7803624,ELEMERA,P263903,6,0.3762,2.2572,36,0.323532,1.941192,0.316008
7/30/2013,INV7803624,ELEMERA,P140181,1,35.2602,35.2602,36,30.323772,30.323772,4.936428
7/30/2013,INV7803624,ELEMERA,P140181,1,22.572,22.572,36,19.41192,19.41192,3.16008
7/30/2013,INV7803624,ELEMERA,P875701,9,0.684,6.156,36,0.58824,5.29416,0.86184
7/30/2013,INV7803624,ELEMERA,P875701,1,0.684,0.684,36,0.58824,0.58824,0.09576
7/30/2013,INV7803624,ELEMERA,P242658,3,13.7313,41.1939,36,11.808918,35.426754,5.767146
7/30/2013,INV7803624,ELEMERA,P750449,2,17.2881,34.5762,36,14.867766,29.735532,4.840668
7/30/2013,INV7803624,ELEMERA,P630238,1,9.6102,9.6102,36,8.264772,8.264772,1.345428
7/30/2013,INV7803624,ELEMERA,P574484,1,11.9871,11.9871,36,10.308906,10.308906,1.678194
7/30/2013,INV7803624,ELEMERA,P975138,1,40.9374,40.9374,36,35.206164,35.206164,5.731236
7/30/2013,INV7803624,ELEMERA,P937437,1,25.5474,25.5474,36,21.970764,21.970764,3.576636
8/23/2013,INV7803444,ELEMERA,P854379,2,37.107,74.214,36,31.91202,63.82404,10.38996
9/20/2013,INV7803248,ELEMERA,P854379,6,37.107,222.642,36,31.91202,191.47212,31.16988
11/28/2013,INV7802844,ELEMERA,P854379,2,37.107,74.214,36,31.91202,63.82404,10.38996
2/21/2014,INV7802353,ELEMERA,P854379,1,38.0304,38.0304,36,32.706144,32.706144,5.324256
2/21/2014,INV7802353,ELEMERA,P386494,1,555.0147,555.0147,36,477.312642,477.312642,77.702058
2/21/2014,INV7802353,ELEMERA,P770621,1,22.9824,22.9824,36,19.764864,19.764864,3.217536
2/21/2014,INV7802353,ELEMERA,P608773,1,3.1122,3.1122,36,2.676492,2.676492,0.435708
2/25/2014,INV7802329,ELEMERA,P854379,1,38.0304,38.0304,36,32.706144,32.706144,5.324256
2/25/2014,INV7802329,ELEMERA,P770621,4,22.9824,91.9296,36,19.764864,79.059456,12.870144
2/25/2014,INV7802329,ELEMERA,P608773,9,3.1122,28.0098,36,2.676492,24.088428,3.921372
2/25/2014,INV7802323,ELEMERA,P854379,1,38.0304,38.0304,36,32.706144,32.706144,5.324256
5/6/2014,INV7801691,ELEMERA,P854379,2,41.3307,82.6614,36,35.544402,71.088804,11.572596
5/6/2014,INV7801691,ELEMERA,P496406,2,49.7781,99.5562,36,42.809166,85.618332,13.937868
5/6/2014,INV7801691,ELEMERA,P780060,1,189.2799,189.2799,36,162.780714,162.780714,26.499186
5/6/2014,INV7801691,ELEMERA,P204596,1,189.2799,189.2799,36,162.780714,162.780714,26.499186
11/6/2014,INV7801661,ELEMERA,P854379,1,41.3307,41.3307,36,35.544402,35.544402,5.786298
11/6/2014,INV7801661,ELEMERA,P485322,1,2.9754,2.9754,36,2.558844,2.558844,0.416556
1/7/2014,INV7801512,ELEMERA,P854379,1,41.3307,41.3307,36,35.544402,35.544402,5.786298
8/14/2014,INV7801148,ELEMERA,P854379,2,41.3307,82.6614,36,35.544402,71.088804,11.572596
10/20/2014,INV7800677,ELEMERA,P854379,1,41.3307,41.3307,36,35.544402,35.544402,5.786298
10/21/2014,INV7800670,ELEMERA,P854379,1,41.3307,41.3307,36,35.544402,35.544402,5.786298
10/21/2014,INV7800670,ELEMERA,P211523,1,206.8245,206.8245,36,177.86907,177.86907,28.95543
1/12/2014,INV7800381,ELEMERA,P854379,1,41.3307,41.3307,36,35.544402,35.544402,5.786298
2/12/2014,INV7800361,ELEMERA,P854379,1,41.3307,41.3307,36,35.544402,35.544402,5.786298
2/12/2014,INV7800361,ELEMERA,P741444,1,25.821,25.821,36,22.20606,22.20606,3.61494
2/12/2014,INV7800360,ELEMERA,P854379,1,41.3307,41.3307,36,35.544402,35.544402,5.786298
2/12/2014,INV7800360,ELEMERA,P741444,1,25.821,25.821,36,22.20606,22.20606,3.61494
1/14/2015,INV7800101,ELEMERA,P854379,1,41.3307,41.3307,36,35.544402,35.544402,5.786298
9/2/2015,INV7799945,ELEMERA,P854379,2,41.3307,82.6614,36,35.544402,71.088804,11.572596
9/2/2015,INV7799945,ELEMERA,P496406,1,49.7781,49.7781,36,42.809166,42.809166,6.968934
10/3/2015,INV7799714,ELEMERA,P854379,1,41.3307,41.3307,36,35.544402,35.544402,5.786298
3/26/2015,INV7799594,ELEMERA,P854379,10,41.3307,413.307,36,35.544402,355.44402,57.86298
4/20/2015,INV7799424,ELEMERA,P854379,1,41.3307,41.3307,36,35.544402,35.544402,5.786298
4/27/2015,INV7799384,ELEMERA,P854379,1,41.3307,41.3307,36,35.544402,35.544402,5.786298
4/27/2015,INV7799384,ELEMERA,P604590,1,3.762,3.762,36,3.23532,3.23532,0.52668
4/27/2015,INV7799384,ELEMERA,P954530,1,15.4071,15.4071,36,13.250106,13.250106,2.156994
4/27/2015,INV7799380,ELEMERA,P854379,1,41.3307,41.3307,36,35.544402,35.544402,5.786298
5/19/2015,INV7799174,ELEMERA,P854379,1,41.3307,41.3307,36,35.544402,35.544402,5.786298
5/19/2015,INV7799174,ELEMERA,P496406,1,49.7781,49.7781,36,42.809166,42.809166,6.968934
5/19/2015,INV7799174,ELEMERA,P348273,1,684.1539,684.1539,36,588.372354,588.372354,95.781546
5/19/2015,INV7799175,ELEMERA,P854379,1,41.3307,41.3307,36,35.544402,35.544402,5.786298
5/19/2015,INV7799175,ELEMERA,P496406,2,49.7781,99.5562,36,42.809166,85.618332,13.937868
5/19/2015,INV7799175,ELEMERA,P741444,1,25.821,25.821,36,22.20606,22.20606,3.61494
5/19/2015,INV7799175,ELEMERA,P741444,1,25.821,25.821,36,22.20606,22.20606,3.61494
5/19/2015,INV7799176,ELEMERA,P854379,1,41.3307,41.3307,36,35.544402,35.544402,5.786298
5/19/2015,INV7799176,ELEMERA,P485322,8,2.9754,23.8032,36,2.558844,20.470752,3.332448
5/19/2015,INV7799176,ELEMERA,P496406,1,49.7781,49.7781,36,42.809166,42.809166,6.968934
5/19/2015,INV7799176,ELEMERA,P741444,1,25.821,25.821,36,22.20606,22.20606,3.61494
7/21/2015,INV7798668,ELEMERA,P854379,1,41.3307,41.3307,36,35.544402,35.544402,5.786298
1/10/2015,INV7797800,ELEMERA,P854379,6,41.3307,247.9842,36,35.544402,213.266412,34.717788
10/16/2015,INV7797643,ELEMERA,P854379,1,41.3307,41.3307,36,35.544402,35.544402,5.786298
11/17/2015,INV7797246,ELEMERA,P854379,4,41.3307,165.3228,36,35.544402,142.177608,23.145192
11/17/2015,INV7797246,ELEMERA,P496406,1,49.7781,49.7781,36,42.809166,42.809166,6.968934
11/17/2015,INV7797246,ELEMERA,P741444,1,25.821,25.821,36,22.20606,22.20606,3.61494
11/17/2015,INV7797246,ELEMERA,P870032,6,3.9672,23.8032,36,3.411792,20.470752,3.332448
8/1/2016,INV7796689,ELEMERA,P854379,1,41.3307,41.3307,36,35.544402,35.544402,5.786298
8/1/2016,INV7796689,ELEMERA,P985396,20,2.7702,55.404,36,2.382372,47.64744,7.75656
8/1/2016,INV7796689,ELEMERA,P964615,20,6.7374,134.748,36,5.794164,115.88328,18.86472
8/1/2016,INV7796689,ELEMERA,P384305,15,63.8856,958.284,36,54.941616,824.12424,134.15976
9/2/2016,INV7796331,ELEMERA,P854379,1,41.3307,41.3307,36,35.544402,35.544402,5.786298
12/2/2016,INV7796272,ELEMERA,P854379,2,41.3307,82.6614,36,35.544402,71.088804,11.572596
11/4/2016,INV7795633,ELEMERA,P854379,2,41.3307,82.6614,36,35.544402,71.088804,11.572596
7/21/2016,INV7794624,ELEMERA,P854379,4,41.3307,165.3228,36,35.544402,142.177608,23.145192
7/21/2016,INV7794624,ELEMERA,P485322,12,2.9754,35.7048,36,2.558844,30.706128,4.998672
7/21/2016,INV7794624,ELEMERA,P496406,6,50.7528,304.5168,36,43.647408,261.884448,42.632352
7/21/2016,INV7794624,ELEMERA,P770621,4,22.4181,89.6724,36,19.279566,77.118264,12.554136
7/21/2016,INV7794624,ELEMERA,P605468,2,301.2336,602.4672,36,259.060896,518.121792,84.345408
7/21/2016,INV7794624,ELEMERA,P741444,6,25.821,154.926,36,22.20606,133.23636,21.68964
8/18/2016,INV7794321,ELEMERA,P854379,10,41.3307,413.307,36,35.544402,355.44402,57.86298
8/18/2016,INV7794321,ELEMERA,P934398,1,10.2087,10.2087,36,8.779482,8.779482,1.429218
8/18/2016,INV7794321,ELEMERA,P496406,2,50.7528,101.5056,36,43.647408,87.294816,14.210784
8/18/2016,INV7794321,ELEMERA,P741444,2,25.821,51.642,36,22.20606,44.41212,7.22988
8/18/2016,INV7794321,ELEMERA,P564315,4,45.4689,181.8756,36,39.103254,156.413016,25.462584
8/18/2016,INV7794321,ELEMERA,P995055,1,672.5088,672.5088,36,578.357568,578.357568,94.151232
8/18/2016,INV7794321,ELEMERA,P408278,1,91.827,91.827,36,78.97122,78.97122,12.85578
8/18/2016,INV7794321,ELEMERA,P493318,1,385.6221,385.6221,36,331.635006,331.635006,53.987094
8/17/2016,INV7794336,ELEMERA,P854379,1,41.3307,41.3307,36,35.544402,35.544402,5.786298
8/17/2016,INV7794336,ELEMERA,P297035,1,97.6923,97.6923,36,84.015378,84.015378,13.676922
8/17/2016,INV7794336,ELEMERA,P741444,1,25.821,25.821,36,22.20606,22.20606,3.61494
8/29/2016,INV7794223,ELEMERA,P854379,3,41.3307,123.9921,36,35.544402,106.633206,17.358894
8/29/2016,INV7794223,ELEMERA,P604590,3,3.762,11.286,36,3.23532,9.70596,1.58004
8/29/2016,INV7794223,ELEMERA,P496406,2,50.7528,101.5056,36,43.647408,87.294816,14.210784
8/29/2016,INV7794223,ELEMERA,P802256,6,39.0735,234.441,36,33.60321,201.61926,32.82174
8/29/2016,INV7794223,ELEMERA,P741444,2,25.821,51.642,36,22.20606,44.41212,7.22988
9/13/2016,INV7794109,ELEMERA,P854379,1,41.3307,41.3307,36,35.544402,35.544402,5.786298
9/13/2016,INV7794109,ELEMERA,P604590,1,3.762,3.762,36,3.23532,3.23532,0.52668
9/26/2016,INV7793985,ELEMERA,P854379,2,41.3307,82.6614,36,35.544402,71.088804,11.572596
9/26/2016,INV7793985,ELEMERA,P604590,2,3.762,7.524,36,3.23532,6.47064,1.05336
9/26/2016,INV7793985,ELEMERA,P939365,1,24.0939,24.0939,36,20.720754,20.720754,3.373146
11/16/2016,INV7793504,ELEMERA,P854379,1,41.3307,41.3307,36,35.544402,35.544402,5.786298
11/16/2016,INV7793504,ELEMERA,P848861,2,38.3553,76.7106,36,32.985558,65.971116,10.739484
11/16/2016,INV7793504,ELEMERA,P604590,1,3.762,3.762,36,3.23532,3.23532,0.52668
11/16/2016,INV7793504,ELEMERA,P741444,2,25.821,51.642,36,22.20606,44.41212,7.22988
7/12/2016,INV7793303,ELEMERA,P854379,1,41.3307,41.3307,36,35.544402,35.544402,5.786298
2/23/2017,INV7792722,ELEMERA,P854379,1,41.3307,41.3307,36,35.544402,35.544402,5.786298
2/23/2017,INV7792722,ELEMERA,P485322,1,2.9754,2.9754,36,2.558844,2.558844,0.416556
2/23/2017,INV7792722,ELEMERA,P297035,1,97.6923,97.6923,36,84.015378,84.015378,13.676922
2/23/2017,INV7792722,ELEMERA,P407371,1,195.453,195.453,36,168.08958,168.08958,27.36342
3/20/2017,INV7792475,ELEMERA,P854379,1,41.3307,41.3307,36,35.544402,35.544402,5.786298
11/4/2017,INV7792226,ELEMERA,P854379,3,41.3307,123.9921,36,35.544402,106.633206,17.358894
11/4/2017,INV7792226,ELEMERA,P485322,3,2.9754,8.9262,36,2.558844,7.676532,1.249668
11/4/2017,INV7792226,ELEMERA,P496406,3,56.9088,170.7264,36,48.941568,146.824704,23.901696
11/4/2017,INV7792226,ELEMERA,P348223,2,5.8824,11.7648,36,5.058864,10.117728,1.647072
11/4/2017,INV7792226,ELEMERA,P233222,6,21.9564,131.7384,36,18.882504,113.295024,18.443376
11/4/2017,INV7792226,ELEMERA,P770621,2,22.4181,44.8362,36,19.279566,38.559132,6.277068
11/4/2017,INV7792226,ELEMERA,P770621,1,22.4181,22.4181,36,19.279566,19.279566,3.138534
11/4/2017,INV7792226,ELEMERA,P741444,3,25.821,77.463,36,22.20606,66.61818,10.84482
11/5/2017,INV7791917,ELEMERA,P854379,1,41.3307,41.3307,36,35.544402,35.544402,5.786298
11/5/2017,INV7791917,ELEMERA,P485322,1,2.9754,2.9754,36,2.558844,2.558844,0.416556
11/5/2017,INV7791917,ELEMERA,P496406,1,56.9088,56.9088,36,48.941568,48.941568,7.967232
5/15/2017,INV7791890,ELEMERA,P854379,1,41.3307,41.3307,36,35.544402,35.544402,5.786298
5/15/2017,INV7791890,ELEMERA,P666583,2,0.684,1.368,36,0.58824,1.17648,0.19152
5/15/2017,INV7791890,ELEMERA,P817199,2,15.1506,30.3012,36,13.029516,26.059032,4.242168
5/15/2017,INV7791890,ELEMERA,P802256,4,39.5352,158.1408,36,34.000272,136.001088,22.139712
1/6/2017,INV7791687,ELEMERA,P854379,2,41.3307,82.6614,36,35.544402,71.088804,11.572596
6/6/2017,INV7791640,ELEMERA,P854379,2,41.3307,82.6614,36,35.544402,71.088804,11.572596
8/21/2017,INV7790838,ELEMERA,P854379,2,41.3307,82.6614,36,35.544402,71.088804,11.572596
8/21/2017,INV7790838,ELEMERA,P605468,1,301.2336,301.2336,36,259.060896,259.060896,42.172704
8/21/2017,INV7790838,ELEMERA,P741444,1,25.821,25.821,36,22.20606,22.20606,3.61494
8/21/2017,INV7790838,ELEMERA,P547431,1,144.6318,144.6318,36,124.383348,124.383348,20.248452
11/14/2017,INV7789919,ELEMERA,P854379,1,41.3307,41.3307,36,35.544402,35.544402,5.786298
11/14/2017,INV7789919,ELEMERA,P604590,1,3.762,3.762,36,3.23532,3.23532,0.52668
11/14/2017,INV7789919,ELEMERA,P605468,1,301.2336,301.2336,36,259.060896,259.060896,42.172704
11/16/2017,INV7789885,ELEMERA,P854379,4,41.3307,165.3228,36,35.544402,142.177608,23.145192
11/20/2017,INV7789863,ELEMERA,P854379,1,41.3307,41.3307,36,35.544402,35.544402,5.786298
11/20/2017,INV7789863,ELEMERA,P854379,1,41.3307,41.3307,36,35.544402,35.544402,5.786298
11/20/2017,INV7789863,ELEMERA,P496406,1,56.9088,56.9088,36,48.941568,48.941568,7.967232
11/20/2017,INV7789863,ELEMERA,P496406,1,56.9088,56.9088,36,48.941568,48.941568,7.967232
11/20/2017,INV7789863,ELEMERA,P741444,2,25.821,51.642,36,22.20606,44.41212,7.22988
11/20/2017,INV7789863,ELEMERA,P741444,2,25.821,51.642,36,22.20606,44.41212,7.22988
9/2/2018,INV7789095,ELEMERA,P854379,2,41.3307,82.6614,36,35.544402,71.088804,11.572596
3/13/2018,INV7788700,ELEMERA,P854379,5,41.3307,206.6535,36,35.544402,177.72201,28.93149
3/13/2018,INV7788700,ELEMERA,P413949,2,65.8692,131.7384,36,56.647512,113.295024,18.443376
3/13/2018,INV7788700,ELEMERA,P240932,2,58.995,117.99,36,50.7357,101.4714,16.5186
3/13/2018,INV7788700,ELEMERA,P496406,2,56.9088,113.8176,36,48.941568,97.883136,15.934464
3/13/2018,INV7788700,ELEMERA,P195858,15,8.0541,120.8115,36,6.926526,103.89789,16.91361
3/13/2018,INV7788700,ELEMERA,P195858,5,8.0541,40.2705,36,6.926526,34.63263,5.63787
3/13/2018,INV7788700,ELEMERA,P546093,2,827.4006,1654.8012,36,711.564516,1423.129032,231.672168
3/13/2018,INV7788700,ELEMERA,P988038,2,835.3521,1670.7042,36,718.402806,1436.805612,233.898588
3/13/2018,INV7788700,ELEMERA,P741444,2,25.821,51.642,36,22.20606,44.41212,7.22988
3/13/2018,INV7788700,ELEMERA,P407371,3,195.453,586.359,36,168.08958,504.26874,82.09026
6/3/2018,INV7788764,ELEMERA,P854379,10,41.3307,413.307,36,35.544402,355.44402,57.86298
12/4/2018,INV7788374,ELEMERA,P854379,2,41.3307,82.6614,36,35.544402,71.088804,11.572596
12/4/2018,INV7788374,ELEMERA,P854379,1,41.3307,41.3307,36,35.544402,35.544402,5.786298
12/4/2018,INV7788374,ELEMERA,P604590,1,3.762,3.762,36,3.23532,3.23532,0.52668
12/4/2018,INV7788374,ELEMERA,P605468,1,301.2336,301.2336,36,259.060896,259.060896,42.172704
9/5/2018,INV7788069,ELEMERA,P854379,1,41.3307,41.3307,36,35.544402,35.544402,5.786298
10/5/2018,INV7788040,ELEMERA,P854379,1,41.3307,41.3307,36,35.544402,35.544402,5.786298
10/5/2018,INV7788040,ELEMERA,P741444,1,25.821,25.821,36,22.20606,22.20606,3.61494
5/16/2018,INV7787968,ELEMERA,P854379,1,41.3307,41.3307,36,35.544402,35.544402,5.786298
5/16/2018,INV7787968,ELEMERA,P496406,1,56.9088,56.9088,36,48.941568,48.941568,7.967232
5/16/2018,INV7787968,ELEMERA,P622408,2,25.308,50.616,36,21.76488,43.52976,7.08624
5/16/2018,INV7787968,ELEMERA,P741444,1,25.821,25.821,36,22.20606,22.20606,3.61494
5/29/2018,INV7787819,ELEMERA,P854379,2,41.3307,82.6614,36,35.544402,71.088804,11.572596
5/30/2018,INV7787791,ELEMERA,P854379,1,41.3307,41.3307,36,35.544402,35.544402,5.786298
5/30/2018,INV7787791,ELEMERA,P496406,1,56.9088,56.9088,36,48.941568,48.941568,7.967232
5/30/2018,INV7787791,ELEMERA,P741444,2,25.821,51.642,36,22.20606,44.41212,7.22988
5/7/2018,INV7787400,ELEMERA,P854379,6,41.3307,247.9842,36,35.544402,213.266412,34.717788
5/7/2018,INV7787400,ELEMERA,P770621,1,22.4181,22.4181,36,19.279566,19.279566,3.138534
7/23/2018,INV7787140,ELEMERA,P854379,1,41.3307,41.3307,36,35.544402,35.544402,5.786298
7/23/2018,INV7787140,ELEMERA,P604590,1,3.762,3.762,36,3.23532,3.23532,0.52668
7/23/2018,INV7787140,ELEMERA,P907453,2,34.9353,69.8706,36,30.044358,60.088716,9.781884
6/8/2018,INV7786940,ELEMERA,P854379,1,41.3307,41.3307,36,35.544402,35.544402,5.786298
6/8/2018,INV7786940,ELEMERA,P496406,2,56.9088,113.8176,36,48.941568,97.883136,15.934464
8/22/2018,INV7786673,ELEMERA,P854379,4,41.3307,165.3228,36,35.544402,142.177608,23.145192
8/27/2018,INV7786611,ELEMERA,P854379,20,41.3307,826.614,36,35.544402,710.88804,115.72596
8/27/2018,INV7786611,ELEMERA,P496406,3,56.9088,170.7264,36,48.941568,146.824704,23.901696
8/27/2018,INV7786611,ELEMERA,P741444,6,25.821,154.926,36,22.20606,133.23636,21.68964
11/13/2018,INV7785474,ELEMERA,P854379,1,41.3307,41.3307,36,35.544402,35.544402,5.786298
11/13/2018,INV7785474,ELEMERA,P263903,4,0.3933,1.5732,36,0.338238,1.352952,0.220248
11/13/2018,INV7785474,ELEMERA,P327148,2,23.2389,46.4778,36,19.985454,39.970908,6.506892
11/13/2018,INV7785474,ELEMERA,P605468,1,301.2336,301.2336,36,259.060896,259.060896,42.172704
11/13/2018,INV7785474,ELEMERA,P741444,4,25.821,103.284,36,22.20606,88.82424,14.45976
11/13/2018,INV7785474,ELEMERA,P407371,1,195.453,195.453,36,168.08958,168.08958,27.36342
8/3/2019,INV7783860,ELEMERA,P854379,2,41.3307,82.6614,36,35.544402,71.088804,11.572596
8/3/2019,INV7783860,ELEMERA,P848861,1,38.3553,38.3553,36,32.985558,32.985558,5.369742
8/3/2019,INV7783860,ELEMERA,P485322,2,2.9754,5.9508,36,2.558844,5.117688,0.833112
3/7/2019,INV7782200,ELEMERA,P854379,5,41.3307,206.6535,36,35.544402,177.72201,28.93149
3/7/2019,INV7782200,ELEMERA,P496406,1,56.9088,56.9088,36,48.941568,48.941568,7.967232
3/7/2019,INV7782200,ELEMERA,P802256,6,46.17,277.02,36,39.7062,238.2372,38.7828
3/7/2019,INV7782200,ELEMERA,P605468,1,301.2336,301.2336,36,259.060896,259.060896,42.172704
8/23/2019,INV7781514,ELEMERA,P854379,4,41.3307,165.3228,36,35.544402,142.177608,23.145192
11/10/2019,INV7780977,ELEMERA,P854379,3,41.3307,123.9921,36,35.544402,106.633206,17.358894
12/17/2019,INV7780162,ELEMERA,P854379,1,41.3307,41.3307,36,35.544402,35.544402,5.786298
1/17/2020,INV7779910,ELEMERA,P854379,4,41.3307,165.3228,36,35.544402,142.177608,23.145192
1/17/2020,INV7779910,ELEMERA,P605468,1,512.3844,512.3844,36,440.650584,440.650584,71.733816
2/3/2020,INV7779407,ELEMERA,P854379,5,41.9463,209.7315,36,36.073818,180.36909,29.36241
5/21/2020,INV7778695,ELEMERA,P854379,3,41.9463,125.8389,36,36.073818,108.221454,17.617446
5/21/2020,INV7778695,ELEMERA,P770621,3,22.7601,68.2803,36,19.573686,58.721058,9.559242
5/21/2020,INV7778695,ELEMERA,P622408,3,25.7013,77.1039,36,22.103118,66.309354,10.794546
5/21/2020,INV7778695,ELEMERA,P789861,3,1.881,5.643,36,1.61766,4.85298,0.79002
5/21/2020,INV7778695,ELEMERA,P749263,2,305.5086,611.0172,36,262.737396,525.474792,85.542408
5/22/2020,INV7778677,ELEMERA,P854379,2,41.9463,83.8926,36,36.073818,72.147636,11.744964
7/30/2020,INV7777986,ELEMERA,P854379,1,41.9463,41.9463,36,36.073818,36.073818,5.872482
7/30/2020,INV7777986,ELEMERA,P386494,1,595.6443,595.6443,36,512.254098,512.254098,83.390202
10/23/2020,INV7777232,ELEMERA,P854379,1,41.9463,41.9463,36,36.073818,36.073818,5.872482
11/7/2013,INV7803795,ELEMERA,P474152,1,2.0691,2.0691,36,1.779426,1.779426,0.289674
11/7/2013,INV7803795,ELEMERA,P750449,2,11.0637,22.1274,36,9.514782,19.029564,3.097836
11/7/2013,INV7803795,ELEMERA,P237078,1,12.0897,12.0897,36,10.397142,10.397142,1.692558
11/7/2013,INV7803795,ELEMERA,P456718,2,10.6533,21.3066,36,9.161838,18.323676,2.982924
12/7/2013,INV7803762,ELEMERA,P474152,1,2.0691,2.0691,36,1.779426,1.779426,0.289674
12/7/2013,INV7803762,ELEMERA,P201601,1,88.9884,88.9884,36,76.530024,76.530024,12.458376
12/7/2013,INV7803762,ELEMERA,P496406,1,48.564,48.564,36,41.76504,41.76504,6.79896
12/7/2013,INV7803762,ELEMERA,P140181,2,22.572,45.144,36,19.41192,38.82384,6.32016
12/7/2013,INV7803762,ELEMERA,P666583,3,0.4788,1.4364,36,0.411768,1.235304,0.201096
12/7/2013,INV7803762,ELEMERA,P907862,1,1.197,1.197,36,1.02942,1.02942,0.16758
12/7/2013,INV7803762,ELEMERA,P388557,1,18.8613,18.8613,36,16.220718,16.220718,2.640582
12/7/2013,INV7803762,ELEMERA,P817199,3,14.7744,44.3232,36,12.705984,38.117952,6.205248
12/7/2013,INV7803762,ELEMERA,P546093,1,785.6766,785.6766,36,675.681876,675.681876,109.994724
12/7/2013,INV7803762,ELEMERA,P802256,3,16.3134,48.9402,36,14.029524,42.088572,6.851628
12/7/2013,INV7803762,ELEMERA,P181332,3,0.5985,1.7955,36,0.51471,1.54413,0.25137
12/7/2013,INV7803762,ELEMERA,P988038,1,785.6766,785.6766,36,675.681876,675.681876,109.994724
12/7/2013,INV7803762,ELEMERA,P750449,2,11.0637,22.1274,36,9.514782,19.029564,3.097836
12/7/2013,INV7803762,ELEMERA,P237078,1,12.0897,12.0897,36,10.397142,10.397142,1.692558
12/7/2013,INV7803762,ELEMERA,P456718,2,10.6533,21.3066,36,9.161838,18.323676,2.982924
5/11/2015,INV7797375,ELEMERA,P474152,4,2.1204,8.4816,36,1.823544,7.294176,1.187424
5/11/2015,INV7797375,ELEMERA,P474152,1,2.1204,2.1204,36,1.823544,1.823544,0.296856
5/11/2015,INV7797375,ELEMERA,P496406,2,49.7781,99.5562,36,42.809166,85.618332,13.937868
5/11/2015,INV7797375,ELEMERA,P140181,2,23.1363,46.2726,36,19.897218,39.794436,6.478164
5/11/2015,INV7797375,ELEMERA,P609260,10,13.509,135.09,36,11.61774,116.1774,18.9126
5/11/2015,INV7797375,ELEMERA,P895878,8,9.1143,72.9144,36,7.838298,62.706384,10.208016
5/11/2015,INV7797375,ELEMERA,P895878,2,9.1143,18.2286,36,7.838298,15.676596,2.552004
5/11/2015,INV7797375,ELEMERA,P388557,5,22.7772,113.886,36,19.588392,97.94196,15.94404
5/11/2015,INV7797375,ELEMERA,P817199,5,15.1506,75.753,36,13.029516,65.14758,10.60542
5/11/2015,INV7797375,ELEMERA,P348273,1,684.1539,684.1539,36,588.372354,588.372354,95.781546
5/11/2015,INV7797375,ELEMERA,P802256,6,39.0735,234.441,36,33.60321,201.61926,32.82174
8/24/2011,INV7808119,ELEMERA,P290269,1,10.5336,10.5336,36,9.058896,9.058896,1.474704
8/24/2011,INV7808119,ELEMERA,P901817,1,25.8894,25.8894,36,22.264884,22.264884,3.624516
10/28/2015,INV7797501,ELEMERA,P290269,1,5.0274,5.0274,36,4.323564,4.323564,0.703836
10/28/2015,INV7797501,ELEMERA,P546093,1,827.4006,827.4006,36,711.564516,711.564516,115.836084
8/24/2011,INV7808113,ELEMERA,P954581,2,2.7531,5.5062,36,2.367666,4.735332,0.770868
1/29/2010,INV7811585,ELEMERA,P413949,1,61.1838,61.1838,36,52.618068,52.618068,8.565732
10/6/2010,INV7810841,ELEMERA,P413949,2,61.1838,122.3676,36,52.618068,105.236136,17.131464
10/6/2010,INV7810841,ELEMERA,P848861,2,33.8238,67.6476,36,29.088468,58.176936,9.470664
10/6/2010,INV7810841,ELEMERA,P623602,2,11.1663,22.3326,36,9.603018,19.206036,3.126564
7/27/2010,INV7810573,ELEMERA,P413949,12,61.1838,734.2056,36,52.618068,631.416816,102.788784
7/27/2010,INV7810573,ELEMERA,P348444,1,887.9004,887.9004,36,763.594344,763.594344,124.306056
7/27/2010,INV7810573,ELEMERA,P165292,2,12.6027,25.2054,36,10.838322,21.676644,3.528756
7/27/2010,INV7810573,ELEMERA,P161758,2,28.728,57.456,36,24.70608,49.41216,8.04384
9/21/2010,INV7810211,ELEMERA,P413949,2,61.1838,122.3676,36,52.618068,105.236136,17.131464
9/21/2010,INV7810211,ELEMERA,P240932,2,75.6162,151.2324,36,65.029932,130.059864,21.172536
10/15/2010,INV7810050,ELEMERA,P413949,2,61.1838,122.3676,36,52.618068,105.236136,17.131464
10/15/2010,INV7810050,ELEMERA,P413949,2,61.1838,122.3676,36,52.618068,105.236136,17.131464
10/15/2010,INV7810050,ELEMERA,P240932,2,75.6162,151.2324,36,65.029932,130.059864,21.172536
10/15/2010,INV7810050,ELEMERA,P240932,2,75.6162,151.2324,36,65.029932,130.059864,21.172536
10/15/2010,INV7810050,ELEMERA,P869367,2,72.7092,145.4184,36,62.529912,125.059824,20.358576
10/15/2010,INV7810050,ELEMERA,P470213,2,66.7755,133.551,36,57.42693,114.85386,18.69714
10/15/2010,INV7810050,ELEMERA,P939365,2,22.3839,44.7678,36,19.250154,38.500308,6.267492
10/15/2010,INV7810050,ELEMERA,P939365,6,22.3839,134.3034,36,19.250154,115.500924,18.802476
10/15/2010,INV7810050,ELEMERA,P802256,6,87.0732,522.4392,36,74.882952,449.297712,73.141488
10/15/2010,INV7810050,ELEMERA,P802256,2,87.0732,174.1464,36,74.882952,149.765904,24.380496
1/25/2011,INV7809529,ELEMERA,P413949,2,61.1838,122.3676,36,52.618068,105.236136,17.131464
1/25/2011,INV7809529,ELEMERA,P413949,2,61.1838,122.3676,36,52.618068,105.236136,17.131464
1/25/2011,INV7809529,ELEMERA,P240932,1,75.6162,75.6162,36,65.029932,65.029932,10.586268
1/25/2011,INV7809529,ELEMERA,P240932,1,75.6162,75.6162,36,65.029932,65.029932,10.586268
1/25/2011,INV7809529,ELEMERA,P848861,1,33.8238,33.8238,36,29.088468,29.088468,4.735332
6/22/2011,INV7808567,ELEMERA,P413949,2,61.1838,122.3676,36,52.618068,105.236136,17.131464
1/17/2012,INV7807269,ELEMERA,P413949,2,61.1838,122.3676,36,52.618068,105.236136,17.131464
1/17/2012,INV7807269,ELEMERA,P240932,2,75.6162,151.2324,36,65.029932,130.059864,21.172536
7/2/2012,INV7807143,ELEMERA,P413949,1,64.2447,64.2447,36,55.250442,55.250442,8.994258
2/5/2012,INV7806583,ELEMERA,P413949,2,64.2447,128.4894,36,55.250442,110.500884,17.988516
2/5/2012,INV7806583,ELEMERA,P240932,3,79.3953,238.1859,36,68.279958,204.839874,33.346026
7/5/2012,INV7806565,ELEMERA,P413949,2,64.2447,128.4894,36,55.250442,110.500884,17.988516
7/5/2012,INV7806565,ELEMERA,P240932,2,79.3953,158.7906,36,68.279958,136.559916,22.230684
7/5/2012,INV7806565,ELEMERA,P187536,4,11.3886,45.5544,36,9.794196,39.176784,6.377616
6/13/2012,INV7806308,ELEMERA,P413949,2,64.2447,128.4894,36,55.250442,110.500884,17.988516
6/13/2012,INV7806308,ELEMERA,P240932,2,79.3953,158.7906,36,68.279958,136.559916,22.230684
6/13/2012,INV7806308,ELEMERA,P848861,2,35.4996,70.9992,36,30.529656,61.059312,9.939888
6/28/2012,INV7806191,ELEMERA,P413949,2,64.2447,128.4894,36,55.250442,110.500884,17.988516
6/28/2012,INV7806191,ELEMERA,P240932,2,79.3953,158.7906,36,68.279958,136.559916,22.230684
6/28/2012,INV7806191,ELEMERA,P765168,1,58.1229,58.1229,36,49.985694,49.985694,8.137206
6/28/2012,INV7806191,ELEMERA,P280868,4,41.5701,166.2804,36,35.750286,143.001144,23.279256
6/28/2012,INV7806191,ELEMERA,P496406,1,67.6476,67.6476,36,58.176936,58.176936,9.470664
6/28/2012,INV7806191,ELEMERA,P869367,1,116.8272,116.8272,36,100.471392,100.471392,16.355808
6/28/2012,INV7806191,ELEMERA,P869367,1,116.8272,116.8272,36,100.471392,100.471392,16.355808
6/28/2012,INV7806191,ELEMERA,P428542,1,207.5769,207.5769,36,178.516134,178.516134,29.060766
6/28/2012,INV7806191,ELEMERA,P873787,1,668.7297,668.7297,36,575.107542,575.107542,93.622158
6/29/2012,INV7806182,ELEMERA,P413949,1,64.2447,64.2447,36,55.250442,55.250442,8.994258
5/30/2013,INV7804096,ELEMERA,P413949,4,64.2447,256.9788,36,55.250442,221.001768,35.977032
5/30/2013,INV7804096,ELEMERA,P240932,4,56.4471,225.7884,36,48.544506,194.178024,31.610376
5/30/2013,INV7804096,ELEMERA,P710066,2,18.5022,37.0044,36,15.911892,31.823784,5.180616
5/30/2013,INV7804096,ELEMERA,P954530,1,28.2321,28.2321,36,24.279606,24.279606,3.952494
7/16/2013,INV7803735,ELEMERA,P413949,2,64.2447,128.4894,36,55.250442,110.500884,17.988516
8/27/2013,INV7803417,ELEMERA,P413949,1,64.2447,64.2447,36,55.250442,55.250442,8.994258
9/13/2013,INV7803293,ELEMERA,P413949,2,64.2447,128.4894,36,55.250442,110.500884,17.988516
2/25/2014,INV7802335,ELEMERA,P413949,2,65.8692,131.7384,36,56.647512,113.295024,18.443376
2/25/2014,INV7802335,ELEMERA,P240932,2,57.8664,115.7328,36,49.765104,99.530208,16.202592
2/25/2014,INV7802335,ELEMERA,P848861,1,36.3888,36.3888,36,31.294368,31.294368,5.094432
2/25/2014,INV7802335,ELEMERA,P496406,1,49.7781,49.7781,36,42.809166,42.809166,6.968934
2/25/2014,INV7802335,ELEMERA,P812732,1,667.8918,667.8918,36,574.386948,574.386948,93.504852
3/19/2014,INV7802168,ELEMERA,P413949,1,65.8692,65.8692,36,56.647512,56.647512,9.221688
3/20/2014,INV7802155,ELEMERA,P413949,1,65.8692,65.8692,36,56.647512,56.647512,9.221688
4/14/2014,INV7802006,ELEMERA,P413949,2,65.8692,131.7384,36,56.647512,113.295024,18.443376
4/14/2014,INV7802006,ELEMERA,P240932,2,57.8664,115.7328,36,49.765104,99.530208,16.202592
4/14/2014,INV7802006,ELEMERA,P386520,1,84.8331,84.8331,36,72.956466,72.956466,11.876634
4/15/2014,INV7801995,ELEMERA,P413949,1,65.8692,65.8692,36,56.647512,56.647512,9.221688
5/28/2014,INV7801741,ELEMERA,P413949,2,65.8692,131.7384,36,56.647512,113.295024,18.443376
3/6/2014,INV7801710,ELEMERA,P413949,2,65.8692,131.7384,36,56.647512,113.295024,18.443376
7/22/2014,INV7801332,ELEMERA,P413949,1,65.8692,65.8692,36,56.647512,56.647512,9.221688
7/22/2014,INV7801332,ELEMERA,P496406,1,49.7781,49.7781,36,42.809166,42.809166,6.968934
7/22/2014,INV7801332,ELEMERA,P368477,1,30.5406,30.5406,36,26.264916,26.264916,4.275684
4/9/2014,INV7800982,ELEMERA,P413949,2,65.8692,131.7384,36,56.647512,113.295024,18.443376
4/9/2014,INV7800982,ELEMERA,P240932,2,57.8664,115.7328,36,49.765104,99.530208,16.202592
4/9/2014,INV7800982,ELEMERA,P496406,1,49.7781,49.7781,36,42.809166,42.809166,6.968934
4/9/2014,INV7800982,ELEMERA,P609260,8,13.509,108.072,36,11.61774,92.94192,15.13008
4/9/2014,INV7800982,ELEMERA,P741444,1,33.2082,33.2082,36,28.559052,28.559052,4.649148
12/9/2014,INV7800920,ELEMERA,P413949,2,65.8692,131.7384,36,56.647512,113.295024,18.443376
8/12/2014,INV7800303,ELEMERA,P413949,2,65.8692,131.7384,36,56.647512,113.295024,18.443376
8/12/2014,INV7800303,ELEMERA,P240932,2,57.8664,115.7328,36,49.765104,99.530208,16.202592
10/2/2015,INV7799934,ELEMERA,P413949,1,65.8692,65.8692,36,56.647512,56.647512,9.221688
2/6/2015,INV7799079,ELEMERA,P413949,2,65.8692,131.7384,36,56.647512,113.295024,18.443376
6/16/2015,INV7798994,ELEMERA,P413949,1,65.8692,65.8692,36,56.647512,56.647512,9.221688
6/16/2015,INV7798994,ELEMERA,P240932,1,57.8664,57.8664,36,49.765104,49.765104,8.101296
6/16/2015,INV7798994,ELEMERA,P489494,2,42.1173,84.2346,36,36.220878,72.441756,11.792844
6/16/2015,INV7798994,ELEMERA,P609260,6,13.509,81.054,36,11.61774,69.70644,11.34756
6/16/2015,INV7798994,ELEMERA,P817199,2,15.1506,30.3012,36,13.029516,26.059032,4.242168
6/16/2015,INV7798994,ELEMERA,P802256,2,22.5891,45.1782,36,19.426626,38.853252,6.324948
8/25/2015,INV7798182,ELEMERA,P413949,1,65.8692,65.8692,36,56.647512,56.647512,9.221688
9/16/2015,INV7797942,ELEMERA,P413949,1,65.8692,65.8692,36,56.647512,56.647512,9.221688
8/10/2015,INV7797756,ELEMERA,P413949,1,65.8692,65.8692,36,56.647512,56.647512,9.221688
10/28/2015,INV7797494,ELEMERA,P413949,1,65.8692,65.8692,36,56.647512,56.647512,9.221688
11/16/2015,INV7797256,ELEMERA,P413949,1,65.8692,65.8692,36,56.647512,56.647512,9.221688
11/16/2015,INV7797256,ELEMERA,P925421,2,130.644,261.288,36,112.35384,224.70768,36.58032
8/12/2015,INV7796991,ELEMERA,P413949,1,65.8692,65.8692,36,56.647512,56.647512,9.221688
1/21/2016,INV7796548,ELEMERA,P413949,2,65.8692,131.7384,36,56.647512,113.295024,18.443376
1/21/2016,INV7796548,ELEMERA,P240932,2,57.8664,115.7328,36,49.765104,99.530208,16.202592
1/21/2016,INV7796548,ELEMERA,P496406,3,49.7781,149.3343,36,42.809166,128.427498,20.906802
1/21/2016,INV7796548,ELEMERA,P318865,1,77.8221,77.8221,36,66.927006,66.927006,10.895094
5/2/2016,INV7796383,ELEMERA,P413949,1,65.8692,65.8692,36,56.647512,56.647512,9.221688
11/2/2016,INV7796287,ELEMERA,P413949,1,65.8692,65.8692,36,56.647512,56.647512,9.221688
2/18/2016,INV7796217,ELEMERA,P413949,1,65.8692,65.8692,36,56.647512,56.647512,9.221688
4/13/2016,INV7795589,ELEMERA,P413949,2,65.8692,131.7384,36,56.647512,113.295024,18.443376
12/5/2016,INV7795346,ELEMERA,P413949,2,65.8692,131.7384,36,56.647512,113.295024,18.443376
5/26/2016,INV7795177,ELEMERA,P413949,2,65.8692,131.7384,36,56.647512,113.295024,18.443376
1/7/2016,INV7794820,ELEMERA,P413949,1,65.8692,65.8692,36,56.647512,56.647512,9.221688
1/7/2016,INV7794820,ELEMERA,P343576,1,6.6177,6.6177,36,5.691222,5.691222,0.926478
7/20/2016,INV7794646,ELEMERA,P413949,2,65.8692,131.7384,36,56.647512,113.295024,18.443376
7/20/2016,INV7794646,ELEMERA,P240932,4,58.995,235.98,36,50.7357,202.9428,33.0372
7/20/2016,INV7794646,ELEMERA,P732563,1,122.5557,122.5557,36,105.397902,105.397902,17.157798
7/21/2016,INV7794637,ELEMERA,P413949,2,65.8692,131.7384,36,56.647512,113.295024,18.443376
8/23/2016,INV7794280,ELEMERA,P413949,2,65.8692,131.7384,36,56.647512,113.295024,18.443376
8/23/2016,INV7794280,ELEMERA,P258838,1,646.5339,646.5339,36,556.019154,556.019154,90.514746
8/9/2016,INV7794134,ELEMERA,P413949,1,65.8692,65.8692,36,56.647512,56.647512,9.221688
8/9/2016,INV7794134,ELEMERA,P240932,1,58.995,58.995,36,50.7357,50.7357,8.2593
8/9/2016,INV7794134,ELEMERA,P350627,4,221.8383,887.3532,36,190.780938,763.123752,124.229448
9/23/2016,INV7794000,ELEMERA,P413949,1,65.8692,65.8692,36,56.647512,56.647512,9.221688
9/23/2016,INV7794000,ELEMERA,P386494,1,555.0147,555.0147,36,477.312642,477.312642,77.702058
9/15/2016,INV7794071,ELEMERA,P413949,2,65.8692,131.7384,36,56.647512,113.295024,18.443376
9/15/2016,INV7794071,ELEMERA,P240932,2,58.995,117.99,36,50.7357,101.4714,16.5186
9/15/2016,INV7794071,ELEMERA,P770621,1,22.4181,22.4181,36,19.279566,19.279566,3.138534
10/20/2016,INV7793761,ELEMERA,P413949,2,65.8692,131.7384,36,56.647512,113.295024,18.443376
11/18/2016,INV7793478,ELEMERA,P413949,2,65.8692,131.7384,36,56.647512,113.295024,18.443376
7/2/2017,INV7792899,ELEMERA,P413949,2,65.8692,131.7384,36,56.647512,113.295024,18.443376
3/3/2017,INV7792633,ELEMERA,P413949,2,65.8692,131.7384,36,56.647512,113.295024,18.443376
3/3/2017,INV7792633,ELEMERA,P240932,2,58.995,117.99,36,50.7357,101.4714,16.5186
3/3/2017,INV7792633,ELEMERA,P386494,1,555.0147,555.0147,36,477.312642,477.312642,77.702058
3/3/2017,INV7792633,ELEMERA,P770621,3,22.4181,67.2543,36,19.279566,57.838698,9.415602
9/6/2017,INV7791583,ELEMERA,P413949,1,65.8692,65.8692,36,56.647512,56.647512,9.221688
9/6/2017,INV7791583,ELEMERA,P386494,1,555.0147,555.0147,36,477.312642,477.312642,77.702058
9/6/2017,INV7791583,ELEMERA,P348223,1,5.8824,5.8824,36,5.058864,5.058864,0.823536
9/6/2017,INV7791583,ELEMERA,P233222,3,21.9564,65.8692,36,18.882504,56.647512,9.221688
4/19/2017,INV7792169,ELEMERA,P413949,2,65.8692,131.7384,36,56.647512,113.295024,18.443376
6/9/2017,INV7790627,ELEMERA,P413949,2,65.8692,131.7384,36,56.647512,113.295024,18.443376
6/9/2017,INV7790627,ELEMERA,P496406,1,56.9088,56.9088,36,48.941568,48.941568,7.967232
6/9/2017,INV7790627,ELEMERA,P368477,1,30.5406,30.5406,36,26.264916,26.264916,4.275684
8/9/2017,INV7790605,ELEMERA,P413949,1,65.8692,65.8692,36,56.647512,56.647512,9.221688
8/9/2017,INV7790605,ELEMERA,P496406,2,56.9088,113.8176,36,48.941568,97.883136,15.934464
6/10/2017,INV7790354,ELEMERA,P413949,2,65.8692,131.7384,36,56.647512,113.295024,18.443376
10/30/2017,INV7790104,ELEMERA,P413949,1,65.8692,65.8692,36,56.647512,56.647512,9.221688
10/30/2017,INV7790104,ELEMERA,P388557,1,22.7772,22.7772,36,19.588392,19.588392,3.188808
10/30/2017,INV7790104,ELEMERA,P546093,1,827.4006,827.4006,36,711.564516,711.564516,115.836084
1/11/2017,INV7790067,ELEMERA,P413949,1,65.8692,65.8692,36,56.647512,56.647512,9.221688
1/11/2017,INV7790067,ELEMERA,P848861,1,38.3553,38.3553,36,32.985558,32.985558,5.369742
12/21/2017,INV7789523,ELEMERA,P413949,2,65.8692,131.7384,36,56.647512,113.295024,18.443376
12/21/2017,INV7789523,ELEMERA,P240932,2,58.995,117.99,36,50.7357,101.4714,16.5186
2/28/2018,INV7788856,ELEMERA,P413949,1,65.8692,65.8692,36,56.647512,56.647512,9.221688
2/28/2018,INV7788856,ELEMERA,P240932,1,58.995,58.995,36,50.7357,50.7357,8.2593
2/28/2018,INV7788856,ELEMERA,P386494,1,555.0147,555.0147,36,477.312642,477.312642,77.702058
2/28/2018,INV7788856,ELEMERA,P546093,1,827.4006,827.4006,36,711.564516,711.564516,115.836084
1/6/2018,INV7787770,ELEMERA,P413949,2,65.8692,131.7384,36,56.647512,113.295024,18.443376
1/6/2018,INV7787770,ELEMERA,P240932,2,58.995,117.99,36,50.7357,101.4714,16.5186
7/24/2018,INV7787127,ELEMERA,P413949,2,65.8692,131.7384,36,56.647512,113.295024,18.443376
7/24/2018,INV7787127,ELEMERA,P240932,2,58.995,117.99,36,50.7357,101.4714,16.5186
7/24/2018,INV7787127,ELEMERA,P848861,2,38.3553,76.7106,36,32.985558,65.971116,10.739484
7/24/2018,INV7787127,ELEMERA,P576435,2,0.6327,1.2654,36,0.544122,1.088244,0.177156
7/24/2018,INV7787127,ELEMERA,P802256,6,39.5352,237.2112,36,34.000272,204.001632,33.209568
7/24/2018,INV7787127,ELEMERA,P780060,1,189.2799,189.2799,36,162.780714,162.780714,26.499186
7/24/2018,INV7787127,ELEMERA,P204596,1,189.2799,189.2799,36,162.780714,162.780714,26.499186
7/24/2018,INV7787127,ELEMERA,P605468,1,301.2336,301.2336,36,259.060896,259.060896,42.172704
7/24/2018,INV7787127,ELEMERA,P741444,1,25.821,25.821,36,22.20606,22.20606,3.61494
7/24/2018,INV7787127,ELEMERA,P731019,6,22.7772,136.6632,36,19.588392,117.530352,19.132848
7/8/2018,INV7786916,ELEMERA,P413949,2,65.8692,131.7384,36,56.647512,113.295024,18.443376
8/16/2018,INV7786761,ELEMERA,P413949,1,65.8692,65.8692,36,56.647512,56.647512,9.221688
8/22/2018,INV7786679,ELEMERA,P413949,2,65.8692,131.7384,36,56.647512,113.295024,18.443376
8/22/2018,INV7786679,ELEMERA,P240932,4,58.995,235.98,36,50.7357,202.9428,33.0372
8/22/2018,INV7786678,ELEMERA,P413949,2,65.8692,131.7384,36,56.647512,113.295024,18.443376
8/22/2018,INV7786678,ELEMERA,P848861,4,38.3553,153.4212,36,32.985558,131.942232,21.478968
8/22/2018,INV7786659,ELEMERA,P413949,2,65.8692,131.7384,36,56.647512,113.295024,18.443376
1/11/2018,INV7785635,ELEMERA,P413949,2,65.8692,131.7384,36,56.647512,113.295024,18.443376
11/14/2018,INV7785451,ELEMERA,P413949,3,65.8692,197.6076,36,56.647512,169.942536,27.665064
11/14/2018,INV7785451,ELEMERA,P240932,3,58.995,176.985,36,50.7357,152.2071,24.7779
6/2/2019,INV7784367,ELEMERA,P413949,2,65.8692,131.7384,36,56.647512,113.295024,18.443376
6/2/2019,INV7784367,ELEMERA,P240932,2,58.995,117.99,36,50.7357,101.4714,16.5186
6/2/2019,INV7784367,ELEMERA,P741444,1,25.821,25.821,36,22.20606,22.20606,3.61494
3/4/2019,INV7783436,ELEMERA,P413949,1,65.8692,65.8692,36,56.647512,56.647512,9.221688
3/4/2019,INV7783436,ELEMERA,P240932,1,58.995,58.995,36,50.7357,50.7357,8.2593
3/4/2019,INV7783436,ELEMERA,P126966,1,153.216,153.216,36,131.76576,131.76576,21.45024
6/13/2019,INV7782497,ELEMERA,P413949,2,65.8692,131.7384,36,56.647512,113.295024,18.443376
6/13/2019,INV7782497,ELEMERA,P240932,2,58.995,117.99,36,50.7357,101.4714,16.5186
6/13/2019,INV7782497,ELEMERA,P628744,2,6.7374,13.4748,36,5.794164,11.588328,1.886472
3/7/2019,INV7782204,ELEMERA,P413949,2,65.8692,131.7384,36,56.647512,113.295024,18.443376
3/7/2019,INV7782204,ELEMERA,P240932,2,58.995,117.99,36,50.7357,101.4714,16.5186
7/29/2019,INV7781870,ELEMERA,P413949,2,65.8692,131.7384,36,56.647512,113.295024,18.443376
7/31/2019,INV7781815,ELEMERA,P413949,2,65.8692,131.7384,36,56.647512,113.295024,18.443376
7/31/2019,INV7781815,ELEMERA,P240932,2,58.995,117.99,36,50.7357,101.4714,16.5186
2/8/2019,INV7781775,ELEMERA,P413949,2,65.8692,131.7384,36,56.647512,113.295024,18.443376
2/8/2019,INV7781775,ELEMERA,P240932,2,58.995,117.99,36,50.7357,101.4714,16.5186
2/8/2019,INV7781775,ELEMERA,P386494,1,728.6823,728.6823,36,626.666778,626.666778,102.015522
5/8/2019,INV7781750,ELEMERA,P413949,2,65.8692,131.7384,36,56.647512,113.295024,18.443376
5/8/2019,INV7781750,ELEMERA,P240932,2,58.995,117.99,36,50.7357,101.4714,16.5186
5/8/2019,INV7781750,ELEMERA,P331258,1,42.7671,42.7671,36,36.779706,36.779706,5.987394
8/13/2019,INV7781652,ELEMERA,P413949,1,65.8692,65.8692,36,56.647512,56.647512,9.221688
8/29/2019,INV7781461,ELEMERA,P413949,2,65.8692,131.7384,36,56.647512,113.295024,18.443376
8/29/2019,INV7781461,ELEMERA,P240932,2,58.995,117.99,36,50.7357,101.4714,16.5186
9/19/2019,INV7781218,ELEMERA,P413949,2,65.8692,131.7384,36,56.647512,113.295024,18.443376
9/19/2019,INV7781218,ELEMERA,P770621,3,22.4181,67.2543,36,19.279566,57.838698,9.415602
9/19/2019,INV7781215,ELEMERA,P413949,4,65.8692,263.4768,36,56.647512,226.590048,36.886752
9/19/2019,INV7781215,ELEMERA,P240932,4,58.995,235.98,36,50.7357,202.9428,33.0372
11/18/2019,INV7780513,ELEMERA,P413949,2,65.8692,131.7384,36,56.647512,113.295024,18.443376
11/18/2019,INV7780513,ELEMERA,P240932,2,58.995,117.99,36,50.7357,101.4714,16.5186
11/18/2019,INV7780513,ELEMERA,P770621,1,22.4181,22.4181,36,19.279566,19.279566,3.138534
11/18/2019,INV7780513,ELEMERA,P461243,1,483.7419,483.7419,36,416.018034,416.018034,67.723866
5/12/2019,INV7780287,ELEMERA,P413949,3,65.8692,197.6076,36,56.647512,169.942536,27.665064
5/12/2019,INV7780287,ELEMERA,P240932,3,58.995,176.985,36,50.7357,152.2071,24.7779
5/12/2019,INV7780287,ELEMERA,P242658,3,9.5247,28.5741,36,8.191242,24.573726,4.000374
5/12/2019,INV7780287,ELEMERA,P770621,3,22.4181,67.2543,36,19.279566,57.838698,9.415602
5/12/2019,INV7780287,ELEMERA,P741444,6,39.843,239.058,36,34.26498,205.58988,33.46812
1/22/2020,INV7779867,ELEMERA,P413949,2,65.8692,131.7384,36,56.647512,113.295024,18.443376
5/27/2020,INV7778639,ELEMERA,P413949,2,66.8439,133.6878,36,57.485754,114.971508,18.716292
5/27/2020,INV7778639,ELEMERA,P848861,1,38.9196,38.9196,36,33.470856,33.470856,5.448744
5/27/2020,INV7778639,ELEMERA,P623602,2,22.3839,44.7678,36,19.250154,38.500308,6.267492
5/27/2020,INV7778639,ELEMERA,P827943,8,0.4104,3.2832,36,0.352944,2.823552,0.459648
5/27/2020,INV7778639,ELEMERA,P865639,8,0.5643,4.5144,36,0.485298,3.882384,0.632016
5/27/2020,INV7778639,ELEMERA,P276603,4,0.9063,3.6252,36,0.779418,3.117672,0.507528
5/27/2020,INV7778639,ELEMERA,P386494,2,595.6443,1191.2886,36,512.254098,1024.508196,166.780404
5/27/2020,INV7778639,ELEMERA,P185044,4,0.7011,2.8044,36,0.602946,2.411784,0.392616
5/27/2020,INV7778639,ELEMERA,P157022,1,590.463,590.463,36,507.79818,507.79818,82.66482
5/27/2020,INV7778639,ELEMERA,P790476,2,8.4816,16.9632,36,7.294176,14.588352,2.374848
5/29/2020,INV7778609,ELEMERA,P413949,2,66.8439,133.6878,36,57.485754,114.971508,18.716292
5/29/2020,INV7778609,ELEMERA,P848861,1,38.9196,38.9196,36,33.470856,33.470856,5.448744
5/29/2020,INV7778609,ELEMERA,P623602,2,22.3839,44.7678,36,19.250154,38.500308,6.267492
5/29/2020,INV7778609,ELEMERA,P827943,8,0.4104,3.2832,36,0.352944,2.823552,0.459648
5/29/2020,INV7778609,ELEMERA,P865639,8,0.5643,4.5144,36,0.485298,3.882384,0.632016
5/29/2020,INV7778609,ELEMERA,P276603,4,0.9063,3.6252,36,0.779418,3.117672,0.507528
5/29/2020,INV7778609,ELEMERA,P386494,2,595.6443,1191.2886,36,512.254098,1024.508196,166.780404
5/29/2020,INV7778609,ELEMERA,P185044,4,0.7011,2.8044,36,0.602946,2.411784,0.392616
5/29/2020,INV7778609,ELEMERA,P157022,1,590.463,590.463,36,507.79818,507.79818,82.66482
5/29/2020,INV7778609,ELEMERA,P790476,2,8.4816,16.9632,36,7.294176,14.588352,2.374848
9/14/2020,INV7777535,ELEMERA,P413949,1,66.8439,66.8439,36,57.485754,57.485754,9.358146
9/14/2020,INV7777535,ELEMERA,P848861,1,38.9196,38.9196,36,33.470856,33.470856,5.448744
7/10/2020,INV7777367,ELEMERA,P413949,2,66.8439,133.6878,36,57.485754,114.971508,18.716292
7/10/2020,INV7777367,ELEMERA,P240932,2,48.7692,97.5384,36,41.941512,83.883024,13.655376
2/26/2010,INV7811420,ELEMERA,P240932,5,75.6162,378.081,36,65.029932,325.14966,52.93134
5/27/2010,INV7810937,ELEMERA,P240932,2,75.6162,151.2324,36,65.029932,130.059864,21.172536
7/6/2010,INV7810870,ELEMERA,P240932,1,75.6162,75.6162,36,65.029932,65.029932,10.586268
7/6/2010,INV7810870,ELEMERA,P280868,1,39.5865,39.5865,36,34.04439,34.04439,5.54211
7/6/2010,INV7810870,ELEMERA,P327148,2,21.5973,43.1946,36,18.573678,37.147356,6.047244
8/23/2010,INV7810395,ELEMERA,P240932,2,75.6162,151.2324,36,65.029932,130.059864,21.172536
8/23/2010,INV7810395,ELEMERA,P981737,2,64.125,128.25,36,55.1475,110.295,17.955
9/30/2010,INV7810143,ELEMERA,P240932,2,75.6162,151.2324,36,65.029932,130.059864,21.172536
10/29/2010,INV7809945,ELEMERA,P240932,2,75.6162,151.2324,36,65.029932,130.059864,21.172536
10/29/2010,INV7809945,ELEMERA,P848861,2,33.8238,67.6476,36,29.088468,58.176936,9.470664
12/22/2010,INV7809643,ELEMERA,P240932,10,75.6162,756.162,36,65.029932,650.29932,105.86268
12/22/2010,INV7809643,ELEMERA,P869367,10,72.7092,727.092,36,62.529912,625.29912,101.79288
12/22/2010,INV7809643,ELEMERA,P489494,5,39.1419,195.7095,36,33.662034,168.31017,27.39933
12/22/2010,INV7809643,ELEMERA,P327148,10,21.5973,215.973,36,18.573678,185.73678,30.23622
12/22/2010,INV7809643,ELEMERA,P666583,20,0.4617,9.234,36,0.397062,7.94124,1.29276
12/22/2010,INV7809643,ELEMERA,P470213,6,66.7755,400.653,36,57.42693,344.56158,56.09142
12/22/2010,INV7809643,ELEMERA,P907862,20,1.1457,22.914,36,0.985302,19.70604,3.20796
12/22/2010,INV7809643,ELEMERA,P496294,20,0.8892,17.784,36,0.764712,15.29424,2.48976
12/22/2010,INV7809643,ELEMERA,P895878,20,11.4741,229.482,36,9.867726,197.35452,32.12748
12/22/2010,INV7809643,ELEMERA,P388557,20,17.9721,359.442,36,15.456006,309.12012,50.32188
12/22/2010,INV7809643,ELEMERA,P817199,20,14.0733,281.466,36,12.103038,242.06076,39.40524
12/22/2010,INV7809643,ELEMERA,P348273,2,509.6484,1019.2968,36,438.297624,876.595248,142.701552
12/22/2010,INV7809643,ELEMERA,P802256,40,87.0732,3482.928,36,74.882952,2995.31808,487.60992
12/22/2010,INV7809643,ELEMERA,P181332,20,0.5643,11.286,36,0.485298,9.70596,1.58004
12/22/2010,INV7809643,ELEMERA,P871680,20,0.7695,15.39,36,0.66177,13.2354,2.1546
11/16/2010,INV7809853,ELEMERA,P240932,2,75.6162,151.2324,36,65.029932,130.059864,21.172536
11/26/2010,INV7809786,ELEMERA,P240932,2,75.6162,151.2324,36,65.029932,130.059864,21.172536
11/29/2010,INV7809785,ELEMERA,P240932,4,75.6162,302.4648,36,65.029932,260.119728,42.345072
11/29/2010,INV7809785,ELEMERA,P327148,4,21.5973,86.3892,36,18.573678,74.294712,12.094488
11/29/2010,INV7809785,ELEMERA,P327148,4,21.5973,86.3892,36,18.573678,74.294712,12.094488
12/16/2010,INV7809682,ELEMERA,P240932,2,75.6162,151.2324,36,65.029932,130.059864,21.172536
2/16/2011,INV7809391,ELEMERA,P240932,4,75.6162,302.4648,36,65.029932,260.119728,42.345072
2/16/2011,INV7809391,ELEMERA,P193605,2,9.8838,19.7676,36,8.500068,17.000136,2.767464
2/16/2011,INV7809391,ELEMERA,P754384,2,9.8838,19.7676,36,8.500068,17.000136,2.767464
2/16/2011,INV7809391,ELEMERA,P169015,2,49.5387,99.0774,36,42.603282,85.206564,13.870836
2/16/2011,INV7809391,ELEMERA,P327148,12,21.5973,259.1676,36,18.573678,222.884136,36.283464
2/16/2011,INV7809391,ELEMERA,P981737,10,64.125,641.25,36,55.1475,551.475,89.775
2/16/2011,INV7809391,ELEMERA,P609260,20,12.5685,251.37,36,10.80891,216.1782,35.1918
2/16/2011,INV7809391,ELEMERA,P470213,4,66.7755,267.102,36,57.42693,229.70772,37.39428
2/16/2011,INV7809391,ELEMERA,P348273,1,509.6484,509.6484,36,438.297624,438.297624,71.350776
2/16/2011,INV7809391,ELEMERA,P851429,2,10.4139,20.8278,36,8.955954,17.911908,2.915892
3/14/2011,INV7809210,ELEMERA,P240932,2,75.6162,151.2324,36,65.029932,130.059864,21.172536
3/14/2011,INV7809210,ELEMERA,P939365,2,22.3839,44.7678,36,19.250154,38.500308,6.267492
3/14/2011,INV7809210,ELEMERA,P802256,1,87.0732,87.0732,36,74.882952,74.882952,12.190248
3/14/2011,INV7809210,ELEMERA,P318865,1,78.1812,78.1812,36,67.235832,67.235832,10.945368
3/14/2011,INV7809210,ELEMERA,P545363,2,12.8079,25.6158,36,11.014794,22.029588,3.586212
3/14/2011,INV7809210,ELEMERA,P787019,1,47.5893,47.5893,36,40.926798,40.926798,6.662502
3/14/2011,INV7809210,ELEMERA,P783183,4,58.311,233.244,36,50.14746,200.58984,32.65416
1/4/2011,INV7809110,ELEMERA,P240932,2,75.6162,151.2324,36,65.029932,130.059864,21.172536
1/4/2011,INV7809110,ELEMERA,P280868,5,39.5865,197.9325,36,34.04439,170.22195,27.71055
1/4/2011,INV7809110,ELEMERA,P280868,10,39.5865,395.865,36,34.04439,340.4439,55.4211
1/4/2011,INV7809110,ELEMERA,P496406,1,64.4328,64.4328,36,55.412208,55.412208,9.020592
1/4/2011,INV7809110,ELEMERA,P869367,1,72.7092,72.7092,36,62.529912,62.529912,10.179288
1/4/2011,INV7809110,ELEMERA,P140181,2,21.4947,42.9894,36,18.485442,36.970884,6.018516
1/4/2011,INV7809110,ELEMERA,P550964,1,87.9282,87.9282,36,75.618252,75.618252,12.309948
1/4/2011,INV7809110,ELEMERA,P609260,24,12.5685,301.644,36,10.80891,259.41384,42.23016
1/4/2011,INV7809110,ELEMERA,P546093,1,748.2618,748.2618,36,643.505148,643.505148,104.756652
1/4/2011,INV7809110,ELEMERA,P297850,1,101.2662,101.2662,36,87.088932,87.088932,14.177268
1/4/2011,INV7809110,ELEMERA,P257448,1,54.6687,54.6687,36,47.015082,47.015082,7.653618
1/4/2011,INV7809110,ELEMERA,P988038,1,748.2618,748.2618,36,643.505148,643.505148,104.756652
1/4/2011,INV7809110,ELEMERA,P385391,1,808.9326,808.9326,36,695.682036,695.682036,113.250564
1/4/2011,INV7809110,ELEMERA,P385391,2,808.9326,1617.8652,36,695.682036,1391.364072,226.501128
1/4/2011,INV7809110,ELEMERA,P770621,2,16.7409,33.4818,36,14.397174,28.794348,4.687452
5/7/2011,INV7808458,ELEMERA,P240932,20,75.6162,1512.324,36,65.029932,1300.59864,211.72536
1/8/2011,INV7808298,ELEMERA,P240932,2,75.6162,151.2324,36,65.029932,130.059864,21.172536
1/8/2011,INV7808298,ELEMERA,P327266,1,300.8232,300.8232,36,258.707952,258.707952,42.115248
1/8/2011,INV7808298,ELEMERA,P932472,1,721.4148,721.4148,36,620.416728,620.416728,100.998072
7/13/2011,INV7808407,ELEMERA,P240932,1,75.6162,75.6162,36,65.029932,65.029932,10.586268
2/8/2011,INV7808293,ELEMERA,P240932,1,75.6162,75.6162,36,65.029932,65.029932,10.586268
2/8/2011,INV7808293,ELEMERA,P280868,1,39.5865,39.5865,36,34.04439,34.04439,5.54211
2/8/2011,INV7808293,ELEMERA,P666583,1,0.4617,0.4617,36,0.397062,0.397062,0.064638
2/8/2011,INV7808293,ELEMERA,P907862,1,1.1457,1.1457,36,0.985302,0.985302,0.160398
2/8/2011,INV7808293,ELEMERA,P939365,1,22.3839,22.3839,36,19.250154,19.250154,3.133746
2/8/2011,INV7808293,ELEMERA,P181332,1,0.5643,0.5643,36,0.485298,0.485298,0.079002
8/18/2011,INV7808151,ELEMERA,P240932,2,75.6162,151.2324,36,65.029932,130.059864,21.172536
8/18/2011,INV7808151,ELEMERA,P934398,4,24.4701,97.8804,36,21.044286,84.177144,13.703256
8/18/2011,INV7808151,ELEMERA,P492727,1,1526.004,1526.004,36,1312.36344,1312.36344,213.64056
8/31/2011,INV7808066,ELEMERA,P240932,4,75.6162,302.4648,36,65.029932,260.119728,42.345072
9/20/2011,INV7807944,ELEMERA,P240932,1,75.6162,75.6162,36,65.029932,65.029932,10.586268
11/15/2011,INV7807601,ELEMERA,P240932,1,75.6162,75.6162,36,65.029932,65.029932,10.586268
11/15/2011,INV7807601,ELEMERA,P540946,1,31.5837,31.5837,36,27.161982,27.161982,4.421718
6/1/2012,INV7807319,ELEMERA,P240932,4,75.6162,302.4648,36,65.029932,260.119728,42.345072
6/1/2012,INV7807319,ELEMERA,P327148,4,21.5973,86.3892,36,18.573678,74.294712,12.094488
2/2/2012,INV7807177,ELEMERA,P240932,2,79.3953,158.7906,36,68.279958,136.559916,22.230684
2/13/2012,INV7807105,ELEMERA,P240932,2,79.3953,158.7906,36,68.279958,136.559916,22.230684
2/13/2012,INV7807105,ELEMERA,P869367,1,76.3344,76.3344,36,65.647584,65.647584,10.686816
2/13/2012,INV7807105,ELEMERA,P981737,2,67.3398,134.6796,36,57.912228,115.824456,18.855144
9/3/2012,INV7806919,ELEMERA,P240932,2,79.3953,158.7906,36,68.279958,136.559916,22.230684
5/15/2012,INV7806512,ELEMERA,P240932,2,79.3953,158.7906,36,68.279958,136.559916,22.230684
5/18/2012,INV7806481,ELEMERA,P240932,1,79.3953,79.3953,36,68.279958,68.279958,11.115342
7/16/2012,INV7806086,ELEMERA,P240932,2,79.3953,158.7906,36,68.279958,136.559916,22.230684
7/16/2012,INV7806086,ELEMERA,P388557,4,18.8613,75.4452,36,16.220718,64.882872,10.562328
7/16/2012,INV7806086,ELEMERA,P348223,2,5.7285,11.457,36,4.92651,9.85302,1.60398
7/16/2012,INV7806086,ELEMERA,P233222,6,21.4092,128.4552,36,18.411912,110.471472,17.983728
7/16/2012,INV7806086,ELEMERA,P434541,2,126.9675,253.935,36,109.19205,218.3841,35.5509
10/22/2012,INV7805432,ELEMERA,P240932,2,56.4471,112.8942,36,48.544506,97.089012,15.805188
12/14/2012,INV7805067,ELEMERA,P240932,2,56.4471,112.8942,36,48.544506,97.089012,15.805188
1/3/2013,INV7804675,ELEMERA,P240932,1,56.4471,56.4471,36,48.544506,48.544506,7.902594
3/19/2013,INV7804558,ELEMERA,P240932,1,56.4471,56.4471,36,48.544506,48.544506,7.902594
3/21/2013,INV7804530,ELEMERA,P240932,2,56.4471,112.8942,36,48.544506,97.089012,15.805188
3/25/2013,INV7804511,ELEMERA,P240932,2,56.4471,112.8942,36,48.544506,97.089012,15.805188
11/4/2013,INV7804412,ELEMERA,P240932,2,56.4471,112.8942,36,48.544506,97.089012,15.805188
4/6/2013,INV7804065,ELEMERA,P240932,1,56.4471,56.4471,36,48.544506,48.544506,7.902594
6/6/2013,INV7804042,ELEMERA,P240932,1,56.4471,56.4471,36,48.544506,48.544506,7.902594
6/6/2013,INV7804042,ELEMERA,P765168,1,58.1229,58.1229,36,49.985694,49.985694,8.137206
6/6/2013,INV7804042,ELEMERA,P188454,1,24.6069,24.6069,36,21.161934,21.161934,3.444966
6/6/2013,INV7804042,ELEMERA,P386494,1,541.4715,541.4715,36,465.66549,465.66549,75.80601
7/19/2013,INV7803703,ELEMERA,P240932,4,56.4471,225.7884,36,48.544506,194.178024,31.610376
8/16/2013,INV7803500,ELEMERA,P240932,2,56.4471,112.8942,36,48.544506,97.089012,15.805188
8/16/2013,INV7803498,ELEMERA,P240932,2,56.4471,112.8942,36,48.544506,97.089012,15.805188
8/22/2013,INV7803450,ELEMERA,P240932,2,56.4471,112.8942,36,48.544506,97.089012,15.805188
9/13/2013,INV7803292,ELEMERA,P240932,2,56.4471,112.8942,36,48.544506,97.089012,15.805188
9/10/2013,INV7803152,ELEMERA,P240932,1,56.4471,56.4471,36,48.544506,48.544506,7.902594
9/10/2013,INV7803152,ELEMERA,P496406,1,48.564,48.564,36,41.76504,41.76504,6.79896
7/11/2013,INV7802982,ELEMERA,P240932,2,56.4471,112.8942,36,48.544506,97.089012,15.805188
4/12/2013,INV7802807,ELEMERA,P240932,2,56.4471,112.8942,36,48.544506,97.089012,15.805188
4/12/2013,INV7802807,ELEMERA,P327148,2,22.6746,45.3492,36,19.500156,39.000312,6.348888
11/4/2014,INV7802011,ELEMERA,P240932,2,57.8664,115.7328,36,49.765104,99.530208,16.202592
1/5/2014,INV7801922,ELEMERA,P240932,2,57.8664,115.7328,36,49.765104,99.530208,16.202592
8/5/2014,INV7801876,ELEMERA,P240932,2,57.8664,115.7328,36,49.765104,99.530208,16.202592
5/16/2014,INV7801818,ELEMERA,P240932,2,57.8664,115.7328,36,49.765104,99.530208,16.202592
3/6/2014,INV7801717,ELEMERA,P240932,4,57.8664,231.4656,36,49.765104,199.060416,32.405184
3/6/2014,INV7801717,ELEMERA,P848861,4,36.3888,145.5552,36,31.294368,125.177472,20.377728
3/6/2014,INV7801717,ELEMERA,P987453,3,31.3101,93.9303,36,26.926686,80.780058,13.150242
3/6/2014,INV7801717,ELEMERA,P496406,2,49.7781,99.5562,36,42.809166,85.618332,13.937868
3/6/2014,INV7801717,ELEMERA,P954530,1,15.4071,15.4071,36,13.250106,13.250106,2.156994
3/6/2014,INV7801717,ELEMERA,P368477,2,30.5406,61.0812,36,26.264916,52.529832,8.551368
7/16/2014,INV7801380,ELEMERA,P240932,2,57.8664,115.7328,36,49.765104,99.530208,16.202592
8/25/2014,INV7801069,ELEMERA,P240932,2,57.8664,115.7328,36,49.765104,99.530208,16.202592
11/12/2014,INV7800258,ELEMERA,P240932,2,57.8664,115.7328,36,49.765104,99.530208,16.202592
11/12/2014,INV7800258,ELEMERA,P318865,1,77.8221,77.8221,36,66.927006,66.927006,10.895094
4/22/2015,INV7799410,ELEMERA,P240932,2,57.8664,115.7328,36,49.765104,99.530208,16.202592
4/22/2015,INV7799410,ELEMERA,P609260,6,13.509,81.054,36,11.61774,69.70644,11.34756
4/22/2015,INV7799410,ELEMERA,P895878,4,9.1143,36.4572,36,7.838298,31.353192,5.104008
4/22/2015,INV7799410,ELEMERA,P388557,3,22.7772,68.3316,36,19.588392,58.765176,9.566424
4/22/2015,INV7799410,ELEMERA,P817199,3,15.1506,45.4518,36,13.029516,39.088548,6.363252
4/22/2015,INV7799410,ELEMERA,P802256,3,22.5891,67.7673,36,19.426626,58.279878,9.487422
4/22/2015,INV7799410,ELEMERA,P741444,2,25.821,51.642,36,22.20606,44.41212,7.22988
5/28/2015,INV7799102,ELEMERA,P240932,1,57.8664,57.8664,36,49.765104,49.765104,8.101296
3/6/2015,INV7799069,ELEMERA,P240932,1,57.8664,57.8664,36,49.765104,49.765104,8.101296
5/6/2015,INV7799046,ELEMERA,P240932,1,57.8664,57.8664,36,49.765104,49.765104,8.101296
3/7/2015,INV7798841,ELEMERA,P240932,1,57.8664,57.8664,36,49.765104,49.765104,8.101296
3/7/2015,INV7798841,ELEMERA,P609260,6,13.509,81.054,36,11.61774,69.70644,11.34756
8/14/2015,INV7798324,ELEMERA,P240932,2,57.8664,115.7328,36,49.765104,99.530208,16.202592
8/18/2015,INV7798275,ELEMERA,P240932,2,57.8664,115.7328,36,49.765104,99.530208,16.202592
8/19/2015,INV7798249,ELEMERA,P240932,1,57.8664,57.8664,36,49.765104,49.765104,8.101296
8/19/2015,INV7798249,ELEMERA,P485322,1,2.9754,2.9754,36,2.558844,2.558844,0.416556
8/24/2015,INV7798206,ELEMERA,P240932,2,57.8664,115.7328,36,49.765104,99.530208,16.202592
1/9/2015,INV7798110,ELEMERA,P240932,1,57.8664,57.8664,36,49.765104,49.765104,8.101296
2/9/2015,INV7798104,ELEMERA,P240932,1,57.8664,57.8664,36,49.765104,49.765104,8.101296
10/13/2015,INV7797698,ELEMERA,P240932,2,57.8664,115.7328,36,49.765104,99.530208,16.202592
10/13/2015,INV7797698,ELEMERA,P428484,3,2.9754,8.9262,36,2.558844,7.676532,1.249668
10/13/2015,INV7797698,ELEMERA,P859130,3,2.9241,8.7723,36,2.514726,7.544178,1.228122
10/13/2015,INV7797698,ELEMERA,P261035,3,3.4542,10.3626,36,2.970612,8.911836,1.450764
10/13/2015,INV7797698,ELEMERA,P870032,6,3.9672,23.8032,36,3.411792,20.470752,3.332448
11/13/2015,INV7797286,ELEMERA,P240932,2,57.8664,115.7328,36,49.765104,99.530208,16.202592
11/16/2015,INV7797266,ELEMERA,P240932,4,57.8664,231.4656,36,49.765104,199.060416,32.405184
12/15/2015,INV7796887,ELEMERA,P240932,2,57.8664,115.7328,36,49.765104,99.530208,16.202592
8/1/2016,INV7796691,ELEMERA,P240932,2,57.8664,115.7328,36,49.765104,99.530208,16.202592
2/3/2016,INV7796053,ELEMERA,P240932,2,58.995,117.99,36,50.7357,101.4714,16.5186
2/3/2016,INV7796048,ELEMERA,P240932,2,58.995,117.99,36,50.7357,101.4714,16.5186
5/7/2016,INV7794801,ELEMERA,P240932,1,58.995,58.995,36,50.7357,50.7357,8.2593
8/7/2016,INV7794750,ELEMERA,P240932,2,58.995,117.99,36,50.7357,101.4714,16.5186
8/29/2016,INV7794219,ELEMERA,P240932,1,58.995,58.995,36,50.7357,50.7357,8.2593
10/25/2016,INV7793719,ELEMERA,P240932,1,58.995,58.995,36,50.7357,50.7357,8.2593
11/25/2016,INV7793418,ELEMERA,P240932,2,58.995,117.99,36,50.7357,101.4714,16.5186
12/28/2016,INV7793192,ELEMERA,P240932,2,58.995,117.99,36,50.7357,101.4714,16.5186
2/28/2017,INV7792684,ELEMERA,P240932,1,58.995,58.995,36,50.7357,50.7357,8.2593
2/28/2017,INV7792684,ELEMERA,P485322,10,2.9754,29.754,36,2.558844,25.58844,4.16556
2/28/2017,INV7792684,ELEMERA,P496406,3,56.9088,170.7264,36,48.941568,146.824704,23.901696
2/28/2017,INV7792684,ELEMERA,P327148,2,23.2389,46.4778,36,19.985454,39.970908,6.506892
2/28/2017,INV7792684,ELEMERA,P875701,22,0.7182,15.8004,36,0.617652,13.588344,2.212056
2/28/2017,INV7792684,ELEMERA,P939365,2,24.0939,48.1878,36,20.720754,41.441508,6.746292
2/28/2017,INV7792684,ELEMERA,P195858,2,8.0541,16.1082,36,6.926526,13.853052,2.255148
2/28/2017,INV7792684,ELEMERA,P242658,5,9.5247,47.6235,36,8.191242,40.95621,6.66729
2/28/2017,INV7792684,ELEMERA,P802256,1,39.0735,39.0735,36,33.60321,33.60321,5.47029
2/28/2017,INV7792684,ELEMERA,P770621,1,22.4181,22.4181,36,19.279566,19.279566,3.138534
2/28/2017,INV7792684,ELEMERA,P741444,5,25.821,129.105,36,22.20606,111.0303,18.0747
2/28/2017,INV7792684,ELEMERA,P407371,1,195.453,195.453,36,168.08958,168.08958,27.36342
11/1/2017,INV7793125,ELEMERA,P240932,1,58.995,58.995,36,50.7357,50.7357,8.2593
7/4/2017,INV7792257,ELEMERA,P240932,2,58.995,117.99,36,50.7357,101.4714,16.5186
7/4/2017,INV7792257,ELEMERA,P848861,1,38.3553,38.3553,36,32.985558,32.985558,5.369742
9/20/2017,INV7790496,ELEMERA,P240932,2,58.995,117.99,36,50.7357,101.4714,16.5186
10/17/2017,INV7790225,ELEMERA,P240932,2,58.995,117.99,36,50.7357,101.4714,16.5186
11/23/2017,INV7789814,ELEMERA,P240932,1,58.995,58.995,36,50.7357,50.7357,8.2593
11/12/2017,INV7789643,ELEMERA,P240932,2,58.995,117.99,36,50.7357,101.4714,16.5186
1/25/2018,INV7789279,ELEMERA,P240932,2,58.995,117.99,36,50.7357,101.4714,16.5186
1/25/2018,INV7789279,ELEMERA,P195858,1,8.0541,8.0541,36,6.926526,6.926526,1.127574
6/3/2018,INV7788783,ELEMERA,P240932,2,58.995,117.99,36,50.7357,101.4714,16.5186
5/4/2018,INV7788467,ELEMERA,P240932,2,58.995,117.99,36,50.7357,101.4714,16.5186
4/18/2018,INV7788290,ELEMERA,P240932,2,58.995,117.99,36,50.7357,101.4714,16.5186
6/14/2018,INV7787642,ELEMERA,P240932,2,58.995,117.99,36,50.7357,101.4714,16.5186
6/14/2018,INV7787642,ELEMERA,P609260,2,13.509,27.018,36,11.61774,23.23548,3.78252
6/14/2018,INV7787642,ELEMERA,P567623,2,132.4908,264.9816,36,113.942088,227.884176,37.097424
5/30/2018,INV7787799,ELEMERA,P240932,2,58.995,117.99,36,50.7357,101.4714,16.5186
10/10/2018,INV7785995,ELEMERA,P240932,1,58.995,58.995,36,50.7357,50.7357,8.2593
11/30/2018,INV7785204,ELEMERA,P240932,1,58.995,58.995,36,50.7357,50.7357,8.2593
7/12/2018,INV7785085,ELEMERA,P240932,2,58.995,117.99,36,50.7357,101.4714,16.5186
11/2/2019,INV7784308,ELEMERA,P240932,1,58.995,58.995,36,50.7357,50.7357,8.2593
3/4/2019,INV7783428,ELEMERA,P240932,2,58.995,117.99,36,50.7357,101.4714,16.5186
3/4/2019,INV7783428,ELEMERA,P827943,2,0.3933,0.7866,36,0.338238,0.676476,0.110124
3/4/2019,INV7783428,ELEMERA,P865639,2,0.5643,1.1286,36,0.485298,0.970596,0.158004
4/17/2019,INV7783222,ELEMERA,P240932,2,58.995,117.99,36,50.7357,101.4714,16.5186
4/17/2019,INV7783222,ELEMERA,P496406,1,56.9088,56.9088,36,48.941568,48.941568,7.967232
4/17/2019,INV7783222,ELEMERA,P605468,1,301.2336,301.2336,36,259.060896,259.060896,42.172704
4/17/2019,INV7783222,ELEMERA,P368477,1,30.5406,30.5406,36,26.264916,26.264916,4.275684
7/5/2019,INV7783032,ELEMERA,P240932,2,58.995,117.99,36,50.7357,101.4714,16.5186
7/6/2019,INV7782569,ELEMERA,P240932,2,58.995,117.99,36,50.7357,101.4714,16.5186
7/6/2019,INV7782569,ELEMERA,P496406,1,56.9088,56.9088,36,48.941568,48.941568,7.967232
7/6/2019,INV7782569,ELEMERA,P741444,2,25.821,51.642,36,22.20606,44.41212,7.22988
7/31/2019,INV7781820,ELEMERA,P240932,6,58.995,353.97,36,50.7357,304.4142,49.5558
7/31/2019,INV7781820,ELEMERA,P386494,1,728.6823,728.6823,36,626.666778,626.666778,102.015522
7/31/2019,INV7781820,ELEMERA,P770621,3,22.4181,67.2543,36,19.279566,57.838698,9.415602
11/11/2019,INV7780619,ELEMERA,P240932,4,58.995,235.98,36,50.7357,202.9428,33.0372
11/11/2019,INV7780619,ELEMERA,P605468,1,512.3844,512.3844,36,440.650584,440.650584,71.733816
10/1/2020,INV7780008,ELEMERA,P240932,1,58.995,58.995,36,50.7357,50.7357,8.2593
8/3/2010,INV7811382,ELEMERA,P848861,2,33.8238,67.6476,36,29.088468,58.176936,9.470664
8/3/2010,INV7811382,ELEMERA,P981737,2,64.125,128.25,36,55.1475,110.295,17.955
6/24/2010,INV7810768,ELEMERA,P848861,2,33.8238,67.6476,36,29.088468,58.176936,9.470664
7/16/2010,INV7810650,ELEMERA,P848861,2,33.8238,67.6476,36,29.088468,58.176936,9.470664
7/16/2010,INV7810650,ELEMERA,P253375,2,170.0766,340.1532,36,146.265876,292.531752,47.621448
7/16/2010,INV7810650,ELEMERA,P550964,2,87.9282,175.8564,36,75.618252,151.236504,24.619896
11/22/2010,INV7809823,ELEMERA,P848861,5,33.8238,169.119,36,29.088468,145.44234,23.67666
5/23/2011,INV7808802,ELEMERA,P848861,10,33.8238,338.238,36,29.088468,290.88468,47.35332
5/23/2011,INV7808802,ELEMERA,P869367,5,72.7092,363.546,36,62.529912,312.64956,50.89644
5/23/2011,INV7808802,ELEMERA,P327148,10,21.5973,215.973,36,18.573678,185.73678,30.23622
8/18/2011,INV7808154,ELEMERA,P848861,2,33.8238,67.6476,36,29.088468,58.176936,9.470664
7/2/2012,INV7807159,ELEMERA,P848861,2,35.4996,70.9992,36,30.529656,61.059312,9.939888
2/17/2012,INV7807057,ELEMERA,P848861,2,35.4996,70.9992,36,30.529656,61.059312,9.939888
2/17/2012,INV7807057,ELEMERA,P201601,1,88.9884,88.9884,36,76.530024,76.530024,12.458376
2/17/2012,INV7807057,ELEMERA,P280868,5,41.5701,207.8505,36,35.750286,178.75143,29.09907
2/17/2012,INV7807057,ELEMERA,P253375,2,178.5924,357.1848,36,153.589464,307.178928,50.005872
2/17/2012,INV7807057,ELEMERA,P869367,1,76.3344,76.3344,36,65.647584,65.647584,10.686816
2/17/2012,INV7807057,ELEMERA,P609260,7,13.1841,92.2887,36,11.338326,79.368282,12.920418
2/17/2012,INV7807057,ELEMERA,P939365,5,23.5125,117.5625,36,20.22075,101.10375,16.45875
2/17/2012,INV7807057,ELEMERA,P411493,1,130.986,130.986,36,112.64796,112.64796,18.33804
10/5/2012,INV7806535,ELEMERA,P848861,2,35.4996,70.9992,36,30.529656,61.059312,9.939888
10/5/2012,INV7806535,ELEMERA,P973759,1,97.299,97.299,36,83.67714,83.67714,13.62186
10/5/2012,INV7806535,ELEMERA,P367514,1,193.8969,193.8969,36,166.751334,166.751334,27.145566
7/16/2012,INV7806087,ELEMERA,P848861,2,35.4996,70.9992,36,30.529656,61.059312,9.939888
8/15/2012,INV7805891,ELEMERA,P848861,2,35.4996,70.9992,36,30.529656,61.059312,9.939888
8/23/2012,INV7805832,ELEMERA,P848861,2,35.4996,70.9992,36,30.529656,61.059312,9.939888
8/23/2012,INV7805832,ELEMERA,P869367,1,116.8272,116.8272,36,100.471392,100.471392,16.355808
8/23/2012,INV7805832,ELEMERA,P489494,4,41.0913,164.3652,36,35.338518,141.354072,23.011128
8/2/2013,INV7804830,ELEMERA,P848861,2,35.4996,70.9992,36,30.529656,61.059312,9.939888
8/2/2013,INV7804830,ELEMERA,P263903,2,0.3762,0.7524,36,0.323532,0.647064,0.105336
8/2/2013,INV7804830,ELEMERA,P827943,4,0.7182,2.8728,36,0.617652,2.470608,0.402192
8/2/2013,INV7804830,ELEMERA,P875701,2,0.684,1.368,36,0.58824,1.17648,0.19152
8/2/2013,INV7804830,ELEMERA,P314444,2,0.7182,1.4364,36,0.617652,1.235304,0.201096
8/2/2013,INV7804830,ELEMERA,P685804,4,2.5992,10.3968,36,2.235312,8.941248,1.455552
8/2/2013,INV7804830,ELEMERA,P348223,2,5.7285,11.457,36,4.92651,9.85302,1.60398
8/2/2013,INV7804830,ELEMERA,P233222,6,21.4092,128.4552,36,18.411912,110.471472,17.983728
8/2/2013,INV7804830,ELEMERA,P434541,2,126.9675,253.935,36,109.19205,218.3841,35.5509
8/2/2013,INV7804830,ELEMERA,P474449,2,0.8037,1.6074,36,0.691182,1.382364,0.225036
8/2/2013,INV7804830,ELEMERA,P126119,2,1.1115,2.223,36,0.95589,1.91178,0.31122
8/2/2013,INV7804830,ELEMERA,P859179,6,12.0555,72.333,36,10.36773,62.20638,10.12662
8/2/2013,INV7804830,ELEMERA,P367514,2,193.8969,387.7938,36,166.751334,333.502668,54.291132
8/2/2013,INV7804830,ELEMERA,P420771,2,0.8721,1.7442,36,0.750006,1.500012,0.244188
8/2/2013,INV7804830,ELEMERA,P829496,6,3.1122,18.6732,36,2.676492,16.058952,2.614248
8/2/2013,INV7804830,ELEMERA,P744611,1,29.8053,29.8053,36,25.632558,25.632558,4.172742
8/2/2013,INV7804830,ELEMERA,P699932,2,0.6669,1.3338,36,0.573534,1.147068,0.186732
7/18/2013,INV7803721,ELEMERA,P848861,4,35.4996,141.9984,36,30.529656,122.118624,19.879776
7/25/2013,INV7803651,ELEMERA,P848861,2,35.4996,70.9992,36,30.529656,61.059312,9.939888
2/8/2013,INV7803586,ELEMERA,P848861,2,35.4996,70.9992,36,30.529656,61.059312,9.939888
8/20/2013,INV7803467,ELEMERA,P848861,6,35.4996,212.9976,36,30.529656,183.177936,29.819664
8/20/2013,INV7803467,ELEMERA,P489494,1,41.0913,41.0913,36,35.338518,35.338518,5.752782
4/28/2014,INV7801955,ELEMERA,P848861,2,36.3888,72.7776,36,31.294368,62.588736,10.188864
4/28/2014,INV7801955,ELEMERA,P263903,4,0.3933,1.5732,36,0.338238,1.352952,0.220248
4/28/2014,INV7801955,ELEMERA,P827943,4,0.3249,1.2996,36,0.279414,1.117656,0.181944
4/28/2014,INV7801955,ELEMERA,P875701,2,0.7182,1.4364,36,0.617652,1.235304,0.201096
4/28/2014,INV7801955,ELEMERA,P680371,2,0.8721,1.7442,36,0.750006,1.500012,0.244188
4/28/2014,INV7801955,ELEMERA,P314444,2,0.7353,1.4706,36,0.632358,1.264716,0.205884
4/28/2014,INV7801955,ELEMERA,P685804,4,2.6676,10.6704,36,2.294136,9.176544,1.493856
4/28/2014,INV7801955,ELEMERA,P348223,2,5.8824,11.7648,36,5.058864,10.117728,1.647072
4/28/2014,INV7801955,ELEMERA,P233222,6,21.9564,131.7384,36,18.882504,113.295024,18.443376
4/28/2014,INV7801955,ELEMERA,P434541,2,130.1481,260.2962,36,111.927366,223.854732,36.441468
4/28/2014,INV7801955,ELEMERA,P126119,2,0.6498,1.2996,36,0.558828,1.117656,0.181944
4/28/2014,INV7801955,ELEMERA,P859179,2,12.3633,24.7266,36,10.632438,21.264876,3.461724
4/28/2014,INV7801955,ELEMERA,P420771,2,0.8892,1.7784,36,0.764712,1.529424,0.248976
4/28/2014,INV7801955,ELEMERA,P744611,1,30.5406,30.5406,36,26.264916,26.264916,4.275684
4/28/2014,INV7801955,ELEMERA,P699932,2,0.684,1.368,36,0.58824,1.17648,0.19152
4/28/2014,INV7801955,ELEMERA,P342121,2,693.6102,1387.2204,36,596.504772,1193.009544,194.210856
4/28/2014,INV7801955,ELEMERA,P299719,2,3.1977,6.3954,36,2.750022,5.500044,0.895356
3/10/2014,INV7800791,ELEMERA,P848861,2,36.3888,72.7776,36,31.294368,62.588736,10.188864
2/16/2015,INV7799880,ELEMERA,P848861,3,36.3888,109.1664,36,31.294368,93.883104,15.283296
2/16/2015,INV7799880,ELEMERA,P848861,1,36.3888,36.3888,36,31.294368,31.294368,5.094432
2/16/2015,INV7799880,ELEMERA,P109015,2,14.706,29.412,36,12.64716,25.29432,4.11768
2/16/2015,INV7799880,ELEMERA,P765168,2,51.2145,102.429,36,44.04447,88.08894,14.34006
2/16/2015,INV7799880,ELEMERA,P327148,4,23.2389,92.9556,36,19.985454,79.941816,13.013784
2/16/2015,INV7799880,ELEMERA,P875701,4,0.7182,2.8728,36,0.617652,2.470608,0.402192
2/16/2015,INV7799880,ELEMERA,P314444,4,0.7353,2.9412,36,0.632358,2.529432,0.411768
2/16/2015,INV7799880,ELEMERA,P386494,1,555.0147,555.0147,36,477.312642,477.312642,77.702058
2/16/2015,INV7799880,ELEMERA,P699932,4,0.684,2.736,36,0.58824,2.35296,0.38304
2/16/2015,INV7799880,ELEMERA,P578893,3,195.4359,586.3077,36,168.074874,504.224622,82.083078
2/16/2015,INV7799880,ELEMERA,P838929,2,12.5685,25.137,36,10.80891,21.61782,3.51918
3/27/2015,INV7799587,ELEMERA,P848861,2,36.3888,72.7776,36,31.294368,62.588736,10.188864
3/27/2015,INV7799587,ELEMERA,P741444,1,25.821,25.821,36,22.20606,22.20606,3.61494
4/5/2015,INV7799331,ELEMERA,P848861,1,36.3888,36.3888,36,31.294368,31.294368,5.094432
5/18/2015,INV7799195,ELEMERA,P848861,1,36.3888,36.3888,36,31.294368,31.294368,5.094432
7/22/2015,INV7798637,ELEMERA,P848861,2,36.3888,72.7776,36,31.294368,62.588736,10.188864
8/28/2015,INV7798120,ELEMERA,P848861,2,36.3888,72.7776,36,31.294368,62.588736,10.188864
8/28/2015,INV7798120,ELEMERA,P875701,2,0.7182,1.4364,36,0.617652,1.235304,0.201096
8/28/2015,INV7798120,ELEMERA,P314444,2,0.7353,1.4706,36,0.632358,1.264716,0.205884
8/28/2015,INV7798120,ELEMERA,P699932,2,0.684,1.368,36,0.58824,1.17648,0.19152
1/14/2016,INV7796620,ELEMERA,P848861,3,36.3888,109.1664,36,31.294368,93.883104,15.283296
1/14/2016,INV7796620,ELEMERA,P863218,12,21.1356,253.6272,36,18.176616,218.119392,35.507808
1/14/2016,INV7796620,ELEMERA,P350627,4,221.8383,887.3532,36,190.780938,763.123752,124.229448
1/14/2016,INV7796620,ELEMERA,P350627,4,221.8383,887.3532,36,190.780938,763.123752,124.229448
1/14/2016,INV7796620,ELEMERA,P350627,4,221.8383,887.3532,36,190.780938,763.123752,124.229448
1/8/2016,INV7794519,ELEMERA,P848861,1,38.3553,38.3553,36,32.985558,32.985558,5.369742
1/8/2016,INV7794519,ELEMERA,P386494,1,555.0147,555.0147,36,477.312642,477.312642,77.702058
12/20/2016,INV7793221,ELEMERA,P848861,2,38.3553,76.7106,36,32.985558,65.971116,10.739484
12/20/2016,INV7793221,ELEMERA,P496406,1,56.9088,56.9088,36,48.941568,48.941568,7.967232
12/20/2016,INV7793221,ELEMERA,P802256,4,39.0735,156.294,36,33.60321,134.41284,21.88116
4/5/2017,INV7792006,ELEMERA,P848861,2,38.3553,76.7106,36,32.985558,65.971116,10.739484
4/5/2017,INV7792006,ELEMERA,P956668,4,5.5575,22.23,36,4.77945,19.1178,3.1122
5/15/2017,INV7791899,ELEMERA,P848861,2,38.3553,76.7106,36,32.985558,65.971116,10.739484
5/17/2017,INV7791868,ELEMERA,P848861,1,38.3553,38.3553,36,32.985558,32.985558,5.369742
5/17/2017,INV7791868,ELEMERA,P346844,3,46.9224,140.7672,36,40.353264,121.059792,19.707408
5/17/2017,INV7791868,ELEMERA,P201256,2,11.8161,23.6322,36,10.161846,20.323692,3.308508
5/17/2017,INV7791868,ELEMERA,P770621,3,22.4181,67.2543,36,19.279566,57.838698,9.415602
5/17/2017,INV7791868,ELEMERA,P741444,1,25.821,25.821,36,22.20606,22.20606,3.61494
8/30/2017,INV7790717,ELEMERA,P848861,1,38.3553,38.3553,36,32.985558,32.985558,5.369742
7/9/2017,INV7790607,ELEMERA,P848861,1,38.3553,38.3553,36,32.985558,32.985558,5.369742
9/21/2017,INV7790485,ELEMERA,P848861,2,38.3553,76.7106,36,32.985558,65.971116,10.739484
10/16/2017,INV7790253,ELEMERA,P848861,2,38.3553,76.7106,36,32.985558,65.971116,10.739484
10/16/2017,INV7790253,ELEMERA,P605468,1,301.2336,301.2336,36,259.060896,259.060896,42.172704
1/19/2018,INV7789343,ELEMERA,P848861,2,38.3553,76.7106,36,32.985558,65.971116,10.739484
2/15/2018,INV7789014,ELEMERA,P848861,2,38.3553,76.7106,36,32.985558,65.971116,10.739484
8/30/2018,INV7786529,ELEMERA,P848861,1,38.3553,38.3553,36,32.985558,32.985558,5.369742
8/30/2018,INV7786529,ELEMERA,P386494,1,555.0147,555.0147,36,477.312642,477.312642,77.702058
8/30/2018,INV7786529,ELEMERA,P940898,1,123.6159,123.6159,36,106.309674,106.309674,17.306226
10/16/2018,INV7785914,ELEMERA,P848861,2,38.3553,76.7106,36,32.985558,65.971116,10.739484
10/16/2018,INV7785914,ELEMERA,P496406,1,56.9088,56.9088,36,48.941568,48.941568,7.967232
10/16/2018,INV7785914,ELEMERA,P802256,6,39.5352,237.2112,36,34.000272,204.001632,33.209568
2/18/2019,INV7784203,ELEMERA,P848861,2,38.3553,76.7106,36,32.985558,65.971116,10.739484
2/18/2019,INV7784203,ELEMERA,P741444,2,25.821,51.642,36,22.20606,44.41212,7.22988
2/27/2019,INV7784027,ELEMERA,P848861,1,38.3553,38.3553,36,32.985558,32.985558,5.369742
2/27/2019,INV7784027,ELEMERA,P489494,8,53.1297,425.0376,36,45.691542,365.532336,59.505264
2/27/2019,INV7784027,ELEMERA,P802256,22,46.17,1015.74,36,39.7062,873.5364,142.2036
2/27/2019,INV7784027,ELEMERA,P297035,4,97.6923,390.7692,36,84.015378,336.061512,54.707688
11/4/2019,INV7783299,ELEMERA,P848861,1,38.3553,38.3553,36,32.985558,32.985558,5.369742
4/24/2019,INV7783175,ELEMERA,P848861,2,38.3553,76.7106,36,32.985558,65.971116,10.739484
6/8/2019,INV7781736,ELEMERA,P848861,2,38.3553,76.7106,36,32.985558,65.971116,10.739484
6/11/2019,INV7780653,ELEMERA,P848861,2,38.3553,76.7106,36,32.985558,65.971116,10.739484
6/11/2019,INV7780653,ELEMERA,P263903,2,0.3933,0.7866,36,0.338238,0.676476,0.110124
6/11/2019,INV7780653,ELEMERA,P685804,2,5.13,10.26,36,4.4118,8.8236,1.4364
6/11/2019,INV7780653,ELEMERA,P386494,1,728.6823,728.6823,36,626.666778,626.666778,102.015522
6/11/2019,INV7780653,ELEMERA,P348223,2,7.1136,14.2272,36,6.117696,12.235392,1.991808
6/11/2019,INV7780653,ELEMERA,P233222,6,27.1035,162.621,36,23.30901,139.85406,22.76694
6/11/2019,INV7780653,ELEMERA,P434541,2,159.2352,318.4704,36,136.942272,273.884544,44.585856
6/11/2019,INV7780653,ELEMERA,P954530,1,21.3921,21.3921,36,18.397206,18.397206,2.994894
6/11/2019,INV7780653,ELEMERA,P859179,2,23.427,46.854,36,20.14722,40.29444,6.55956
6/11/2019,INV7780653,ELEMERA,P399293,1,687.9501,687.9501,36,591.637086,591.637086,96.313014
6/11/2019,INV7780653,ELEMERA,P299719,2,4.9419,9.8838,36,4.250034,8.500068,1.383732
7/24/2020,INV7778026,ELEMERA,P848861,2,38.9196,77.8392,36,33.470856,66.941712,10.897488
5/20/2015,INV7799158,ELEMERA,P604590,1,3.762,3.762,36,3.23532,3.23532,0.52668
5/20/2015,INV7799158,ELEMERA,P604590,9,3.762,33.858,36,3.23532,29.11788,4.74012
9/2/2017,INV7792874,ELEMERA,P604590,4,3.762,15.048,36,3.23532,12.94128,2.10672
9/2/2017,INV7792874,ELEMERA,P496406,1,56.9088,56.9088,36,48.941568,48.941568,7.967232
9/2/2017,INV7792874,ELEMERA,P195858,4,8.0541,32.2164,36,6.926526,27.706104,4.510296
9/2/2017,INV7792874,ELEMERA,P428484,4,2.9754,11.9016,36,2.558844,10.235376,1.666224
9/2/2017,INV7792874,ELEMERA,P739692,3,2.8386,8.5158,36,2.441196,7.323588,1.192212
9/2/2017,INV7792874,ELEMERA,P739692,1,2.8386,2.8386,36,2.441196,2.441196,0.397404
9/2/2017,INV7792874,ELEMERA,P741444,1,25.821,25.821,36,22.20606,22.20606,3.61494
9/2/2017,INV7792874,ELEMERA,P407371,1,195.453,195.453,36,168.08958,168.08958,27.36342
9/2/2017,INV7792874,ELEMERA,P105074,3,14.0049,42.0147,36,12.044214,36.132642,5.882058
9/2/2017,INV7792874,ELEMERA,P105074,1,14.0049,14.0049,36,12.044214,12.044214,1.960686
9/2/2017,INV7792874,ELEMERA,P767604,6,2.3598,14.1588,36,2.029428,12.176568,1.982232
6/2/2017,INV7792914,ELEMERA,P604590,1,3.762,3.762,36,3.23532,3.23532,0.52668
6/2/2017,INV7792914,ELEMERA,P496406,1,56.9088,56.9088,36,48.941568,48.941568,7.967232
6/2/2017,INV7792914,ELEMERA,P496406,1,56.9088,56.9088,36,48.941568,48.941568,7.967232
6/2/2017,INV7792914,ELEMERA,P195858,1,8.0541,8.0541,36,6.926526,6.926526,1.127574
6/2/2017,INV7792914,ELEMERA,P770621,1,22.4181,22.4181,36,19.279566,19.279566,3.138534
6/2/2017,INV7792914,ELEMERA,P770621,1,22.4181,22.4181,36,19.279566,19.279566,3.138534
6/2/2017,INV7792914,ELEMERA,P368477,1,30.5406,30.5406,36,26.264916,26.264916,4.275684
6/2/2017,INV7792914,ELEMERA,P741444,1,25.821,25.821,36,22.20606,22.20606,3.61494
6/2/2017,INV7792914,ELEMERA,P741444,1,25.821,25.821,36,22.20606,22.20606,3.61494
10/8/2017,INV7790914,ELEMERA,P604590,1,3.762,3.762,36,3.23532,3.23532,0.52668
10/8/2017,INV7790914,ELEMERA,P485322,10,2.9754,29.754,36,2.558844,25.58844,4.16556
10/8/2017,INV7790914,ELEMERA,P386494,1,555.0147,555.0147,36,477.312642,477.312642,77.702058
10/8/2017,INV7790914,ELEMERA,P770621,2,22.4181,44.8362,36,19.279566,38.559132,6.277068
10/8/2017,INV7790914,ELEMERA,P608773,2,3.1122,6.2244,36,2.676492,5.352984,0.871416
12/28/2017,INV7789509,ELEMERA,P604590,16,3.762,60.192,36,3.23532,51.76512,8.42688
12/28/2017,INV7789509,ELEMERA,P604590,24,3.762,90.288,36,3.23532,77.64768,12.64032
12/28/2017,INV7789509,ELEMERA,P605468,1,301.2336,301.2336,36,259.060896,259.060896,42.172704
12/28/2017,INV7789509,ELEMERA,P605468,1,301.2336,301.2336,36,259.060896,259.060896,42.172704
12/28/2017,INV7789509,ELEMERA,P273990,16,19.836,317.376,36,17.05896,272.94336,44.43264
12/28/2017,INV7789509,ELEMERA,P273990,4,19.836,79.344,36,17.05896,68.23584,11.10816
3/3/2014,INV7802295,ELEMERA,P485322,8,4.6512,37.2096,36,4.000032,32.000256,5.209344
3/3/2014,INV7802295,ELEMERA,P765168,2,51.2145,102.429,36,44.04447,88.08894,14.34006
3/3/2014,INV7802295,ELEMERA,P934398,8,10.2087,81.6696,36,8.779482,70.235856,11.433744
3/3/2014,INV7802295,ELEMERA,P930757,1,30.9681,30.9681,36,26.632566,26.632566,4.335534
3/3/2014,INV7802295,ELEMERA,P584705,4,26.0262,104.1048,36,22.382532,89.530128,14.574672
3/3/2014,INV7802295,ELEMERA,P187536,8,11.6793,93.4344,36,10.044198,80.353584,13.080816
3/3/2014,INV7802295,ELEMERA,P161758,1,13.7997,13.7997,36,11.867742,11.867742,1.931958
3/3/2014,INV7802295,ELEMERA,P803568,1,1018.7838,1018.7838,36,876.154068,876.154068,142.629732
3/3/2014,INV7802295,ELEMERA,P179032,1,31.5153,31.5153,36,27.103158,27.103158,4.412142
3/3/2014,INV7802295,ELEMERA,P975030,1,181.5336,181.5336,36,156.118896,156.118896,25.414704
3/3/2014,INV7802295,ELEMERA,P828357,1,73.3419,73.3419,36,63.074034,63.074034,10.267866
3/3/2014,INV7802295,ELEMERA,P378270,4,9.9522,39.8088,36,8.558892,34.235568,5.573232
3/3/2014,INV7802292,ELEMERA,P485322,8,2.9754,23.8032,36,2.558844,20.470752,3.332448
3/3/2014,INV7802292,ELEMERA,P765168,2,51.2145,102.429,36,44.04447,88.08894,14.34006
3/3/2014,INV7802292,ELEMERA,P934398,8,10.2087,81.6696,36,8.779482,70.235856,11.433744
3/3/2014,INV7802292,ELEMERA,P930757,1,30.9681,30.9681,36,26.632566,26.632566,4.335534
3/3/2014,INV7802292,ELEMERA,P584705,4,26.0262,104.1048,36,22.382532,89.530128,14.574672
3/3/2014,INV7802292,ELEMERA,P187536,8,11.6793,93.4344,36,10.044198,80.353584,13.080816
3/3/2014,INV7802292,ELEMERA,P161758,1,13.7997,13.7997,36,11.867742,11.867742,1.931958
3/3/2014,INV7802292,ELEMERA,P803568,1,1018.7838,1018.7838,36,876.154068,876.154068,142.629732
3/3/2014,INV7802292,ELEMERA,P179032,1,31.5153,31.5153,36,27.103158,27.103158,4.412142
3/3/2014,INV7802292,ELEMERA,P975030,1,181.5336,181.5336,36,156.118896,156.118896,25.414704
3/3/2014,INV7802292,ELEMERA,P828357,1,73.3419,73.3419,36,63.074034,63.074034,10.267866
3/3/2014,INV7802292,ELEMERA,P378270,4,9.9522,39.8088,36,8.558892,34.235568,5.573232
10/4/2014,INV7802020,ELEMERA,P485322,12,2.9754,35.7048,36,2.558844,30.706128,4.998672
8/19/2015,INV7798248,ELEMERA,P485322,1,2.9754,2.9754,36,2.558844,2.558844,0.416556
10/14/2016,INV7793828,ELEMERA,P485322,6,2.9754,17.8524,36,2.558844,15.353064,2.499336
5/12/2016,INV7793334,ELEMERA,P485322,1,2.9754,2.9754,36,2.558844,2.558844,0.416556
5/12/2016,INV7793334,ELEMERA,P987453,2,31.3101,62.6202,36,26.926686,53.853372,8.766828
5/12/2016,INV7793334,ELEMERA,P987453,2,31.3101,62.6202,36,26.926686,53.853372,8.766828
5/12/2016,INV7793334,ELEMERA,P987453,2,31.3101,62.6202,36,26.926686,53.853372,8.766828
5/12/2016,INV7793334,ELEMERA,P496406,1,56.9088,56.9088,36,48.941568,48.941568,7.967232
5/12/2016,INV7793334,ELEMERA,P195858,1,8.0541,8.0541,36,6.926526,6.926526,1.127574
5/12/2016,INV7793334,ELEMERA,P741444,1,25.821,25.821,36,22.20606,22.20606,3.61494
9/8/2017,INV7790933,ELEMERA,P485322,2,2.9754,5.9508,36,2.558844,5.117688,0.833112
9/8/2017,INV7790933,ELEMERA,P496406,1,56.9088,56.9088,36,48.941568,48.941568,7.967232
9/8/2017,INV7790933,ELEMERA,P666583,4,0.684,2.736,36,0.58824,2.35296,0.38304
9/8/2017,INV7790933,ELEMERA,P907862,4,0.9576,3.8304,36,0.823536,3.294144,0.536256
9/8/2017,INV7790933,ELEMERA,P388557,1,22.7772,22.7772,36,19.588392,19.588392,3.188808
9/8/2017,INV7790933,ELEMERA,P546093,2,827.4006,1654.8012,36,711.564516,1423.129032,231.672168
9/8/2017,INV7790933,ELEMERA,P802256,4,39.5352,158.1408,36,34.000272,136.001088,22.139712
9/8/2017,INV7790933,ELEMERA,P181332,4,0.4959,1.9836,36,0.426474,1.705896,0.277704
9/8/2017,INV7790933,ELEMERA,P988038,1,835.3521,835.3521,36,718.402806,718.402806,116.949294
9/8/2017,INV7790933,ELEMERA,P605468,1,301.2336,301.2336,36,259.060896,259.060896,42.172704
9/8/2017,INV7790933,ELEMERA,P453056,1,369.5652,369.5652,36,317.826072,317.826072,51.739128
9/8/2017,INV7790933,ELEMERA,P731019,4,22.7772,91.1088,36,19.588392,78.353568,12.755232
9/29/2017,INV7790400,ELEMERA,P485322,4,2.9754,11.9016,36,2.558844,10.235376,1.666224
9/29/2017,INV7790400,ELEMERA,P496406,1,56.9088,56.9088,36,48.941568,48.941568,7.967232
9/29/2017,INV7790400,ELEMERA,P802256,1,39.5352,39.5352,36,34.000272,34.000272,5.534928
9/29/2017,INV7790400,ELEMERA,P622408,2,14.4837,28.9674,36,12.455982,24.911964,4.055436
9/29/2017,INV7790400,ELEMERA,P741444,1,25.821,25.821,36,22.20606,22.20606,3.61494
2/20/2018,INV7788966,ELEMERA,P485322,10,2.9754,29.754,36,2.558844,25.58844,4.16556
2/20/2018,INV7788966,ELEMERA,P496406,6,56.9088,341.4528,36,48.941568,293.649408,47.803392
2/20/2018,INV7788966,ELEMERA,P817199,6,15.1506,90.9036,36,13.029516,78.177096,12.726504
2/20/2018,INV7788966,ELEMERA,P741444,6,25.821,154.926,36,22.20606,133.23636,21.68964
10/4/2018,INV7788409,ELEMERA,P485322,2,2.9754,5.9508,36,2.558844,5.117688,0.833112
10/4/2018,INV7788409,ELEMERA,P152006,1,35.91,35.91,36,30.8826,30.8826,5.0274
10/4/2018,INV7788409,ELEMERA,P195858,1,8.0541,8.0541,36,6.926526,6.926526,1.127574
10/4/2018,INV7788409,ELEMERA,P779180,1,4.7025,4.7025,36,4.04415,4.04415,0.65835
6/20/2018,INV7787576,ELEMERA,P485322,20,2.9754,59.508,36,2.558844,51.17688,8.33112
9/8/2018,INV7786869,ELEMERA,P485322,1,2.9754,2.9754,36,2.558844,2.558844,0.416556
9/8/2018,INV7786869,ELEMERA,P952213,1,3.0951,3.0951,36,2.661786,2.661786,0.433314
9/8/2018,INV7786869,ELEMERA,P754511,1,27.3087,27.3087,36,23.485482,23.485482,3.823218
9/8/2018,INV7786869,ELEMERA,P254758,1,7.1136,7.1136,36,6.117696,6.117696,0.995904
9/8/2018,INV7786869,ELEMERA,P346536,1,27.4284,27.4284,36,23.588424,23.588424,3.839976
4/23/2019,INV7783186,ELEMERA,P485322,10,2.9754,29.754,36,2.558844,25.58844,4.16556
4/23/2019,INV7783186,ELEMERA,P617811,6,17.6814,106.0884,36,15.206004,91.236024,14.852376
4/23/2019,INV7783186,ELEMERA,P623602,6,22.059,132.354,36,18.97074,113.82444,18.52956
12/3/2020,INV7779295,ELEMERA,P485322,5,3.0267,15.1335,36,2.602962,13.01481,2.11869
12/3/2020,INV7779295,ELEMERA,P496406,6,56.9088,341.4528,36,48.941568,293.649408,47.803392
12/3/2020,INV7779295,ELEMERA,P605468,3,375.5844,1126.7532,36,323.002584,969.007752,157.745448
12/3/2020,INV7779295,ELEMERA,P741444,1,40.4415,40.4415,36,34.77969,34.77969,5.66181
6/25/2020,INV7778328,ELEMERA,P485322,1,3.0267,3.0267,36,2.602962,2.602962,0.423738
6/26/2020,INV7778305,ELEMERA,P485322,29,3.0267,87.7743,36,2.602962,75.485898,12.288402
5/1/2010,INV7811691,ELEMERA,P895105,8,37.8594,302.8752,36,32.559084,260.472672,42.402528
4/27/2010,INV7811127,ELEMERA,P895105,1,37.8594,37.8594,36,32.559084,32.559084,5.300316
4/27/2010,INV7811127,ELEMERA,P907453,1,73.6326,73.6326,36,63.324036,63.324036,10.308564
8/25/2010,INV7810384,ELEMERA,P895105,4,37.8594,151.4376,36,32.559084,130.236336,21.201264
8/25/2010,INV7810384,ELEMERA,P917252,1,837.6948,837.6948,36,720.417528,720.417528,117.277272
9/24/2010,INV7810177,ELEMERA,P895105,4,37.8594,151.4376,36,32.559084,130.236336,21.201264
9/24/2010,INV7810177,ELEMERA,P450109,5,50.5134,252.567,36,43.441524,217.20762,35.35938
9/24/2010,INV7810177,ELEMERA,P281184,8,39.6891,317.5128,36,34.132626,273.061008,44.451792
9/24/2010,INV7810177,ELEMERA,P991727,4,36.9873,147.9492,36,31.809078,127.236312,20.712888
9/24/2010,INV7810177,ELEMERA,P165014,1,52.9074,52.9074,36,45.500364,45.500364,7.407036
9/24/2010,INV7810177,ELEMERA,P925421,2,60.0894,120.1788,36,51.676884,103.353768,16.825032
9/24/2010,INV7810177,ELEMERA,P556314,1,68.4342,68.4342,36,58.853412,58.853412,9.580788
10/25/2010,INV7809978,ELEMERA,P895105,4,37.8594,151.4376,36,32.559084,130.236336,21.201264
10/25/2010,INV7809978,ELEMERA,P956668,5,7.182,35.91,36,6.17652,30.8826,5.0274
10/25/2010,INV7809978,ELEMERA,P653532,2,9.1314,18.2628,36,7.853004,15.706008,2.556792
12/17/2010,INV7809665,ELEMERA,P895105,4,37.8594,151.4376,36,32.559084,130.236336,21.201264
12/17/2010,INV7809665,ELEMERA,P844730,2,49.4361,98.8722,36,42.515046,85.030092,13.842108
12/17/2010,INV7809665,ELEMERA,P753309,1,16.5186,16.5186,36,14.205996,14.205996,2.312604
12/17/2010,INV7809665,ELEMERA,P321238,2,5.1813,10.3626,36,4.455918,8.911836,1.450764
12/17/2010,INV7809665,ELEMERA,P885686,1,229.2597,229.2597,36,197.163342,197.163342,32.096358
12/17/2010,INV7809665,ELEMERA,P753920,2,3.4884,6.9768,36,3.000024,6.000048,0.976752
12/17/2010,INV7809665,ELEMERA,P542150,2,4.6854,9.3708,36,4.029444,8.058888,1.311912
12/17/2010,INV7809665,ELEMERA,P107912,2,3.5055,7.011,36,3.01473,6.02946,0.98154
12/17/2010,INV7809665,ELEMERA,P644453,4,3.0609,12.2436,36,2.632374,10.529496,1.714104
12/17/2010,INV7809665,ELEMERA,P711169,1,13.509,13.509,36,11.61774,11.61774,1.89126
12/17/2010,INV7809665,ELEMERA,P572732,4,2.1204,8.4816,36,1.823544,7.294176,1.187424
12/17/2010,INV7809665,ELEMERA,P692534,4,3.6423,14.5692,36,3.132378,12.529512,2.039688
2/16/2011,INV7809387,ELEMERA,P895105,8,37.8594,302.8752,36,32.559084,260.472672,42.402528
2/16/2011,INV7809387,ELEMERA,P615711,6,4.4973,26.9838,36,3.867678,23.206068,3.777732
2/16/2011,INV7809387,ELEMERA,P626794,1,166.9986,166.9986,36,143.618796,143.618796,23.379804
4/29/2011,INV7808973,ELEMERA,P895105,2,37.8594,75.7188,36,32.559084,65.118168,10.600632
4/29/2011,INV7808973,ELEMERA,P847740,1,28.6767,28.6767,36,24.661962,24.661962,4.014738
4/29/2011,INV7808973,ELEMERA,P765168,2,55.3527,110.7054,36,47.603322,95.206644,15.498756
4/29/2011,INV7808973,ELEMERA,P241997,1,1068.1686,1068.1686,36,918.624996,918.624996,149.543604
5/23/2011,INV7808795,ELEMERA,P895105,16,37.8594,605.7504,36,32.559084,520.945344,84.805056
5/23/2011,INV7808795,ELEMERA,P389008,2,42.066,84.132,36,36.17676,72.35352,11.77848
5/23/2011,INV7808795,ELEMERA,P441561,4,19.7163,78.8652,36,16.956018,67.824072,11.041128
5/7/2011,INV7808460,ELEMERA,P895105,2,37.8594,75.7188,36,32.559084,65.118168,10.600632
5/7/2011,INV7808460,ELEMERA,P257706,1,9.3366,9.3366,36,8.029476,8.029476,1.307124
5/7/2011,INV7808460,ELEMERA,P700921,1,416.6073,416.6073,36,358.282278,358.282278,58.325022
7/25/2011,INV7808344,ELEMERA,P895105,10,37.8594,378.594,36,32.559084,325.59084,53.00316
7/25/2011,INV7808344,ELEMERA,P956668,10,7.182,71.82,36,6.17652,61.7652,10.0548
7/25/2011,INV7808344,ELEMERA,P253930,1,254.6703,254.6703,36,219.016458,219.016458,35.653842
7/25/2011,INV7808344,ELEMERA,P390237,2,132.9012,265.8024,36,114.295032,228.590064,37.212336
7/25/2011,INV7808344,ELEMERA,P290129,5,2.7018,13.509,36,2.323548,11.61774,1.89126
2/9/2011,INV7808052,ELEMERA,P895105,10,37.8594,378.594,36,32.559084,325.59084,53.00316
2/9/2011,INV7808052,ELEMERA,P765168,1,55.3527,55.3527,36,47.603322,47.603322,7.749378
2/9/2011,INV7808052,ELEMERA,P956668,14,7.182,100.548,36,6.17652,86.47128,14.07672
2/9/2011,INV7808052,ELEMERA,P990654,2,25.7013,51.4026,36,22.103118,44.206236,7.196364
2/9/2011,INV7808052,ELEMERA,P488721,2,84.2688,168.5376,36,72.471168,144.942336,23.595264
2/9/2011,INV7808052,ELEMERA,P615711,12,4.4973,53.9676,36,3.867678,46.412136,7.555464
2/9/2011,INV7808052,ELEMERA,P497209,2,12.1923,24.3846,36,10.485378,20.970756,3.413844
2/9/2011,INV7808052,ELEMERA,P283820,6,28.2492,169.4952,36,24.294312,145.765872,23.729328
9/23/2011,INV7807919,ELEMERA,P895105,12,37.8594,454.3128,36,32.559084,390.709008,63.603792
9/23/2011,INV7807919,ELEMERA,P956668,12,7.182,86.184,36,6.17652,74.11824,12.06576
9/23/2011,INV7807919,ELEMERA,P348444,1,434.3742,434.3742,36,373.561812,373.561812,60.812388
9/23/2011,INV7807919,ELEMERA,P276084,1,55.8144,55.8144,36,48.000384,48.000384,7.814016
9/23/2011,INV7807919,ELEMERA,P975273,1,13.0131,13.0131,36,11.191266,11.191266,1.821834
9/23/2011,INV7807919,ELEMERA,P352582,1,668.9007,668.9007,36,575.254602,575.254602,93.646098
9/23/2011,INV7807919,ELEMERA,P839338,1,42.75,42.75,36,36.765,36.765,5.985
9/23/2011,INV7807919,ELEMERA,P295477,1,668.9007,668.9007,36,575.254602,575.254602,93.646098
11/10/2011,INV7807834,ELEMERA,P895105,6,37.8594,227.1564,36,32.559084,195.354504,31.801896
11/10/2011,INV7807834,ELEMERA,P956668,6,7.182,43.092,36,6.17652,37.05912,6.03288
11/10/2011,INV7807834,ELEMERA,P488721,1,84.2688,84.2688,36,72.471168,72.471168,11.797632
11/10/2011,INV7807834,ELEMERA,P363720,1,27.9414,27.9414,36,24.029604,24.029604,3.911796
12/10/2011,INV7807819,ELEMERA,P895105,6,37.8594,227.1564,36,32.559084,195.354504,31.801896
12/10/2011,INV7807819,ELEMERA,P687247,1,442.206,442.206,36,380.29716,380.29716,61.90884
12/10/2011,INV7807819,ELEMERA,P947899,100,1.2654,126.54,36,1.088244,108.8244,17.7156
10/20/2011,INV7807760,ELEMERA,P895105,6,37.8594,227.1564,36,32.559084,195.354504,31.801896
10/20/2011,INV7807760,ELEMERA,P987453,3,34.2,102.6,36,29.412,88.236,14.364
10/20/2011,INV7807760,ELEMERA,P287800,3,12.1068,36.3204,36,10.411848,31.235544,5.084856
10/20/2011,INV7807760,ELEMERA,P719604,1,61.2351,61.2351,36,52.662186,52.662186,8.572914
10/20/2011,INV7807760,ELEMERA,P765168,4,55.3527,221.4108,36,47.603322,190.413288,30.997512
10/20/2011,INV7807760,ELEMERA,P934398,6,24.4701,146.8206,36,21.044286,126.265716,20.554884
10/20/2011,INV7807760,ELEMERA,P907453,2,73.6326,147.2652,36,63.324036,126.648072,20.617128
10/20/2011,INV7807760,ELEMERA,P290129,3,2.7018,8.1054,36,2.323548,6.970644,1.134756
10/20/2011,INV7807760,ELEMERA,P975273,2,13.0131,26.0262,36,11.191266,22.382532,3.643668
10/20/2011,INV7807760,ELEMERA,P474795,1,43.3998,43.3998,36,37.323828,37.323828,6.075972
11/15/2011,INV7807610,ELEMERA,P895105,2,37.8594,75.7188,36,32.559084,65.118168,10.600632
11/15/2011,INV7807610,ELEMERA,P666582,1,394.3602,394.3602,36,339.149772,339.149772,55.210428
11/15/2011,INV7807610,ELEMERA,P899322,1,394.3602,394.3602,36,339.149772,339.149772,55.210428
11/15/2011,INV7807610,ELEMERA,P541249,1,21.3066,21.3066,36,18.323676,18.323676,2.982924
11/15/2011,INV7807610,ELEMERA,P944324,4,3.8475,15.39,36,3.30885,13.2354,2.1546
11/25/2011,INV7807531,ELEMERA,P895105,2,37.8594,75.7188,36,32.559084,65.118168,10.600632
12/16/2011,INV7807380,ELEMERA,P895105,5,37.8594,189.297,36,32.559084,162.79542,26.50158
12/16/2011,INV7807380,ELEMERA,P956668,8,7.182,57.456,36,6.17652,49.41216,8.04384
12/3/2012,INV7806912,ELEMERA,P895105,2,39.7575,79.515,36,34.19145,68.3829,11.1321
12/3/2012,INV7806912,ELEMERA,P750449,2,11.0637,22.1274,36,9.514782,19.029564,3.097836
3/28/2012,INV7806790,ELEMERA,P895105,8,39.7575,318.06,36,34.19145,273.5316,44.5284
3/28/2012,INV7806790,ELEMERA,P765168,7,58.1229,406.8603,36,49.985694,349.899858,56.960442
3/28/2012,INV7806790,ELEMERA,P934398,8,15.8175,126.54,36,13.60305,108.8244,17.7156
3/28/2012,INV7806790,ELEMERA,P765543,3,84.8331,254.4993,36,72.956466,218.869398,35.629902
3/28/2012,INV7806790,ELEMERA,P140539,2,73.5813,147.1626,36,63.279918,126.559836,20.602764
4/4/2012,INV7806750,ELEMERA,P895105,10,39.7575,397.575,36,34.19145,341.9145,55.6605
4/4/2012,INV7806750,ELEMERA,P759015,2,106.875,213.75,36,91.9125,183.825,29.925
4/4/2012,INV7806750,ELEMERA,P956668,20,7.5411,150.822,36,6.485346,129.70692,21.11508
4/4/2012,INV7806750,ELEMERA,P994166,4,27.0864,108.3456,36,23.294304,93.177216,15.168384
4/4/2012,INV7806750,ELEMERA,P193780,1,665.7714,665.7714,36,572.563404,572.563404,93.207996
7/23/2012,INV7806034,ELEMERA,P895105,6,39.7575,238.545,36,34.19145,205.1487,33.3963
7/23/2012,INV7806034,ELEMERA,P956668,10,7.5411,75.411,36,6.485346,64.85346,10.55754
9/27/2012,INV7805595,ELEMERA,P895105,2,39.7575,79.515,36,34.19145,68.3829,11.1321
9/27/2012,INV7805595,ELEMERA,P596181,1,249.1299,249.1299,36,214.251714,214.251714,34.878186
11/10/2012,INV7805496,ELEMERA,P895105,2,39.7575,79.515,36,34.19145,68.3829,11.1321
10/25/2012,INV7805404,ELEMERA,P895105,4,39.7575,159.03,36,34.19145,136.7658,22.2642
10/25/2012,INV7805404,ELEMERA,P589067,1,54.0018,54.0018,36,46.441548,46.441548,7.560252
11/28/2012,INV7805197,ELEMERA,P895105,2,62.1243,124.2486,36,53.426898,106.853796,17.394804
11/28/2012,INV7805197,ELEMERA,P105280,4,0.9918,3.9672,36,0.852948,3.411792,0.555408
11/28/2012,INV7805197,ELEMERA,P394310,4,1.026,4.104,36,0.88236,3.52944,0.57456
11/28/2012,INV7805197,ELEMERA,P939256,4,17.5446,70.1784,36,15.088356,60.353424,9.824976
11/28/2012,INV7805197,ELEMERA,P671094,4,1.7271,6.9084,36,1.485306,5.941224,0.967176
11/28/2012,INV7805197,ELEMERA,P572307,1,83.6532,83.6532,36,71.941752,71.941752,11.711448
5/12/2012,INV7805140,ELEMERA,P895105,10,39.7575,397.575,36,34.19145,341.9145,55.6605
5/12/2012,INV7805140,ELEMERA,P759015,1,106.875,106.875,36,91.9125,91.9125,14.9625
5/12/2012,INV7805140,ELEMERA,P956668,20,7.5411,150.822,36,6.485346,129.70692,21.11508
7/12/2012,INV7805112,ELEMERA,P895105,15,39.7575,596.3625,36,34.19145,512.87175,83.49075
7/12/2012,INV7805112,ELEMERA,P615711,6,4.7196,28.3176,36,4.058856,24.353136,3.964464
5/2/2013,INV7804858,ELEMERA,P895105,30,39.7575,1192.725,36,34.19145,1025.7435,166.9815
2/20/2013,INV7804746,ELEMERA,P895105,1,39.7575,39.7575,36,34.19145,34.19145,5.56605
2/20/2013,INV7804746,ELEMERA,P190405,1,1458.972,1458.972,36,1254.71592,1254.71592,204.25608
2/20/2013,INV7804746,ELEMERA,P544790,1,1458.972,1458.972,36,1254.71592,1254.71592,204.25608
2/20/2013,INV7804746,ELEMERA,P293380,1,434.7675,434.7675,36,373.90005,373.90005,60.86745
2/20/2013,INV7804746,ELEMERA,P737795,1,2796.1236,2796.1236,36,2404.666296,2404.666296,391.457304
4/3/2013,INV7804660,ELEMERA,P895105,1,62.1243,62.1243,36,53.426898,53.426898,8.697402
4/3/2013,INV7804660,ELEMERA,P204643,3,29.925,89.775,36,25.7355,77.2065,12.5685
4/3/2013,INV7804660,ELEMERA,P705374,3,26.6247,79.8741,36,22.897242,68.691726,11.182374
4/3/2013,INV7804660,ELEMERA,P541249,2,34.9524,69.9048,36,30.059064,60.118128,9.786672
6/18/2013,INV7803971,ELEMERA,P895105,2,39.7575,79.515,36,34.19145,68.3829,11.1321
6/18/2013,INV7803971,ELEMERA,P934398,2,10.2087,20.4174,36,8.779482,17.558964,2.858436
6/19/2013,INV7803964,ELEMERA,P895105,6,39.7575,238.545,36,34.19145,205.1487,33.3963
6/19/2013,INV7803964,ELEMERA,P666582,1,414.0765,414.0765,36,356.10579,356.10579,57.97071
6/19/2013,INV7803964,ELEMERA,P899322,1,414.0765,414.0765,36,356.10579,356.10579,57.97071
6/19/2013,INV7803964,ELEMERA,P676946,1,414.0765,414.0765,36,356.10579,356.10579,57.97071
6/24/2013,INV7803928,ELEMERA,P895105,4,39.7575,159.03,36,34.19145,136.7658,22.2642
6/24/2013,INV7803928,ELEMERA,P666582,1,414.0765,414.0765,36,356.10579,356.10579,57.97071
6/24/2013,INV7803928,ELEMERA,P215513,1,414.0765,414.0765,36,356.10579,356.10579,57.97071
6/25/2013,INV7803912,ELEMERA,P895105,4,39.7575,159.03,36,34.19145,136.7658,22.2642
6/25/2013,INV7803912,ELEMERA,P615711,4,4.7196,18.8784,36,4.058856,16.235424,2.642976
6/25/2013,INV7803912,ELEMERA,P541249,2,22.3668,44.7336,36,19.235448,38.470896,6.262704
6/25/2013,INV7803912,ELEMERA,P386697,1,49.3164,49.3164,36,42.412104,42.412104,6.904296
8/19/2013,INV7803477,ELEMERA,P895105,2,39.7575,79.515,36,34.19145,68.3829,11.1321
8/26/2013,INV7803434,ELEMERA,P895105,3,39.7575,119.2725,36,34.19145,102.57435,16.69815
5/9/2013,INV7803352,ELEMERA,P895105,6,39.7575,238.545,36,34.19145,205.1487,33.3963
5/9/2013,INV7803352,ELEMERA,P109015,2,14.3298,28.6596,36,12.323628,24.647256,4.012344
5/9/2013,INV7803352,ELEMERA,P584705,2,25.3935,50.787,36,21.83841,43.67682,7.11018
2/10/2013,INV7803192,ELEMERA,P895105,5,39.7575,198.7875,36,34.19145,170.95725,27.83025
10/17/2013,INV7803105,ELEMERA,P895105,3,39.7575,119.2725,36,34.19145,102.57435,16.69815
10/17/2013,INV7803105,ELEMERA,P759015,2,135.5517,271.1034,36,116.574462,233.148924,37.954476
10/17/2013,INV7803105,ELEMERA,P687247,1,442.206,442.206,36,380.29716,380.29716,61.90884
10/17/2013,INV7803105,ELEMERA,P934398,5,10.2087,51.0435,36,8.779482,43.89741,7.14609
10/17/2013,INV7803105,ELEMERA,P126966,1,169.8372,169.8372,36,146.059992,146.059992,23.777208
10/17/2013,INV7803105,ELEMERA,P119870,1,98.5131,98.5131,36,84.721266,84.721266,13.791834
10/30/2013,INV7803024,ELEMERA,P895105,10,39.7575,397.575,36,34.19145,341.9145,55.6605
10/30/2013,INV7803024,ELEMERA,P199129,1,83.448,83.448,36,71.76528,71.76528,11.68272
10/12/2013,INV7802765,ELEMERA,P895105,6,39.7575,238.545,36,34.19145,205.1487,33.3963
10/12/2013,INV7802765,ELEMERA,P886783,1,4.0185,4.0185,36,3.45591,3.45591,0.56259
10/12/2013,INV7802765,ELEMERA,P956668,6,5.4207,32.5242,36,4.661802,27.970812,4.553388
10/12/2013,INV7802765,ELEMERA,P907453,1,45.8109,45.8109,36,39.397374,39.397374,6.413526
9/1/2014,INV7802659,ELEMERA,P895105,6,40.7493,244.4958,36,35.044398,210.266388,34.229412
9/1/2014,INV7802659,ELEMERA,P886783,1,4.0185,4.0185,36,3.45591,3.45591,0.56259
9/1/2014,INV7802659,ELEMERA,P886783,1,4.0185,4.0185,36,3.45591,3.45591,0.56259
9/1/2014,INV7802659,ELEMERA,P956668,1,5.5575,5.5575,36,4.77945,4.77945,0.77805
9/1/2014,INV7802659,ELEMERA,P956668,6,5.5575,33.345,36,4.77945,28.6767,4.6683
9/1/2014,INV7802659,ELEMERA,P206343,1,6.2928,6.2928,36,5.411808,5.411808,0.880992
9/1/2014,INV7802659,ELEMERA,P715622,4,3.9501,15.8004,36,3.397086,13.588344,2.212056
9/1/2014,INV7802659,ELEMERA,P499388,1,3.2319,3.2319,36,2.779434,2.779434,0.452466
9/1/2014,INV7802659,ELEMERA,P907453,1,46.9566,46.9566,36,40.382676,40.382676,6.573924
9/1/2014,INV7802659,ELEMERA,P607504,2,3.2319,6.4638,36,2.779434,5.558868,0.904932
9/1/2014,INV7802659,ELEMERA,P834374,3,3.5055,10.5165,36,3.01473,9.04419,1.47231
9/1/2014,INV7802659,ELEMERA,P336192,1,2.2572,2.2572,36,1.941192,1.941192,0.316008
9/1/2014,INV7802659,ELEMERA,P350946,2,11.8332,23.6664,36,10.176552,20.353104,3.313296
9/1/2014,INV7802659,ELEMERA,P253951,4,1.5219,6.0876,36,1.308834,5.235336,0.852264
9/1/2014,INV7802659,ELEMERA,P558630,1,331.0218,331.0218,36,284.678748,284.678748,46.343052
9/1/2014,INV7802659,ELEMERA,P825266,1,160.3296,160.3296,36,137.883456,137.883456,22.446144
1/17/2014,INV7802598,ELEMERA,P895105,1,40.7493,40.7493,36,35.044398,35.044398,5.704902
1/17/2014,INV7802598,ELEMERA,P541249,1,22.9311,22.9311,36,19.720746,19.720746,3.210354
1/24/2014,INV7802552,ELEMERA,P895105,4,40.7493,162.9972,36,35.044398,140.177592,22.819608
1/24/2014,INV7802552,ELEMERA,P956668,4,5.5575,22.23,36,4.77945,19.1178,3.1122
3/24/2014,INV7802140,ELEMERA,P895105,4,40.7493,162.9972,36,35.044398,140.177592,22.819608
3/24/2014,INV7802140,ELEMERA,P956668,4,5.5575,22.23,36,4.77945,19.1178,3.1122
9/4/2014,INV7802033,ELEMERA,P895105,4,40.7493,162.9972,36,35.044398,140.177592,22.819608
9/4/2014,INV7802033,ELEMERA,P771677,1,130.2849,130.2849,36,112.045014,112.045014,18.239886
9/4/2014,INV7802033,ELEMERA,P207439,1,254.3625,254.3625,36,218.75175,218.75175,35.61075
9/4/2014,INV7802033,ELEMERA,P853538,4,28.4373,113.7492,36,24.456078,97.824312,15.924888
9/4/2014,INV7802033,ELEMERA,P599328,1,8.4987,8.4987,36,7.308882,7.308882,1.189818
9/4/2014,INV7802033,ELEMERA,P790614,1,37.278,37.278,36,32.05908,32.05908,5.21892
8/4/2014,INV7802044,ELEMERA,P895105,2,40.7493,81.4986,36,35.044398,70.088796,11.409804
4/30/2014,INV7801929,ELEMERA,P895105,2,40.7493,81.4986,36,35.044398,70.088796,11.409804
4/30/2014,INV7801929,ELEMERA,P253339,1,247.95,247.95,36,213.237,213.237,34.713
4/30/2014,INV7801929,ELEMERA,P687247,1,442.206,442.206,36,380.29716,380.29716,61.90884
6/16/2014,INV7801617,ELEMERA,P895105,2,40.7493,81.4986,36,35.044398,70.088796,11.409804
11/7/2014,INV7801410,ELEMERA,P895105,2,40.7493,81.4986,36,35.044398,70.088796,11.409804
11/7/2014,INV7801410,ELEMERA,P206343,1,6.2928,6.2928,36,5.411808,5.411808,0.880992
11/7/2014,INV7801410,ELEMERA,P715622,4,3.9501,15.8004,36,3.397086,13.588344,2.212056
11/7/2014,INV7801410,ELEMERA,P907453,1,46.9566,46.9566,36,40.382676,40.382676,6.573924
11/7/2014,INV7801410,ELEMERA,P607504,2,2.7189,5.4378,36,2.338254,4.676508,0.761292
11/7/2014,INV7801410,ELEMERA,P834374,4,3.5055,14.022,36,3.01473,12.05892,1.96308
11/7/2014,INV7801410,ELEMERA,P187862,1,7.5411,7.5411,36,6.485346,6.485346,1.055754
11/7/2014,INV7801410,ELEMERA,P342609,1,3.0096,3.0096,36,2.588256,2.588256,0.421344
11/7/2014,INV7801410,ELEMERA,P574783,1,68.8446,68.8446,36,59.206356,59.206356,9.638244
11/7/2014,INV7801410,ELEMERA,P626794,1,124.4367,124.4367,36,107.015562,107.015562,17.421138
11/7/2014,INV7801410,ELEMERA,P739450,1,20.691,20.691,36,17.79426,17.79426,2.89674
11/7/2014,INV7801410,ELEMERA,P960771,2,11.457,22.914,36,9.85302,19.70604,3.20796
11/7/2014,INV7801410,ELEMERA,P959456,4,2.9754,11.9016,36,2.558844,10.235376,1.666224
11/7/2014,INV7801410,ELEMERA,P371141,4,3.0096,12.0384,36,2.588256,10.353024,1.685376
7/15/2014,INV7801392,ELEMERA,P895105,2,40.7493,81.4986,36,35.044398,70.088796,11.409804
7/15/2014,INV7801392,ELEMERA,P956668,10,5.5575,55.575,36,4.77945,47.7945,7.7805
7/15/2014,INV7801392,ELEMERA,P126966,1,153.216,153.216,36,131.76576,131.76576,21.45024
7/15/2014,INV7801392,ELEMERA,P541249,4,22.9311,91.7244,36,19.720746,78.882984,12.841416
8/25/2014,INV7801065,ELEMERA,P895105,1,40.7493,40.7493,36,35.044398,35.044398,5.704902
8/25/2014,INV7801065,ELEMERA,P765168,1,51.2145,51.2145,36,44.04447,44.04447,7.17003
8/25/2014,INV7801065,ELEMERA,P253375,4,183.0555,732.222,36,157.42773,629.71092,102.51108
8/25/2014,INV7801065,ELEMERA,P140143,1,46.5804,46.5804,36,40.059144,40.059144,6.521256
3/10/2014,INV7800787,ELEMERA,P895105,4,40.7493,162.9972,36,35.044398,140.177592,22.819608
3/10/2014,INV7800787,ELEMERA,P956668,10,5.5575,55.575,36,4.77945,47.7945,7.7805
3/10/2014,INV7800787,ELEMERA,P934398,4,10.2087,40.8348,36,8.779482,35.117928,5.716872
3/10/2014,INV7800787,ELEMERA,P584705,2,25.3935,50.787,36,21.83841,43.67682,7.11018
3/10/2014,INV7800787,ELEMERA,P190405,2,2512.6911,5025.3822,36,2160.914346,4321.828692,703.553508
3/10/2014,INV7800787,ELEMERA,P204643,6,19.6308,117.7848,36,16.882488,101.294928,16.489872
3/10/2014,INV7800787,ELEMERA,P187536,2,11.6793,23.3586,36,10.044198,20.088396,3.270204
3/10/2014,INV7800787,ELEMERA,P919319,1,45.1782,45.1782,36,38.853252,38.853252,6.324948
3/10/2014,INV7800787,ELEMERA,P720103,4,2.9925,11.97,36,2.57355,10.2942,1.6758
3/10/2014,INV7800787,ELEMERA,P544790,2,2512.6911,5025.3822,36,2160.914346,4321.828692,703.553508
3/10/2014,INV7800787,ELEMERA,P878902,1,24.9489,24.9489,36,21.456054,21.456054,3.492846
3/10/2014,INV7800787,ELEMERA,P648574,1,15.6978,15.6978,36,13.500108,13.500108,2.197692
3/10/2014,INV7800787,ELEMERA,P615711,6,4.8564,29.1384,36,4.176504,25.059024,4.079376
3/10/2014,INV7800787,ELEMERA,P357456,10,1.5048,15.048,36,1.294128,12.94128,2.10672
3/10/2014,INV7800787,ELEMERA,P626794,1,124.4367,124.4367,36,107.015562,107.015562,17.421138
3/10/2014,INV7800787,ELEMERA,P944324,22,1.026,22.572,36,0.88236,19.41192,3.16008
3/10/2014,INV7800787,ELEMERA,P138249,1,273.3093,273.3093,36,235.045998,235.045998,38.263302
1/10/2014,INV7800802,ELEMERA,P895105,4,40.7493,162.9972,36,35.044398,140.177592,22.819608
10/23/2014,INV7800647,ELEMERA,P895105,8,40.7493,325.9944,36,35.044398,280.355184,45.639216
10/23/2014,INV7800647,ELEMERA,P956668,40,5.5575,222.3,36,4.77945,191.178,31.122
10/23/2014,INV7800647,ELEMERA,P685399,1,210.8772,210.8772,36,181.354392,181.354392,29.522808
10/27/2014,INV7800633,ELEMERA,P895105,2,40.7493,81.4986,36,35.044398,70.088796,11.409804
10/27/2014,INV7800633,ELEMERA,P105280,2,0.2223,0.4446,36,0.191178,0.382356,0.062244
10/27/2014,INV7800633,ELEMERA,P953650,2,3.5226,7.0452,36,3.029436,6.058872,0.986328
10/27/2014,INV7800633,ELEMERA,P696260,2,1.368,2.736,36,1.17648,2.35296,0.38304
11/18/2014,INV7800471,ELEMERA,P895105,2,40.7493,81.4986,36,35.044398,70.088796,11.409804
11/18/2014,INV7800471,ELEMERA,P494734,1,141.3315,141.3315,36,121.54509,121.54509,19.78641
12/19/2014,INV7800185,ELEMERA,P895105,3,40.7493,122.2479,36,35.044398,105.133194,17.114706
12/19/2014,INV7800185,ELEMERA,P934398,4,10.2087,40.8348,36,8.779482,35.117928,5.716872
12/19/2014,INV7800185,ELEMERA,P765543,2,86.9535,173.907,36,74.78001,149.56002,24.34698
12/19/2014,INV7800185,ELEMERA,P344743,14,12.4146,173.8044,36,10.676556,149.471784,24.332616
12/19/2014,INV7800185,ELEMERA,P994166,2,20.8107,41.6214,36,17.897202,35.794404,5.826996
12/19/2014,INV7800185,ELEMERA,P947899,20,5.0274,100.548,36,4.323564,86.47128,14.07672
12/19/2014,INV7800185,ELEMERA,P418615,2,26.1288,52.2576,36,22.470768,44.941536,7.316064
12/19/2014,INV7800185,ELEMERA,P290129,2,2.907,5.814,36,2.50002,5.00004,0.81396
12/19/2014,INV7800185,ELEMERA,P384305,2,71.136,142.272,36,61.17696,122.35392,19.91808
6/1/2015,INV7800148,ELEMERA,P895105,2,40.7493,81.4986,36,35.044398,70.088796,11.409804
6/1/2015,INV7800148,ELEMERA,P956668,3,5.5575,16.6725,36,4.77945,14.33835,2.33415
6/1/2015,INV7800148,ELEMERA,P907453,2,46.9566,93.9132,36,40.382676,80.765352,13.147848
6/1/2015,INV7800148,ELEMERA,P615711,6,4.8564,29.1384,36,4.176504,25.059024,4.079376
1/27/2015,INV7800045,ELEMERA,P895105,1,40.7493,40.7493,36,35.044398,35.044398,5.704902
1/27/2015,INV7800045,ELEMERA,P956668,4,5.5575,22.23,36,4.77945,19.1178,3.1122
3/31/2015,INV7799561,ELEMERA,P895105,5,21.9051,109.5255,36,18.838386,94.19193,15.33357
3/31/2015,INV7799561,ELEMERA,P687247,1,485.5716,485.5716,36,417.591576,417.591576,67.980024
7/4/2015,INV7799533,ELEMERA,P895105,2,21.9051,43.8102,36,18.838386,37.676772,6.133428
7/4/2015,INV7799533,ELEMERA,P687247,1,485.5716,485.5716,36,417.591576,417.591576,67.980024
7/4/2015,INV7799533,ELEMERA,P934398,3,10.2087,30.6261,36,8.779482,26.338446,4.287654
7/4/2015,INV7799533,ELEMERA,P188454,2,25.2225,50.445,36,21.69135,43.3827,7.0623
4/27/2015,INV7799389,ELEMERA,P895105,2,21.9051,43.8102,36,18.838386,37.676772,6.133428
4/27/2015,INV7799389,ELEMERA,P290129,6,2.907,17.442,36,2.50002,15.00012,2.44188
4/27/2015,INV7799389,ELEMERA,P859453,6,63.0819,378.4914,36,54.250434,325.502604,52.988796
4/27/2015,INV7799379,ELEMERA,P895105,2,21.9051,43.8102,36,18.838386,37.676772,6.133428
4/27/2015,INV7799379,ELEMERA,P934398,2,10.2087,20.4174,36,8.779482,17.558964,2.858436
4/27/2015,INV7799379,ELEMERA,P749425,1,424.422,424.422,36,365.00292,365.00292,59.41908
5/25/2015,INV7799134,ELEMERA,P895105,6,21.9051,131.4306,36,18.838386,113.030316,18.400284
5/25/2015,INV7799134,ELEMERA,P211523,1,206.8245,206.8245,36,177.86907,177.86907,28.95543
5/25/2015,INV7799134,ELEMERA,P898283,1,53.5401,53.5401,36,46.044486,46.044486,7.495614
5/25/2015,INV7799134,ELEMERA,P834374,2,3.5055,7.011,36,3.01473,6.02946,0.98154
5/25/2015,INV7799134,ELEMERA,P107912,2,9.0117,18.0234,36,7.750062,15.500124,2.523276
5/25/2015,INV7799134,ELEMERA,P169578,1,25.3935,25.3935,36,21.83841,21.83841,3.55509
5/25/2015,INV7799134,ELEMERA,P404004,2,7.4556,14.9112,36,6.411816,12.823632,2.087568
5/25/2015,INV7799134,ELEMERA,P992542,4,6.7887,27.1548,36,5.838282,23.353128,3.801672
5/25/2015,INV7799134,ELEMERA,P546263,2,26.8983,53.7966,36,23.132538,46.265076,7.531524
6/23/2015,INV7798918,ELEMERA,P895105,12,21.9051,262.8612,36,18.838386,226.060632,36.800568
8/13/2015,INV7798348,ELEMERA,P895105,4,21.9051,87.6204,36,18.838386,75.353544,12.266856
8/13/2015,INV7798348,ELEMERA,P765543,4,86.9535,347.814,36,74.78001,299.12004,48.69396
8/26/2015,INV7798155,ELEMERA,P895105,2,21.9051,43.8102,36,18.838386,37.676772,6.133428
8/26/2015,INV7798155,ELEMERA,P231295,1,2147.8113,2147.8113,36,1847.117718,1847.117718,300.693582
9/10/2015,INV7797737,ELEMERA,P895105,2,21.9051,43.8102,36,18.838386,37.676772,6.133428
9/10/2015,INV7797737,ELEMERA,P584705,2,25.3935,50.787,36,21.83841,43.67682,7.11018
9/10/2015,INV7797737,ELEMERA,P994166,1,20.8107,20.8107,36,17.897202,17.897202,2.913498
9/10/2015,INV7797737,ELEMERA,P171632,1,6.0021,6.0021,36,5.161806,5.161806,0.840294
9/10/2015,INV7797737,ELEMERA,P286505,2,38.7828,77.5656,36,33.353208,66.706416,10.859184
9/10/2015,INV7797737,ELEMERA,P224960,1,0.342,0.342,36,0.29412,0.29412,0.04788
9/10/2015,INV7797737,ELEMERA,P606489,1,0.342,0.342,36,0.29412,0.29412,0.04788
9/10/2015,INV7797737,ELEMERA,P239085,1,1.4193,1.4193,36,1.220598,1.220598,0.198702
11/26/2015,INV7797117,ELEMERA,P895105,1,21.9051,21.9051,36,18.838386,18.838386,3.066714
11/26/2015,INV7797117,ELEMERA,P253339,4,247.95,991.8,36,213.237,852.948,138.852
11/26/2015,INV7797117,ELEMERA,P987453,1,31.3101,31.3101,36,26.926686,26.926686,4.383414
11/26/2015,INV7797117,ELEMERA,P934398,1,10.2087,10.2087,36,8.779482,8.779482,1.429218
11/26/2015,INV7797117,ELEMERA,P450109,1,54.3609,54.3609,36,46.750374,46.750374,7.610526
11/26/2015,INV7797117,ELEMERA,P898283,1,53.5401,53.5401,36,46.044486,46.044486,7.495614
11/26/2015,INV7797117,ELEMERA,P759759,1,90.2196,90.2196,36,77.588856,77.588856,12.630744
11/26/2015,INV7797117,ELEMERA,P281184,2,31.2588,62.5176,36,26.882568,53.765136,8.752464
11/26/2015,INV7797117,ELEMERA,P281184,1,31.2588,31.2588,36,26.882568,26.882568,4.376232
11/26/2015,INV7797117,ELEMERA,P187536,4,11.6793,46.7172,36,10.044198,40.176792,6.540408
11/26/2015,INV7797117,ELEMERA,P187536,4,11.6793,46.7172,36,10.044198,40.176792,6.540408
11/26/2015,INV7797117,ELEMERA,P187536,4,11.6793,46.7172,36,10.044198,40.176792,6.540408
11/26/2015,INV7797117,ELEMERA,P122698,1,27.5139,27.5139,36,23.661954,23.661954,3.851946
11/26/2015,INV7797117,ELEMERA,P936920,1,73.7352,73.7352,36,63.412272,63.412272,10.322928
11/26/2015,INV7797117,ELEMERA,P165014,3,56.9601,170.8803,36,48.985686,146.957058,23.923242
11/26/2015,INV7797117,ELEMERA,P165014,1,56.9601,56.9601,36,48.985686,48.985686,7.974414
11/26/2015,INV7797117,ELEMERA,P489573,1,44.5113,44.5113,36,38.279718,38.279718,6.231582
11/26/2015,INV7797117,ELEMERA,P350627,4,221.8383,887.3532,36,190.780938,763.123752,124.229448
11/26/2015,INV7797117,ELEMERA,P350627,4,221.8383,887.3532,36,190.780938,763.123752,124.229448
11/26/2015,INV7797117,ELEMERA,P931395,1,1319.4531,1319.4531,36,1134.729666,1134.729666,184.723434
11/26/2015,INV7797117,ELEMERA,P628744,2,6.7374,13.4748,36,5.794164,11.588328,1.886472
11/26/2015,INV7797117,ELEMERA,P628744,2,6.7374,13.4748,36,5.794164,11.588328,1.886472
11/26/2015,INV7797117,ELEMERA,P221562,3,7.5582,22.6746,36,6.500052,19.500156,3.174444
11/26/2015,INV7797117,ELEMERA,P221562,1,7.5582,7.5582,36,6.500052,6.500052,1.058148
11/26/2015,INV7797117,ELEMERA,P565301,1,376.1829,376.1829,36,323.517294,323.517294,52.665606
11/26/2015,INV7797117,ELEMERA,P384185,1,104.6862,104.6862,36,90.030132,90.030132,14.656068
10/30/2015,INV7797447,ELEMERA,P895105,4,21.9051,87.6204,36,18.838386,75.353544,12.266856
10/30/2015,INV7797447,ELEMERA,P253339,4,247.95,991.8,36,213.237,852.948,138.852
10/30/2015,INV7797447,ELEMERA,P956668,4,5.5575,22.23,36,4.77945,19.1178,3.1122
10/30/2015,INV7797447,ELEMERA,P934398,4,10.2087,40.8348,36,8.779482,35.117928,5.716872
10/30/2015,INV7797447,ELEMERA,P749767,1,3.2319,3.2319,36,2.779434,2.779434,0.452466
11/11/2015,INV7797310,ELEMERA,P895105,2,21.9051,43.8102,36,18.838386,37.676772,6.133428
11/11/2015,INV7797310,ELEMERA,P719604,2,42.4422,84.8844,36,36.500292,73.000584,11.883816
11/11/2015,INV7797310,ELEMERA,P956668,4,5.5575,22.23,36,4.77945,19.1178,3.1122
11/11/2015,INV7797310,ELEMERA,P863218,2,21.1356,42.2712,36,18.176616,36.353232,5.917968
11/11/2015,INV7797310,ELEMERA,P493724,2,333.45,666.9,36,286.767,573.534,93.366
11/11/2015,INV7797310,ELEMERA,P293380,1,766.251,766.251,36,658.97586,658.97586,107.27514
12/14/2015,INV7796908,ELEMERA,P895105,3,21.9051,65.7153,36,18.838386,56.515158,9.200142
12/14/2015,INV7796908,ELEMERA,P934398,6,10.2087,61.2522,36,8.779482,52.676892,8.575308
12/14/2015,INV7796908,ELEMERA,P593499,6,8.0199,48.1194,36,6.897114,41.382684,6.736716
12/14/2015,INV7796908,ELEMERA,P994166,4,20.8107,83.2428,36,17.897202,71.588808,11.653992
12/14/2015,INV7796908,ELEMERA,P384305,4,63.8856,255.5424,36,54.941616,219.766464,35.775936
7/1/2016,INV7796699,ELEMERA,P895105,3,21.9051,65.7153,36,18.838386,56.515158,9.200142
7/1/2016,INV7796699,ELEMERA,P934398,1,10.2087,10.2087,36,8.779482,8.779482,1.429218
7/1/2016,INV7796699,ELEMERA,P488198,1,3.0609,3.0609,36,2.632374,2.632374,0.428526
7/1/2016,INV7796699,ELEMERA,P488198,1,3.0609,3.0609,36,2.632374,2.632374,0.428526
7/1/2016,INV7796699,ELEMERA,P103334,1,3.0609,3.0609,36,2.632374,2.632374,0.428526
7/1/2016,INV7796699,ELEMERA,P938192,1,3.0609,3.0609,36,2.632374,2.632374,0.428526
7/1/2016,INV7796699,ELEMERA,P450826,1,6.1902,6.1902,36,5.323572,5.323572,0.866628
7/1/2016,INV7796699,ELEMERA,P735984,1,6.2073,6.2073,36,5.338278,5.338278,0.869022
7/1/2016,INV7796699,ELEMERA,P676832,1,1677.9375,1677.9375,36,1443.02625,1443.02625,234.91125
7/1/2016,INV7796699,ELEMERA,P853538,1,31.1049,31.1049,36,26.750214,26.750214,4.354686
7/1/2016,INV7796699,ELEMERA,P211788,1,116.2287,116.2287,36,99.956682,99.956682,16.272018
7/1/2016,INV7796699,ELEMERA,P831303,1,2.9412,2.9412,36,2.529432,2.529432,0.411768
9/2/2016,INV7796352,ELEMERA,P895105,8,21.9051,175.2408,36,18.838386,150.707088,24.533712
9/2/2016,INV7796352,ELEMERA,P896509,2,11.6793,23.3586,36,10.044198,20.088396,3.270204
9/2/2016,INV7796352,ELEMERA,P373917,1,203.3019,203.3019,36,174.839634,174.839634,28.462266
9/2/2016,INV7796352,ELEMERA,P207870,1,48.1023,48.1023,36,41.367978,41.367978,6.734322
9/2/2016,INV7796352,ELEMERA,P296143,6,12.7053,76.2318,36,10.926558,65.559348,10.672452
9/2/2016,INV7796352,ELEMERA,P852028,1,23.8032,23.8032,36,20.470752,20.470752,3.332448
9/2/2016,INV7796352,ELEMERA,P970548,1,5.9679,5.9679,36,5.132394,5.132394,0.835506
9/2/2016,INV7796352,ELEMERA,P747265,4,6.3954,25.5816,36,5.500044,22.000176,3.581424
9/2/2016,INV7796352,ELEMERA,P398193,4,4.8735,19.494,36,4.19121,16.76484,2.72916
9/2/2016,INV7796352,ELEMERA,P915648,2,91.3311,182.6622,36,78.544746,157.089492,25.572708
9/2/2016,INV7796352,ELEMERA,P262998,3,30.609,91.827,36,26.32374,78.97122,12.85578
9/2/2016,INV7796352,ELEMERA,P262998,2,30.609,61.218,36,26.32374,52.64748,8.57052
9/2/2016,INV7796352,ELEMERA,P262998,1,30.609,30.609,36,26.32374,26.32374,4.28526
9/2/2016,INV7796352,ELEMERA,P396179,1,7.866,7.866,36,6.76476,6.76476,1.10124
9/2/2016,INV7796352,ELEMERA,P860483,4,3.762,15.048,36,3.23532,12.94128,2.10672
9/2/2016,INV7796352,ELEMERA,P227188,4,3.762,15.048,36,3.23532,12.94128,2.10672
1/3/2016,INV7796062,ELEMERA,P895105,2,21.9051,43.8102,36,18.838386,37.676772,6.133428
1/3/2016,INV7796062,ELEMERA,P402476,1,359.9208,359.9208,36,309.531888,309.531888,50.388912
1/3/2016,INV7796062,ELEMERA,P676946,1,466.8642,466.8642,36,401.503212,401.503212,65.360988
5/17/2016,INV7795301,ELEMERA,P895105,1,21.9051,21.9051,36,18.838386,18.838386,3.066714
5/17/2016,INV7795301,ELEMERA,P934398,1,10.2087,10.2087,36,8.779482,8.779482,1.429218
5/17/2016,INV7795301,ELEMERA,P331207,1,444.2067,444.2067,36,382.017762,382.017762,62.188938
5/17/2016,INV7795301,ELEMERA,P295477,1,781.8804,781.8804,36,672.417144,672.417144,109.463256
5/17/2016,INV7795301,ELEMERA,P293380,1,766.251,766.251,36,658.97586,658.97586,107.27514
5/23/2016,INV7795241,ELEMERA,P895105,6,21.9051,131.4306,36,18.838386,113.030316,18.400284
5/23/2016,INV7795241,ELEMERA,P759015,1,135.7056,135.7056,36,116.706816,116.706816,18.998784
5/23/2016,INV7795241,ELEMERA,P720103,20,2.5137,50.274,36,2.161782,43.23564,7.03836
5/23/2016,INV7795241,ELEMERA,P991597,2,17.4078,34.8156,36,14.970708,29.941416,4.874184
5/23/2016,INV7795241,ELEMERA,P179032,1,24.4017,24.4017,36,20.985462,20.985462,3.416238
5/23/2016,INV7795241,ELEMERA,P991727,2,21.0501,42.1002,36,18.103086,36.206172,5.894028
5/23/2016,INV7795241,ELEMERA,P646052,4,14.6889,58.7556,36,12.632454,50.529816,8.225784
5/23/2016,INV7795241,ELEMERA,P280428,1,21.2724,21.2724,36,18.294264,18.294264,2.978136
5/23/2016,INV7795241,ELEMERA,P592581,1,3.8304,3.8304,36,3.294144,3.294144,0.536256
5/23/2016,INV7795241,ELEMERA,P211713,1,48.6666,48.6666,36,41.853276,41.853276,6.813324
3/6/2016,INV7795099,ELEMERA,P895105,8,21.9051,175.2408,36,18.838386,150.707088,24.533712
3/6/2016,INV7795099,ELEMERA,P956668,25,5.5575,138.9375,36,4.77945,119.48625,19.45125
3/6/2016,INV7795099,ELEMERA,P211523,1,206.8245,206.8245,36,177.86907,177.86907,28.95543
3/6/2016,INV7795099,ELEMERA,P990654,5,27.6678,138.339,36,23.794308,118.97154,19.36746
3/6/2016,INV7795099,ELEMERA,P204643,4,19.6308,78.5232,36,16.882488,67.529952,10.993248
3/6/2016,INV7795099,ELEMERA,P428425,4,114.6555,458.622,36,98.60373,394.41492,64.20708
3/6/2016,INV7795099,ELEMERA,P907453,1,28.6938,28.6938,36,24.676668,24.676668,4.017132
3/6/2016,INV7795099,ELEMERA,P705374,4,17.4591,69.8364,36,15.014826,60.059304,9.777096
3/6/2016,INV7795099,ELEMERA,P615711,4,10.431,41.724,36,8.97066,35.88264,5.84136
3/6/2016,INV7795099,ELEMERA,P286505,4,38.7828,155.1312,36,33.353208,133.412832,21.718368
3/6/2016,INV7795099,ELEMERA,P663489,2,2.8557,5.7114,36,2.455902,4.911804,0.799596
3/6/2016,INV7795099,ELEMERA,P117451,1,97.299,97.299,36,83.67714,83.67714,13.62186
3/6/2016,INV7795099,ELEMERA,P681862,1,39.7746,39.7746,36,34.206156,34.206156,5.568444
3/6/2016,INV7795099,ELEMERA,P202380,1,298.1214,298.1214,36,256.384404,256.384404,41.736996
5/25/2016,INV7795208,ELEMERA,P895105,4,21.9051,87.6204,36,18.838386,75.353544,12.266856
5/25/2016,INV7795208,ELEMERA,P615711,3,10.431,31.293,36,8.97066,26.91198,4.38102
6/6/2016,INV7795080,ELEMERA,P895105,12,21.9051,262.8612,36,18.838386,226.060632,36.800568
6/6/2016,INV7795080,ELEMERA,P765168,2,51.2145,102.429,36,44.04447,88.08894,14.34006
6/6/2016,INV7795080,ELEMERA,P390237,2,143.0415,286.083,36,123.01569,246.03138,40.05162
6/6/2016,INV7795080,ELEMERA,P371535,10,22.9995,229.995,36,19.77957,197.7957,32.1993
6/6/2016,INV7795080,ELEMERA,P104444,12,9.576,114.912,36,8.23536,98.82432,16.08768
6/6/2016,INV7795080,ELEMERA,P615711,4,10.431,41.724,36,8.97066,35.88264,5.84136
6/6/2016,INV7795080,ELEMERA,P615711,6,10.431,62.586,36,8.97066,53.82396,8.76204
6/6/2016,INV7795080,ELEMERA,P384305,1,63.8856,63.8856,36,54.941616,54.941616,8.943984
6/16/2016,INV7794980,ELEMERA,P895105,5,21.9051,109.5255,36,18.838386,94.19193,15.33357
6/16/2016,INV7794980,ELEMERA,P895105,5,21.9051,109.5255,36,18.838386,94.19193,15.33357
6/16/2016,INV7794980,ELEMERA,P253339,2,247.95,495.9,36,213.237,426.474,69.426
6/16/2016,INV7794980,ELEMERA,P765168,2,51.2145,102.429,36,44.04447,88.08894,14.34006
6/16/2016,INV7794980,ELEMERA,P364081,1,73.8549,73.8549,36,63.515214,63.515214,10.339686
6/28/2016,INV7794881,ELEMERA,P895105,2,21.9051,43.8102,36,18.838386,37.676772,6.133428
6/27/2016,INV7794890,ELEMERA,P895105,2,21.9051,43.8102,36,18.838386,37.676772,6.133428
7/21/2016,INV7794644,ELEMERA,P895105,5,21.9051,109.5255,36,18.838386,94.19193,15.33357
7/21/2016,INV7794644,ELEMERA,P759015,2,135.7056,271.4112,36,116.706816,233.413632,37.997568
7/21/2016,INV7794644,ELEMERA,P765168,6,51.2145,307.287,36,44.04447,264.26682,43.02018
7/21/2016,INV7794644,ELEMERA,P994166,5,21.2382,106.191,36,18.264852,91.32426,14.86674
7/21/2016,INV7794644,ELEMERA,P231532,2,17.0658,34.1316,36,14.676588,29.353176,4.778424
3/8/2016,INV7794498,ELEMERA,P895105,1,21.9051,21.9051,36,18.838386,18.838386,3.066714
3/8/2016,INV7794498,ELEMERA,P847740,2,35.2602,70.5204,36,30.323772,60.647544,9.872856
3/8/2016,INV7794498,ELEMERA,P934398,2,10.2087,20.4174,36,8.779482,17.558964,2.858436
12/8/2016,INV7794374,ELEMERA,P895105,3,21.9051,65.7153,36,18.838386,56.515158,9.200142
12/8/2016,INV7794374,ELEMERA,P126966,1,153.216,153.216,36,131.76576,131.76576,21.45024
12/8/2016,INV7794374,ELEMERA,P187536,8,11.6793,93.4344,36,10.044198,80.353584,13.080816
8/24/2016,INV7794267,ELEMERA,P895105,5,21.9051,109.5255,36,18.838386,94.19193,15.33357
8/24/2016,INV7794267,ELEMERA,P132984,4,6.2073,24.8292,36,5.338278,21.353112,3.476088
8/24/2016,INV7794267,ELEMERA,P834374,8,3.5055,28.044,36,3.01473,24.11784,3.92616
8/24/2016,INV7794267,ELEMERA,P107912,4,9.0117,36.0468,36,7.750062,31.000248,5.046552
8/24/2016,INV7794267,ELEMERA,P760458,8,3.078,24.624,36,2.64708,21.17664,3.44736
9/13/2016,INV7794098,ELEMERA,P895105,2,21.9051,43.8102,36,18.838386,37.676772,6.133428
9/13/2016,INV7794098,ELEMERA,P687247,1,485.5716,485.5716,36,417.591576,417.591576,67.980024
9/13/2016,INV7794098,ELEMERA,P404389,1,20.3832,20.3832,36,17.529552,17.529552,2.853648
9/13/2016,INV7794098,ELEMERA,P255767,1,21.717,21.717,36,18.67662,18.67662,3.04038
9/23/2016,INV7793996,ELEMERA,P895105,4,21.9051,87.6204,36,18.838386,75.353544,12.266856
5/10/2016,INV7793917,ELEMERA,P895105,6,21.9051,131.4306,36,18.838386,113.030316,18.400284
10/18/2016,INV7793805,ELEMERA,P895105,6,21.9051,131.4306,36,18.838386,113.030316,18.400284
10/18/2016,INV7793805,ELEMERA,P834374,10,3.5055,35.055,36,3.01473,30.1473,4.9077
10/18/2016,INV7793805,ELEMERA,P374166,20,3.3858,67.716,36,2.911788,58.23576,9.48024
10/18/2016,INV7793805,ELEMERA,P561494,4,3.1122,12.4488,36,2.676492,10.705968,1.742832
10/20/2016,INV7793772,ELEMERA,P895105,2,21.9051,43.8102,36,18.838386,37.676772,6.133428
10/20/2016,INV7793772,ELEMERA,P956668,2,5.5575,11.115,36,4.77945,9.5589,1.5561
10/20/2016,INV7793772,ELEMERA,P541249,1,95.3325,95.3325,36,81.98595,81.98595,13.34655
10/20/2016,INV7793772,ELEMERA,P524240,2,55.5408,111.0816,36,47.765088,95.530176,15.551424
10/25/2016,INV7793721,ELEMERA,P895105,2,21.9051,43.8102,36,18.838386,37.676772,6.133428
11/18/2016,INV7793472,ELEMERA,P895105,6,21.9051,131.4306,36,18.838386,113.030316,18.400284
11/18/2016,INV7793472,ELEMERA,P765168,6,51.2145,307.287,36,44.04447,264.26682,43.02018
11/18/2016,INV7793472,ELEMERA,P450109,3,54.3609,163.0827,36,46.750374,140.251122,22.831578
11/18/2016,INV7793472,ELEMERA,P382230,2,49.4874,98.9748,36,42.559164,85.118328,13.856472
11/18/2016,INV7793472,ELEMERA,P720103,6,2.5137,15.0822,36,2.161782,12.970692,2.111508
11/21/2016,INV7793461,ELEMERA,P895105,6,21.9051,131.4306,36,18.838386,113.030316,18.400284
11/21/2016,INV7793461,ELEMERA,P907453,1,28.6938,28.6938,36,24.676668,24.676668,4.017132
11/21/2016,INV7793461,ELEMERA,P615711,10,10.431,104.31,36,8.97066,89.7066,14.6034
7/12/2016,INV7793307,ELEMERA,P895105,5,21.9051,109.5255,36,18.838386,94.19193,15.33357
7/12/2016,INV7793307,ELEMERA,P956668,5,5.5575,27.7875,36,4.77945,23.89725,3.89025
1/19/2017,INV7793040,ELEMERA,P895105,4,21.9051,87.6204,36,18.838386,75.353544,12.266856
1/19/2017,INV7793040,ELEMERA,P759015,3,135.7056,407.1168,36,116.706816,350.120448,56.996352
1/19/2017,INV7793040,ELEMERA,P765543,3,59.6448,178.9344,36,51.294528,153.883584,25.050816
1/19/2017,INV7793040,ELEMERA,P947899,50,5.0274,251.37,36,4.323564,216.1782,35.1918
1/19/2017,INV7793040,ELEMERA,P615711,10,10.431,104.31,36,8.97066,89.7066,14.6034
2/21/2017,INV7792748,ELEMERA,P895105,2,21.9051,43.8102,36,18.838386,37.676772,6.133428
10/3/2017,INV7792551,ELEMERA,P895105,6,21.9051,131.4306,36,18.838386,113.030316,18.400284
10/3/2017,INV7792551,ELEMERA,P344743,30,16.6212,498.636,36,14.294232,428.82696,69.80904
3/17/2017,INV7792482,ELEMERA,P895105,5,21.9051,109.5255,36,18.838386,94.19193,15.33357
3/17/2017,INV7792482,ELEMERA,P344743,25,16.6212,415.53,36,14.294232,357.3558,58.1742
3/17/2017,INV7792482,ELEMERA,P615711,3,10.431,31.293,36,8.97066,26.91198,4.38102
3/31/2017,INV7792336,ELEMERA,P895105,4,21.9051,87.6204,36,18.838386,75.353544,12.266856
3/31/2017,INV7792336,ELEMERA,P335034,2,0.8721,1.7442,36,0.750006,1.500012,0.244188
3/31/2017,INV7792336,ELEMERA,P922808,2,0.7524,1.5048,36,0.647064,1.294128,0.210672
3/31/2017,INV7792336,ELEMERA,P336992,2,1.5903,3.1806,36,1.367658,2.735316,0.445284
3/31/2017,INV7792336,ELEMERA,P350627,2,221.8383,443.6766,36,190.780938,381.561876,62.114724
3/31/2017,INV7792336,ELEMERA,P981084,1,23.1363,23.1363,36,19.897218,19.897218,3.239082
3/4/2017,INV7792317,ELEMERA,P895105,3,21.9051,65.7153,36,18.838386,56.515158,9.200142
4/4/2017,INV7792313,ELEMERA,P895105,12,21.9051,262.8612,36,18.838386,226.060632,36.800568
4/4/2017,INV7792313,ELEMERA,P101598,1,29.8053,29.8053,36,25.632558,25.632558,4.172742
4/4/2017,INV7792306,ELEMERA,P895105,4,21.9051,87.6204,36,18.838386,75.353544,12.266856
4/4/2017,INV7792306,ELEMERA,P956668,5,5.5575,27.7875,36,4.77945,23.89725,3.89025
4/4/2017,INV7792306,ELEMERA,P352582,1,781.8804,781.8804,36,672.417144,672.417144,109.463256
4/4/2017,INV7792306,ELEMERA,P704724,1,248.1039,248.1039,36,213.369354,213.369354,34.734546
9/6/2017,INV7791584,ELEMERA,P895105,1,21.9051,21.9051,36,18.838386,18.838386,3.066714
9/6/2017,INV7791584,ELEMERA,P987453,1,38.1501,38.1501,36,32.809086,32.809086,5.341014
9/6/2017,INV7791584,ELEMERA,P934398,6,10.2087,61.2522,36,8.779482,52.676892,8.575308
9/6/2017,INV7791584,ELEMERA,P834374,1,3.5055,3.5055,36,3.01473,3.01473,0.49077
9/6/2017,INV7791584,ELEMERA,P666582,1,424.422,424.422,36,365.00292,365.00292,59.41908
9/6/2017,INV7791584,ELEMERA,P320485,1,106.4475,106.4475,36,91.54485,91.54485,14.90265
9/6/2017,INV7791584,ELEMERA,P676946,1,466.8642,466.8642,36,401.503212,401.503212,65.360988
9/6/2017,INV7791584,ELEMERA,P954882,1,3.4029,3.4029,36,2.926494,2.926494,0.476406
9/6/2017,INV7791584,ELEMERA,P423936,1,329.0553,329.0553,36,282.987558,282.987558,46.067742
9/6/2017,INV7791584,ELEMERA,P746513,1,131.2083,131.2083,36,112.839138,112.839138,18.369162
9/6/2017,INV7791584,ELEMERA,P573569,1,565.8903,565.8903,36,486.665658,486.665658,79.224642
9/6/2017,INV7791584,ELEMERA,P314327,1,364.914,364.914,36,313.82604,313.82604,51.08796
9/5/2017,INV7791948,ELEMERA,P895105,6,21.9051,131.4306,36,18.838386,113.030316,18.400284
9/5/2017,INV7791948,ELEMERA,P765168,4,51.2145,204.858,36,44.04447,176.17788,28.68012
9/5/2017,INV7791948,ELEMERA,P898283,3,53.5401,160.6203,36,46.044486,138.133458,22.486842
9/5/2017,INV7791948,ELEMERA,P100675,1,149.5053,149.5053,36,128.574558,128.574558,20.930742
9/5/2017,INV7791948,ELEMERA,P382230,1,49.4874,49.4874,36,42.559164,42.559164,6.928236
9/5/2017,INV7791948,ELEMERA,P486165,1,57.456,57.456,36,49.41216,49.41216,8.04384
7/14/2017,INV7791186,ELEMERA,P895105,5,21.9051,109.5255,36,18.838386,94.19193,15.33357
7/14/2017,INV7791186,ELEMERA,P728350,1,206.9784,206.9784,36,178.001424,178.001424,28.976976
7/20/2017,INV7791133,ELEMERA,P895105,3,21.9051,65.7153,36,18.838386,56.515158,9.200142
7/20/2017,INV7791133,ELEMERA,P253339,4,247.95,991.8,36,213.237,852.948,138.852
7/20/2017,INV7791133,ELEMERA,P765168,6,51.2145,307.287,36,44.04447,264.26682,43.02018
7/20/2017,INV7791133,ELEMERA,P126966,2,153.216,306.432,36,131.76576,263.53152,42.90048
7/27/2017,INV7791067,ELEMERA,P895105,1,21.9051,21.9051,36,18.838386,18.838386,3.066714
7/31/2017,INV7791019,ELEMERA,P895105,1,21.9051,21.9051,36,18.838386,18.838386,3.066714
8/30/2017,INV7790711,ELEMERA,P895105,6,21.9051,131.4306,36,18.838386,113.030316,18.400284
8/30/2017,INV7790711,ELEMERA,P956668,10,5.5575,55.575,36,4.77945,47.7945,7.7805
8/30/2017,INV7790711,ELEMERA,P331258,3,42.7671,128.3013,36,36.779706,110.339118,17.962182
6/9/2017,INV7790626,ELEMERA,P895105,10,21.9051,219.051,36,18.838386,188.38386,30.66714
6/9/2017,INV7790626,ELEMERA,P720103,10,2.5137,25.137,36,2.161782,21.61782,3.51918
6/9/2017,INV7790626,ELEMERA,P936920,3,73.7352,221.2056,36,63.412272,190.236816,30.968784
4/10/2017,INV7790363,ELEMERA,P895105,4,21.9051,87.6204,36,18.838386,75.353544,12.266856
10/19/2017,INV7790194,ELEMERA,P895105,23,21.9051,503.8173,36,18.838386,433.282878,70.534422
3/11/2017,INV7790042,ELEMERA,P895105,1,21.9051,21.9051,36,18.838386,18.838386,3.066714
3/11/2017,INV7790042,ELEMERA,P894111,1,29.9592,29.9592,36,25.764912,25.764912,4.194288
3/11/2017,INV7790042,ELEMERA,P765165,1,482.562,482.562,36,415.00332,415.00332,67.55868
8/11/2017,INV7789972,ELEMERA,P895105,6,21.9051,131.4306,36,18.838386,113.030316,18.400284
12/15/2017,INV7789576,ELEMERA,P895105,4,21.9051,87.6204,36,18.838386,75.353544,12.266856
12/15/2017,INV7789576,ELEMERA,P956668,4,5.5575,22.23,36,4.77945,19.1178,3.1122
12/15/2017,INV7789576,ELEMERA,P836629,12,29.8224,357.8688,36,25.647264,307.767168,50.101632
1/22/2018,INV7789328,ELEMERA,P895105,5,21.9051,109.5255,36,18.838386,94.19193,15.33357
2/2/2018,INV7789197,ELEMERA,P895105,2,21.9051,43.8102,36,18.838386,37.676772,6.133428
2/2/2018,INV7789197,ELEMERA,P331207,1,444.2067,444.2067,36,382.017762,382.017762,62.188938
2/15/2018,INV7789030,ELEMERA,P895105,1,21.9051,21.9051,36,18.838386,18.838386,3.066714
2/15/2018,INV7789030,ELEMERA,P132984,2,6.2073,12.4146,36,5.338278,10.676556,1.738044
2/15/2018,INV7789030,ELEMERA,P765168,2,51.2145,102.429,36,44.04447,88.08894,14.34006
2/15/2018,INV7789030,ELEMERA,P934398,1,10.2087,10.2087,36,8.779482,8.779482,1.429218
2/15/2018,INV7789030,ELEMERA,P206343,1,6.2928,6.2928,36,5.411808,5.411808,0.880992
2/15/2018,INV7789030,ELEMERA,P715622,4,3.9501,15.8004,36,3.397086,13.588344,2.212056
2/15/2018,INV7789030,ELEMERA,P204643,4,19.6308,78.5232,36,16.882488,67.529952,10.993248
2/15/2018,INV7789030,ELEMERA,P834374,1,3.5055,3.5055,36,3.01473,3.01473,0.49077
2/15/2018,INV7789030,ELEMERA,P374166,4,3.4542,13.8168,36,2.970612,11.882448,1.934352
2/15/2018,INV7789030,ELEMERA,P705374,4,26.6589,106.6356,36,22.926654,91.706616,14.928984
2/15/2018,INV7789030,ELEMERA,P875168,6,8.1909,49.1454,36,7.044174,42.265044,6.880356
2/15/2018,INV7789030,ELEMERA,P107912,2,9.0117,18.0234,36,7.750062,15.500124,2.523276
2/15/2018,INV7789030,ELEMERA,P975273,1,21.2382,21.2382,36,18.264852,18.264852,2.973348
2/15/2018,INV7789030,ELEMERA,P615711,4,10.431,41.724,36,8.97066,35.88264,5.84136
2/15/2018,INV7789030,ELEMERA,P357456,6,1.5048,9.0288,36,1.294128,7.764768,1.264032
2/15/2018,INV7789030,ELEMERA,P663489,4,2.8557,11.4228,36,2.455902,9.823608,1.599192
2/15/2018,INV7789030,ELEMERA,P922326,1,2654.3988,2654.3988,36,2282.782968,2282.782968,371.615832
5/2/2018,INV7789174,ELEMERA,P895105,10,21.9051,219.051,36,18.838386,188.38386,30.66714
5/2/2018,INV7789174,ELEMERA,P934398,7,10.2087,71.4609,36,8.779482,61.456374,10.004526
5/2/2018,INV7789174,ELEMERA,P199129,3,85.5342,256.6026,36,73.559412,220.678236,35.924364
5/2/2018,INV7789174,ELEMERA,P255767,2,21.717,43.434,36,18.67662,37.35324,6.08076
5/2/2018,INV7789174,ELEMERA,P615711,4,10.431,41.724,36,8.97066,35.88264,5.84136
12/2/2018,INV7789068,ELEMERA,P895105,1,21.9051,21.9051,36,18.838386,18.838386,3.066714
1/3/2018,INV7788812,ELEMERA,P895105,20,21.9051,438.102,36,18.838386,376.76772,61.33428
5/3/2018,INV7788793,ELEMERA,P895105,6,21.9051,131.4306,36,18.838386,113.030316,18.400284
5/3/2018,INV7788793,ELEMERA,P357456,4,1.5048,6.0192,36,1.294128,5.176512,0.842688
5/3/2018,INV7788793,ELEMERA,P295477,1,791.3367,791.3367,36,680.549562,680.549562,110.787138
5/3/2018,INV7788793,ELEMERA,P293380,1,775.5192,775.5192,36,666.946512,666.946512,108.572688
5/3/2018,INV7788793,ELEMERA,P953650,6,2.3427,14.0562,36,2.014722,12.088332,1.967868
5/3/2018,INV7788793,ELEMERA,P447882,1,857.2914,857.2914,36,737.270604,737.270604,120.020796
5/3/2018,INV7788793,ELEMERA,P937073,11,1.0773,11.8503,36,0.926478,10.191258,1.659042
12/4/2018,INV7788376,ELEMERA,P895105,4,21.9051,87.6204,36,18.838386,75.353544,12.266856
12/4/2018,INV7788376,ELEMERA,P956668,16,5.5575,88.92,36,4.77945,76.4712,12.4488
12/4/2018,INV7788376,ELEMERA,P827943,8,0.3933,3.1464,36,0.338238,2.705904,0.440496
12/4/2018,INV7788376,ELEMERA,P827943,16,0.3933,6.2928,36,0.338238,5.411808,0.880992
12/4/2018,INV7788376,ELEMERA,P947899,5,5.0274,25.137,36,4.323564,21.61782,3.51918
12/4/2018,INV7788376,ELEMERA,P179839,1,7.4556,7.4556,36,6.411816,6.411816,1.043784
12/4/2018,INV7788376,ELEMERA,P105280,8,0.2907,2.3256,36,0.250002,2.000016,0.325584
12/4/2018,INV7788376,ELEMERA,P434099,2,1.5903,3.1806,36,1.367658,2.735316,0.445284
12/4/2018,INV7788376,ELEMERA,P402476,1,359.9208,359.9208,36,309.531888,309.531888,50.388912
12/4/2018,INV7788376,ELEMERA,P653532,1,9.8325,9.8325,36,8.45595,8.45595,1.37655
12/4/2018,INV7788376,ELEMERA,P749425,1,424.422,424.422,36,365.00292,365.00292,59.41908
12/4/2018,INV7788376,ELEMERA,P271450,1,488.1708,488.1708,36,419.826888,419.826888,68.343912
12/4/2018,INV7788376,ELEMERA,P817029,1,474.6789,474.6789,36,408.223854,408.223854,66.455046
12/4/2018,INV7788376,ELEMERA,P541249,1,95.3325,95.3325,36,81.98595,81.98595,13.34655
12/4/2018,INV7788376,ELEMERA,P786055,16,1.8126,29.0016,36,1.558836,24.941376,4.060224
12/4/2018,INV7788376,ELEMERA,P786055,8,1.8126,14.5008,36,1.558836,12.470688,2.030112
12/4/2018,INV7788376,ELEMERA,P406250,2,1.1286,2.2572,36,0.970596,1.941192,0.316008
12/4/2018,INV7788376,ELEMERA,P696260,8,0.9234,7.3872,36,0.794124,6.352992,1.034208
12/4/2018,INV7788376,ELEMERA,P447882,1,857.2914,857.2914,36,737.270604,737.270604,120.020796
12/4/2018,INV7788376,ELEMERA,P565936,1,226.7631,226.7631,36,195.016266,195.016266,31.746834
12/4/2018,INV7788376,ELEMERA,P320861,1,109.8162,109.8162,36,94.441932,94.441932,15.374268
12/4/2018,INV7788376,ELEMERA,P617904,1,0.8721,0.8721,36,0.750006,0.750006,0.122094
12/4/2018,INV7788376,ELEMERA,P549295,1,775.5192,775.5192,36,666.946512,666.946512,108.572688
3/14/2018,INV7788686,ELEMERA,P895105,4,21.9051,87.6204,36,18.838386,75.353544,12.266856
3/14/2018,INV7788686,ELEMERA,P898283,1,53.5401,53.5401,36,46.044486,46.044486,7.495614
3/22/2018,INV7788588,ELEMERA,P895105,2,21.9051,43.8102,36,18.838386,37.676772,6.133428
3/22/2018,INV7788588,ELEMERA,P956668,2,5.5575,11.115,36,4.77945,9.5589,1.5561
3/22/2018,INV7788588,ELEMERA,P295477,1,791.3367,791.3367,36,680.549562,680.549562,110.787138
3/22/2018,INV7788588,ELEMERA,P384305,3,63.8856,191.6568,36,54.941616,164.824848,26.831952
3/22/2018,INV7788588,ELEMERA,P798356,1,102.7197,102.7197,36,88.338942,88.338942,14.380758
3/22/2018,INV7788588,ELEMERA,P798356,1,102.7197,102.7197,36,88.338942,88.338942,14.380758
3/22/2018,INV7788588,ELEMERA,P474475,2,78.5061,157.0122,36,67.515246,135.030492,21.981708
3/22/2018,INV7788588,ELEMERA,P447882,1,857.2914,857.2914,36,737.270604,737.270604,120.020796
3/22/2018,INV7788588,ELEMERA,P549295,1,775.5192,775.5192,36,666.946512,666.946512,108.572688
9/4/2018,INV7788431,ELEMERA,P895105,4,21.9051,87.6204,36,18.838386,75.353544,12.266856
9/4/2018,INV7788431,ELEMERA,P956668,8,5.5575,44.46,36,4.77945,38.2356,6.2244
9/4/2018,INV7788431,ELEMERA,P489329,1,682.29,682.29,36,586.7694,586.7694,95.5206
4/13/2018,INV7788345,ELEMERA,P895105,4,21.9051,87.6204,36,18.838386,75.353544,12.266856
4/13/2018,INV7788345,ELEMERA,P987453,1,39.3642,39.3642,36,33.853212,33.853212,5.510988
4/13/2018,INV7788345,ELEMERA,P956668,4,5.5575,22.23,36,4.77945,19.1178,3.1122
4/5/2018,INV7788102,ELEMERA,P895105,4,21.9051,87.6204,36,18.838386,75.353544,12.266856
4/5/2018,INV7788102,ELEMERA,P126966,1,153.216,153.216,36,131.76576,131.76576,21.45024
4/5/2018,INV7788102,ELEMERA,P898283,3,53.5401,160.6203,36,46.044486,138.133458,22.486842
4/5/2018,INV7788102,ELEMERA,P404389,2,20.3832,40.7664,36,17.529552,35.059104,5.707296
4/5/2018,INV7788102,ELEMERA,P994166,3,27.3087,81.9261,36,23.485482,70.456446,11.469654
4/5/2018,INV7788102,ELEMERA,P907453,2,34.9353,69.8706,36,30.044358,60.088716,9.781884
4/5/2018,INV7788102,ELEMERA,P936920,2,73.7352,147.4704,36,63.412272,126.824544,20.645856
4/5/2018,INV7788102,ELEMERA,P936920,1,73.7352,73.7352,36,63.412272,63.412272,10.322928
4/5/2018,INV7788102,ELEMERA,P991727,2,38.4579,76.9158,36,33.073794,66.147588,10.768212
4/5/2018,INV7788102,ELEMERA,P435191,3,1.5903,4.7709,36,1.367658,4.102974,0.667926
4/20/2018,INV7788253,ELEMERA,P895105,1,21.9051,21.9051,36,18.838386,18.838386,3.066714
4/20/2018,INV7788253,ELEMERA,P956668,3,5.5575,16.6725,36,4.77945,14.33835,2.33415
4/20/2018,INV7788253,ELEMERA,P625929,1,743.85,743.85,36,639.711,639.711,104.139
2/5/2018,INV7788145,ELEMERA,P895105,10,21.9051,219.051,36,18.838386,188.38386,30.66714
2/5/2018,INV7788145,ELEMERA,P126966,1,153.216,153.216,36,131.76576,131.76576,21.45024
8/5/2018,INV7788086,ELEMERA,P895105,2,21.9051,43.8102,36,18.838386,37.676772,6.133428
8/5/2018,INV7788086,ELEMERA,P179834,40,2.6847,107.388,36,2.308842,92.35368,15.03432
5/22/2018,INV7787907,ELEMERA,P895105,4,21.9051,87.6204,36,18.838386,75.353544,12.266856
5/22/2018,INV7787907,ELEMERA,P956668,6,5.5575,33.345,36,4.77945,28.6767,4.6683
5/22/2018,INV7787907,ELEMERA,P966862,2,1.5903,3.1806,36,1.367658,2.735316,0.445284
5/22/2018,INV7787907,ELEMERA,P548703,2,40.5783,81.1566,36,34.897338,69.794676,11.361924
5/22/2018,INV7787907,ELEMERA,P139308,1,70.8795,70.8795,36,60.95637,60.95637,9.92313
6/22/2018,INV7787550,ELEMERA,P895105,8,21.9051,175.2408,36,18.838386,150.707088,24.533712
6/22/2018,INV7787550,ELEMERA,P956668,20,5.5575,111.15,36,4.77945,95.589,15.561
6/28/2018,INV7787474,ELEMERA,P895105,8,21.9051,175.2408,36,18.838386,150.707088,24.533712
6/28/2018,INV7787474,ELEMERA,P759015,1,163.305,163.305,36,140.4423,140.4423,22.8627
6/28/2018,INV7787474,ELEMERA,P956668,10,5.5575,55.575,36,4.77945,47.7945,7.7805
6/28/2018,INV7787474,ELEMERA,P709112,2,7.7634,15.5268,36,6.676524,13.353048,2.173752
6/28/2018,INV7787474,ELEMERA,P386514,2,6.6177,13.2354,36,5.691222,11.382444,1.852956
6/29/2018,INV7787461,ELEMERA,P895105,15,21.9051,328.5765,36,18.838386,282.57579,46.00071
6/29/2018,INV7787461,ELEMERA,P890633,2,43.3827,86.7654,36,37.309122,74.618244,12.147156
6/29/2018,INV7787461,ELEMERA,P750570,1,1782.9486,1782.9486,36,1533.335796,1533.335796,249.612804
6/29/2018,INV7787461,ELEMERA,P426788,1,135.1926,135.1926,36,116.265636,116.265636,18.926964
10/8/2018,INV7786845,ELEMERA,P895105,4,21.9051,87.6204,36,18.838386,75.353544,12.266856
10/8/2018,INV7786845,ELEMERA,P653532,4,9.8325,39.33,36,8.45595,33.8238,5.5062
10/8/2018,INV7786845,ELEMERA,P746513,1,267.7689,267.7689,36,230.281254,230.281254,37.487646
9/14/2018,INV7786307,ELEMERA,P895105,6,21.9051,131.4306,36,18.838386,113.030316,18.400284
9/14/2018,INV7786307,ELEMERA,P765168,3,51.2145,153.6435,36,44.04447,132.13341,21.51009
9/14/2018,INV7786307,ELEMERA,P264802,1,126.1467,126.1467,36,108.486162,108.486162,17.660538
9/14/2018,INV7786307,ELEMERA,P486165,1,57.456,57.456,36,49.41216,49.41216,8.04384
9/14/2018,INV7786307,ELEMERA,P584096,3,10.602,31.806,36,9.11772,27.35316,4.45284
9/14/2018,INV7786307,ELEMERA,P615711,3,10.431,31.293,36,8.97066,26.91198,4.38102
9/18/2018,INV7786248,ELEMERA,P895105,2,21.9051,43.8102,36,18.838386,37.676772,6.133428
9/18/2018,INV7786248,ELEMERA,P956668,6,5.5575,33.345,36,4.77945,28.6767,4.6683
9/18/2018,INV7786248,ELEMERA,P215722,1,67.5963,67.5963,36,58.132818,58.132818,9.463482
9/18/2018,INV7786248,ELEMERA,P447882,1,857.2914,857.2914,36,737.270604,737.270604,120.020796
9/20/2018,INV7786215,ELEMERA,P895105,3,21.9051,65.7153,36,18.838386,56.515158,9.200142
5/11/2018,INV7785595,ELEMERA,P895105,6,21.9051,131.4306,36,18.838386,113.030316,18.400284
5/11/2018,INV7785595,ELEMERA,P615711,12,10.431,125.172,36,8.97066,107.64792,17.52408
5/11/2018,INV7785595,ELEMERA,P374127,1,154.4472,154.4472,36,132.824592,132.824592,21.622608
5/11/2018,INV7785595,ELEMERA,P374127,1,154.4472,154.4472,36,132.824592,132.824592,21.622608
2/11/2018,INV7785610,ELEMERA,P895105,6,21.9051,131.4306,36,18.838386,113.030316,18.400284
2/11/2018,INV7785610,ELEMERA,P806981,1,63.6291,63.6291,36,54.721026,54.721026,8.908074
10/12/2018,INV7785066,ELEMERA,P895105,4,21.9051,87.6204,36,18.838386,75.353544,12.266856
10/12/2018,INV7785066,ELEMERA,P956668,4,5.5575,22.23,36,4.77945,19.1178,3.1122
10/12/2018,INV7785066,ELEMERA,P676946,1,650.997,650.997,36,559.85742,559.85742,91.13958
12/18/2018,INV7784945,ELEMERA,P895105,12,21.9051,262.8612,36,18.838386,226.060632,36.800568
12/18/2018,INV7784945,ELEMERA,P532300,12,18.1944,218.3328,36,15.647184,187.766208,30.566592
3/27/2019,INV7783535,ELEMERA,P895105,6,21.9051,131.4306,36,18.838386,113.030316,18.400284
9/4/2019,INV7783352,ELEMERA,P895105,2,21.9051,43.8102,36,18.838386,37.676772,6.133428
9/4/2019,INV7783352,ELEMERA,P383812,1,3.3858,3.3858,36,2.911788,2.911788,0.474012
9/4/2019,INV7783352,ELEMERA,P488198,1,3.7791,3.7791,36,3.250026,3.250026,0.529074
9/4/2019,INV7783352,ELEMERA,P907453,1,34.9353,34.9353,36,30.044358,30.044358,4.890942
9/4/2019,INV7783352,ELEMERA,P335051,1,3.0609,3.0609,36,2.632374,2.632374,0.428526
9/4/2019,INV7783352,ELEMERA,P542150,1,4.7025,4.7025,36,4.04415,4.04415,0.65835
9/4/2019,INV7783352,ELEMERA,P187862,1,7.5411,7.5411,36,6.485346,6.485346,1.055754
9/4/2019,INV7783352,ELEMERA,P374166,8,3.4542,27.6336,36,2.970612,23.764896,3.868704
9/4/2019,INV7783352,ELEMERA,P336192,1,2.3598,2.3598,36,2.029428,2.029428,0.330372
9/4/2019,INV7783352,ELEMERA,P169578,1,25.3935,25.3935,36,21.83841,21.83841,3.55509
9/4/2019,INV7783352,ELEMERA,P692534,1,3.933,3.933,36,3.38238,3.38238,0.55062
9/4/2019,INV7783352,ELEMERA,P381324,1,3.762,3.762,36,3.23532,3.23532,0.52668
9/4/2019,INV7783352,ELEMERA,P951024,1,18.297,18.297,36,15.73542,15.73542,2.56158
9/4/2019,INV7783352,ELEMERA,P422626,1,7.6779,7.6779,36,6.602994,6.602994,1.074906
9/4/2019,INV7783352,ELEMERA,P549966,1,5.5917,5.5917,36,4.808862,4.808862,0.782838
6/14/2019,INV7782490,ELEMERA,P895105,2,21.9051,43.8102,36,18.838386,37.676772,6.133428
7/30/2019,INV7781825,ELEMERA,P895105,6,21.9051,131.4306,36,18.838386,113.030316,18.400284
7/30/2019,INV7781825,ELEMERA,P934398,4,10.2087,40.8348,36,8.779482,35.117928,5.716872
7/30/2019,INV7781825,ELEMERA,P179839,4,7.4556,29.8224,36,6.411816,25.647264,4.175136
8/13/2019,INV7781647,ELEMERA,P895105,4,21.9051,87.6204,36,18.838386,75.353544,12.266856
8/13/2019,INV7781647,ELEMERA,P956668,6,5.5575,33.345,36,4.77945,28.6767,4.6683
8/13/2019,INV7781647,ELEMERA,P888927,1,56.4642,56.4642,36,48.559212,48.559212,7.904988
8/13/2019,INV7781647,ELEMERA,P536053,2,6.2586,12.5172,36,5.382396,10.764792,1.752408
8/11/2019,INV7780630,ELEMERA,P895105,1,21.9051,21.9051,36,18.838386,18.838386,3.066714
8/11/2019,INV7780630,ELEMERA,P549295,1,911.3445,911.3445,36,783.75627,783.75627,127.58823
10/12/2019,INV7780239,ELEMERA,P895105,2,21.9051,43.8102,36,18.838386,37.676772,6.133428
10/12/2019,INV7780239,ELEMERA,P678421,1,609.8715,609.8715,36,524.48949,524.48949,85.38201
10/12/2019,INV7780239,ELEMERA,P625929,1,805.8375,805.8375,36,693.02025,693.02025,112.81725
10/12/2019,INV7780239,ELEMERA,P705370,1,734.958,734.958,36,632.06388,632.06388,102.89412
10/12/2019,INV7780239,ELEMERA,P436225,1,771.552,771.552,36,663.53472,663.53472,108.01728
10/12/2019,INV7780239,ELEMERA,P730202,1,798.1938,798.1938,36,686.446668,686.446668,111.747132
12/12/2019,INV7780197,ELEMERA,P895105,1,21.9051,21.9051,36,18.838386,18.838386,3.066714
12/12/2019,INV7780197,ELEMERA,P331207,1,652.4505,652.4505,36,561.10743,561.10743,91.34307
12/12/2019,INV7780197,ELEMERA,P233624,1,925.8624,925.8624,36,796.241664,796.241664,129.620736
12/17/2019,INV7780155,ELEMERA,P895105,4,21.9051,87.6204,36,18.838386,75.353544,12.266856
5/2/2020,INV7779725,ELEMERA,P895105,2,21.9051,43.8102,36,18.838386,37.676772,6.133428
2/13/2020,INV7779587,ELEMERA,P895105,3,21.9051,65.7153,36,18.838386,56.515158,9.200142
3/23/2020,INV7779197,ELEMERA,P895105,1,21.9051,21.9051,36,18.838386,18.838386,3.066714
3/23/2020,INV7779197,ELEMERA,P126966,2,243.6237,487.2474,36,209.516382,419.032764,68.214636
3/23/2020,INV7779197,ELEMERA,P589067,1,24.1794,24.1794,36,20.794284,20.794284,3.385116
3/4/2020,INV7779104,ELEMERA,P895105,2,21.9051,43.8102,36,18.838386,37.676772,6.133428
3/4/2020,INV7779091,ELEMERA,P895105,3,21.9051,65.7153,36,18.838386,56.515158,9.200142
3/4/2020,INV7779091,ELEMERA,P126966,3,243.6237,730.8711,36,209.516382,628.549146,102.321954
1/5/2020,INV7778861,ELEMERA,P895105,10,21.9051,219.051,36,18.838386,188.38386,30.66714
1/5/2020,INV7778861,ELEMERA,P915648,6,72.9828,437.8968,36,62.765208,376.591248,61.305552
5/20/2020,INV7778709,ELEMERA,P895105,2,21.9051,43.8102,36,18.838386,37.676772,6.133428
5/20/2020,INV7778709,ELEMERA,P987453,2,32.1309,64.2618,36,27.632574,55.265148,8.996652
5/20/2020,INV7778709,ELEMERA,P956668,10,3.9843,39.843,36,3.426498,34.26498,5.57802
5/20/2020,INV7778709,ELEMERA,P278471,6,1.1457,6.8742,36,0.985302,5.911812,0.962388
5/20/2020,INV7778709,ELEMERA,P252062,2,147.231,294.462,36,126.61866,253.23732,41.22468
5/20/2020,INV7778709,ELEMERA,P760554,6,3.591,21.546,36,3.08826,18.52956,3.01644
8/13/2020,INV7777854,ELEMERA,P895105,2,21.9051,43.8102,36,18.838386,37.676772,6.133428
8/13/2020,INV7777854,ELEMERA,P956668,14,3.9843,55.7802,36,3.426498,47.970972,7.809228
8/13/2020,INV7777854,ELEMERA,P934398,2,10.7217,21.4434,36,9.220662,18.441324,3.002076
8/13/2020,INV7777854,ELEMERA,P894111,2,30.4038,60.8076,36,26.147268,52.294536,8.513064
8/13/2020,INV7777854,ELEMERA,P827943,14,0.4104,5.7456,36,0.352944,4.941216,0.804384
8/13/2020,INV7777854,ELEMERA,P739738,2,0.4959,0.9918,36,0.426474,0.852948,0.138852
8/13/2020,INV7777854,ELEMERA,P224960,2,0.342,0.684,36,0.29412,0.58824,0.09576
8/13/2020,INV7777854,ELEMERA,P236320,2,0.2052,0.4104,36,0.176472,0.352944,0.057456
8/13/2020,INV7777854,ELEMERA,P956566,1,802.9476,802.9476,36,690.534936,690.534936,112.412664
8/13/2020,INV7777854,ELEMERA,P786055,12,1.8297,21.9564,36,1.573542,18.882504,3.073896
8/13/2020,INV7777854,ELEMERA,P283507,2,2.4453,4.8906,36,2.102958,4.205916,0.684684
8/13/2020,INV7777854,ELEMERA,P678421,1,619.02,619.02,36,532.3572,532.3572,86.6628
8/13/2020,INV7777854,ELEMERA,P569682,2,25.7013,51.4026,36,22.103118,44.206236,7.196364
8/13/2020,INV7777854,ELEMERA,P625929,1,805.8375,805.8375,36,693.02025,693.02025,112.81725
8/13/2020,INV7777854,ELEMERA,P705370,1,739.8315,739.8315,36,636.25509,636.25509,103.57641
8/13/2020,INV7777854,ELEMERA,P485750,1,225.7713,225.7713,36,194.163318,194.163318,31.607982
8/13/2020,INV7777854,ELEMERA,P542262,1,296.514,296.514,36,255.00204,255.00204,41.51196
8/13/2020,INV7777854,ELEMERA,P720319,1,268.7778,268.7778,36,231.148908,231.148908,37.628892
8/13/2020,INV7777854,ELEMERA,P436225,1,594.9774,594.9774,36,511.680564,511.680564,83.296836
8/13/2020,INV7777854,ELEMERA,P185861,1,140.1516,140.1516,36,120.530376,120.530376,19.621224
8/13/2020,INV7777854,ELEMERA,P866971,1,140.1516,140.1516,36,120.530376,120.530376,19.621224
3/8/2020,INV7777962,ELEMERA,P895105,3,21.9051,65.7153,36,18.838386,56.515158,9.200142
3/8/2020,INV7777962,ELEMERA,P760554,4,3.591,14.364,36,3.08826,12.35304,2.01096
8/17/2020,INV7777827,ELEMERA,P895105,4,21.9051,87.6204,36,18.838386,75.353544,12.266856
3/9/2020,INV7777635,ELEMERA,P895105,2,21.9051,43.8102,36,18.838386,37.676772,6.133428
9/16/2020,INV7777499,ELEMERA,P895105,2,21.9051,43.8102,36,18.838386,37.676772,6.133428
8/10/2020,INV7777356,ELEMERA,P895105,1,21.9051,21.9051,36,18.838386,18.838386,3.066714
8/10/2020,INV7777356,ELEMERA,P634158,1,40.6809,40.6809,36,34.985574,34.985574,5.695326
12/10/2020,INV7777336,ELEMERA,P895105,2,21.9051,43.8102,36,18.838386,37.676772,6.133428
12/10/2020,INV7777336,ELEMERA,P833775,1,10.089,10.089,36,8.67654,8.67654,1.41246
12/10/2020,INV7777336,ELEMERA,P136335,1,171.7182,171.7182,36,147.677652,147.677652,24.040548
10/15/2020,INV7777305,ELEMERA,P895105,10,21.9051,219.051,36,18.838386,188.38386,30.66714
6/11/2020,INV7777129,ELEMERA,P895105,12,21.9051,262.8612,36,18.838386,226.060632,36.800568
1/22/2010,INV7811615,ELEMERA,P621785,1,149.0094,149.0094,36,128.148084,128.148084,20.861316
1/22/2010,INV7811615,ELEMERA,P915712,2,60.9615,121.923,36,52.42689,104.85378,17.06922
1/22/2010,INV7811615,ELEMERA,P223072,1,200.1213,200.1213,36,172.104318,172.104318,28.016982
1/22/2010,INV7811615,ELEMERA,P970809,2,59.7474,119.4948,36,51.382764,102.765528,16.729272
1/22/2010,INV7811615,ELEMERA,P514983,1,286.7328,286.7328,36,246.590208,246.590208,40.142592
1/22/2010,INV7811615,ELEMERA,P844730,1,49.4361,49.4361,36,42.515046,42.515046,6.921054
12/3/2010,INV7811345,ELEMERA,P621785,2,149.0094,298.0188,36,128.148084,256.296168,41.722632
12/3/2010,INV7811345,ELEMERA,P934398,2,24.4701,48.9402,36,21.044286,42.088572,6.851628
12/3/2010,INV7811345,ELEMERA,P597776,1,24.1794,24.1794,36,20.794284,20.794284,3.385116
12/3/2010,INV7811345,ELEMERA,P622731,1,7.9686,7.9686,36,6.852996,6.852996,1.115604
12/3/2010,INV7811345,ELEMERA,P419668,1,570.9519,570.9519,36,491.018634,491.018634,79.933266
12/3/2010,INV7811345,ELEMERA,P863145,1,942.6033,942.6033,36,810.638838,810.638838,131.964462
12/3/2010,INV7811345,ELEMERA,P618879,1,17.5275,17.5275,36,15.07365,15.07365,2.45385
12/3/2010,INV7811345,ELEMERA,P281184,2,39.6891,79.3782,36,34.132626,68.265252,11.112948
12/3/2010,INV7811345,ELEMERA,P593020,1,674.9883,674.9883,36,580.489938,580.489938,94.498362
12/3/2010,INV7811345,ELEMERA,P344743,8,1.9665,15.732,36,1.69119,13.52952,2.20248
3/29/2010,INV7811267,ELEMERA,P621785,1,149.0094,149.0094,36,128.148084,128.148084,20.861316
3/29/2010,INV7811267,ELEMERA,P915712,1,60.9615,60.9615,36,52.42689,52.42689,8.53461
3/29/2010,INV7811267,ELEMERA,P970809,2,59.7474,119.4948,36,51.382764,102.765528,16.729272
3/29/2010,INV7811267,ELEMERA,P765168,2,55.3527,110.7054,36,47.603322,95.206644,15.498756
3/29/2010,INV7811267,ELEMERA,P447600,1,28.0269,28.0269,36,24.103134,24.103134,3.923766
3/29/2010,INV7811267,ELEMERA,P720103,10,2.7873,27.873,36,2.397078,23.97078,3.90222
3/29/2010,INV7811267,ELEMERA,P268655,1,21.7512,21.7512,36,18.706032,18.706032,3.045168
3/29/2010,INV7811267,ELEMERA,P744786,2,66.1086,132.2172,36,56.853396,113.706792,18.510408
4/5/2010,INV7811087,ELEMERA,P621785,1,149.0094,149.0094,36,128.148084,128.148084,20.861316
4/5/2010,INV7811087,ELEMERA,P287800,3,12.1068,36.3204,36,10.411848,31.235544,5.084856
4/5/2010,INV7811087,ELEMERA,P489329,1,953.0514,953.0514,36,819.624204,819.624204,133.427196
4/5/2010,INV7811087,ELEMERA,P459542,5,5.643,28.215,36,4.85298,24.2649,3.9501
4/5/2010,INV7811087,ELEMERA,P497788,1,295.7445,295.7445,36,254.34027,254.34027,41.40423
11/8/2010,INV7810476,ELEMERA,P621785,1,149.0094,149.0094,36,128.148084,128.148084,20.861316
11/8/2010,INV7810476,ELEMERA,P970809,2,59.7474,119.4948,36,51.382764,102.765528,16.729272
11/8/2010,INV7810476,ELEMERA,P514983,1,286.7328,286.7328,36,246.590208,246.590208,40.142592
9/22/2011,INV7807924,ELEMERA,P621785,1,149.0094,149.0094,36,128.148084,128.148084,20.861316
9/22/2011,INV7807924,ELEMERA,P268655,1,15.9885,15.9885,36,13.75011,13.75011,2.23839
9/22/2011,INV7807924,ELEMERA,P198529,1,46.7685,46.7685,36,40.22091,40.22091,6.54759
9/22/2011,INV7807924,ELEMERA,P223211,1,95.6232,95.6232,36,82.235952,82.235952,13.387248
9/22/2011,INV7807924,ELEMERA,P497524,1,103.8996,103.8996,36,89.353656,89.353656,14.545944
9/12/2011,INV7807431,ELEMERA,P621785,1,149.0094,149.0094,36,128.148084,128.148084,20.861316
9/12/2011,INV7807431,ELEMERA,P439065,1,67.2372,67.2372,36,57.823992,57.823992,9.413208
9/12/2011,INV7807431,ELEMERA,P391153,1,83.7387,83.7387,36,72.015282,72.015282,11.723418
9/12/2011,INV7807431,ELEMERA,P776654,1,257.0814,257.0814,36,221.090004,221.090004,35.991396
1/25/2012,INV7807213,ELEMERA,P621785,1,149.0094,149.0094,36,128.148084,128.148084,20.861316
11/23/2012,INV7805229,ELEMERA,P621785,1,156.465,156.465,36,134.5599,134.5599,21.9051
5/6/2013,INV7804059,ELEMERA,P621785,1,156.465,156.465,36,134.5599,134.5599,21.9051
5/6/2013,INV7804059,ELEMERA,P268655,2,16.7922,33.5844,36,14.441292,28.882584,4.701816
5/6/2013,INV7804059,ELEMERA,P113257,1,124.7616,124.7616,36,107.294976,107.294976,17.466624
5/6/2013,INV7804059,ELEMERA,P320485,1,73.4958,73.4958,36,63.206388,63.206388,10.289412
5/6/2013,INV7804059,ELEMERA,P225117,1,243.6408,243.6408,36,209.531088,209.531088,34.109712
10/28/2013,INV7803046,ELEMERA,P621785,1,156.465,156.465,36,134.5599,134.5599,21.9051
10/28/2013,INV7803046,ELEMERA,P494619,1,156.5163,156.5163,36,134.604018,134.604018,21.912282
11/11/2013,INV7802959,ELEMERA,P621785,1,156.465,156.465,36,134.5599,134.5599,21.9051
3/18/2014,INV7802182,ELEMERA,P621785,1,160.3809,160.3809,36,137.927574,137.927574,22.453326
3/18/2014,INV7802182,ELEMERA,P650495,1,303.354,303.354,36,260.88444,260.88444,42.46956
10/22/2015,INV7797565,ELEMERA,P621785,1,186.732,186.732,36,160.58952,160.58952,26.14248
10/22/2015,INV7797565,ELEMERA,P268655,1,17.2026,17.2026,36,14.794236,14.794236,2.408364
12/2/2016,INV7796266,ELEMERA,P621785,1,240.5628,240.5628,36,206.884008,206.884008,33.678792
6/12/2016,INV7793323,ELEMERA,P621785,1,240.5628,240.5628,36,206.884008,206.884008,33.678792
6/12/2016,INV7793323,ELEMERA,P400395,1,144.2727,144.2727,36,124.074522,124.074522,20.198178
6/12/2016,INV7793323,ELEMERA,P727484,1,32.2164,32.2164,36,27.706104,27.706104,4.510296
9/10/2019,INV7780998,ELEMERA,P621785,1,288.6993,288.6993,36,248.281398,248.281398,40.417902
7/19/2010,INV7810638,ELEMERA,P915712,1,60.9615,60.9615,36,52.42689,52.42689,8.53461
7/19/2010,INV7810638,ELEMERA,P980032,1,273.5487,273.5487,36,235.251882,235.251882,38.296818
8/25/2010,INV7810382,ELEMERA,P915712,1,60.9615,60.9615,36,52.42689,52.42689,8.53461
2/9/2010,INV7810324,ELEMERA,P915712,1,60.9615,60.9615,36,52.42689,52.42689,8.53461
2/9/2010,INV7810324,ELEMERA,P497987,1,92.1006,92.1006,36,79.206516,79.206516,12.894084
2/9/2010,INV7810324,ELEMERA,P735022,2,45.315,90.63,36,38.9709,77.9418,12.6882
2/9/2010,INV7810324,ELEMERA,P271474,1,186.4584,186.4584,36,160.354224,160.354224,26.104176
2/9/2010,INV7810324,ELEMERA,P410080,1,21.888,21.888,36,18.82368,18.82368,3.06432
10/22/2010,INV7809995,ELEMERA,P915712,1,60.9615,60.9615,36,52.42689,52.42689,8.53461
10/22/2010,INV7809995,ELEMERA,P859459,1,662.3685,662.3685,36,569.63691,569.63691,92.73159
1/16/2012,INV7807272,ELEMERA,P915712,1,60.9615,60.9615,36,52.42689,52.42689,8.53461
1/16/2012,INV7807272,ELEMERA,P514983,1,286.7328,286.7328,36,246.590208,246.590208,40.142592
1/16/2012,INV7807272,ELEMERA,P694876,1,798.5358,798.5358,36,686.740788,686.740788,111.795012
1/16/2012,INV7807272,ELEMERA,P497788,1,295.7445,295.7445,36,254.34027,254.34027,41.40423
1/16/2012,INV7807272,ELEMERA,P678716,1,190.5624,190.5624,36,163.883664,163.883664,26.678736
1/16/2012,INV7807272,ELEMERA,P621949,1,286.7499,286.7499,36,246.604914,246.604914,40.144986
1/16/2012,INV7807272,ELEMERA,P826575,2,70.3665,140.733,36,60.51519,121.03038,19.70262
6/29/2012,INV7806184,ELEMERA,P915712,1,64.0053,64.0053,36,55.044558,55.044558,8.960742
4/12/2012,INV7805150,ELEMERA,P915712,1,64.0053,64.0053,36,55.044558,55.044558,8.960742
4/12/2012,INV7805150,ELEMERA,P449443,1,33.5844,33.5844,36,28.882584,28.882584,4.701816
4/12/2012,INV7805149,ELEMERA,P915712,1,64.0053,64.0053,36,55.044558,55.044558,8.960742
4/12/2012,INV7805149,ELEMERA,P449443,1,33.5844,33.5844,36,28.882584,28.882584,4.701816
1/16/2013,INV7804970,ELEMERA,P915712,1,64.0053,64.0053,36,55.044558,55.044558,8.960742
1/16/2013,INV7804970,ELEMERA,P274726,1,1379.3544,1379.3544,36,1186.244784,1186.244784,193.109616
1/16/2013,INV7804970,ELEMERA,P624880,1,113.3901,113.3901,36,97.515486,97.515486,15.874614
1/16/2013,INV7804970,ELEMERA,P574580,1,99.1458,99.1458,36,85.265388,85.265388,13.880412
1/18/2013,INV7804951,ELEMERA,P915712,1,64.0053,64.0053,36,55.044558,55.044558,8.960742
1/18/2013,INV7804951,ELEMERA,P274726,1,1379.3544,1379.3544,36,1186.244784,1186.244784,193.109616
1/18/2013,INV7804951,ELEMERA,P624880,1,113.3901,113.3901,36,97.515486,97.515486,15.874614
1/18/2013,INV7804951,ELEMERA,P574580,1,99.1458,99.1458,36,85.265388,85.265388,13.880412
4/30/2013,INV7804318,ELEMERA,P915712,1,64.0053,64.0053,36,55.044558,55.044558,8.960742
4/30/2013,INV7804318,ELEMERA,P223072,1,210.1248,210.1248,36,180.707328,180.707328,29.417472
4/30/2013,INV7804318,ELEMERA,P514983,1,301.0626,301.0626,36,258.913836,258.913836,42.148764
4/30/2013,INV7804318,ELEMERA,P497987,1,82.7982,82.7982,36,71.206452,71.206452,11.591748
4/30/2013,INV7804318,ELEMERA,P136917,1,7.866,7.866,36,6.76476,6.76476,1.10124
4/30/2013,INV7804318,ELEMERA,P497788,2,93.8619,187.7238,36,80.721234,161.442468,26.281332
4/30/2013,INV7804318,ELEMERA,P621949,1,301.0968,301.0968,36,258.943248,258.943248,42.153552
4/30/2013,INV7804318,ELEMERA,P762394,1,44.2206,44.2206,36,38.029716,38.029716,6.190884
4/30/2013,INV7804318,ELEMERA,P911204,1,301.0626,301.0626,36,258.913836,258.913836,42.148764
4/30/2013,INV7804318,ELEMERA,P309062,1,216.5031,216.5031,36,186.192666,186.192666,30.310434
4/30/2013,INV7804318,ELEMERA,P255009,1,417.5649,417.5649,36,359.105814,359.105814,58.459086
4/30/2013,INV7804318,ELEMERA,P980457,2,3.2661,6.5322,36,2.808846,5.617692,0.914508
4/30/2013,INV7804318,ELEMERA,P268228,2,9.9522,19.9044,36,8.558892,17.117784,2.786616
3/6/2013,INV7804074,ELEMERA,P915712,1,64.0053,64.0053,36,55.044558,55.044558,8.960742
6/18/2013,INV7803977,ELEMERA,P915712,1,64.0053,64.0053,36,55.044558,55.044558,8.960742
6/18/2013,INV7803977,ELEMERA,P497987,1,82.7982,82.7982,36,71.206452,71.206452,11.591748
6/18/2013,INV7803977,ELEMERA,P673828,1,145.4868,145.4868,36,125.118648,125.118648,20.368152
6/12/2013,INV7802784,ELEMERA,P915712,1,64.0053,64.0053,36,55.044558,55.044558,8.960742
4/23/2014,INV7801968,ELEMERA,P915712,1,65.5956,65.5956,36,56.412216,56.412216,9.183384
4/23/2014,INV7801968,ELEMERA,P568184,1,14.9796,14.9796,36,12.882456,12.882456,2.097144
4/23/2014,INV7801968,ELEMERA,P568184,1,14.9796,14.9796,36,12.882456,12.882456,2.097144
4/23/2014,INV7801968,ELEMERA,P555618,1,56.8233,56.8233,36,48.868038,48.868038,7.955262
4/23/2014,INV7801968,ELEMERA,P697294,1,7.7463,7.7463,36,6.661818,6.661818,1.084482
4/23/2014,INV7801968,ELEMERA,P637234,1,1.3167,1.3167,36,1.132362,1.132362,0.184338
4/23/2014,INV7801968,ELEMERA,P638570,2,65.5272,131.0544,36,56.353392,112.706784,18.347616
4/23/2014,INV7801968,ELEMERA,P949446,2,64.0737,128.1474,36,55.103382,110.206764,17.940636
7/29/2014,INV7801282,ELEMERA,P915712,1,65.5956,65.5956,36,56.412216,56.412216,9.183384
7/29/2014,INV7801282,ELEMERA,P584705,4,25.3935,101.574,36,21.83841,87.35364,14.22036
7/29/2014,INV7801282,ELEMERA,P103334,1,3.0609,3.0609,36,2.632374,2.632374,0.428526
7/29/2014,INV7801282,ELEMERA,P187536,4,11.6793,46.7172,36,10.044198,40.176792,6.540408
7/29/2014,INV7801282,ELEMERA,P450826,1,6.1902,6.1902,36,5.323572,5.323572,0.866628
7/29/2014,INV7801282,ELEMERA,P554625,1,4.104,4.104,36,3.52944,3.52944,0.57456
7/29/2014,INV7801282,ELEMERA,P735984,1,4.8051,4.8051,36,4.132386,4.132386,0.672714
7/29/2014,INV7801282,ELEMERA,P499388,1,3.2319,3.2319,36,2.779434,2.779434,0.452466
7/29/2014,INV7801282,ELEMERA,P432453,4,2.394,9.576,36,2.05884,8.23536,1.34064
7/29/2014,INV7801282,ELEMERA,P558854,4,2.3769,9.5076,36,2.044134,8.176536,1.331064
7/29/2014,INV7801282,ELEMERA,P912381,4,3.0609,12.2436,36,2.632374,10.529496,1.714104
7/29/2014,INV7801282,ELEMERA,P658421,4,3.8475,15.39,36,3.30885,13.2354,2.1546
7/29/2014,INV7801282,ELEMERA,P705374,4,17.4591,69.8364,36,15.014826,60.059304,9.777096
7/29/2014,INV7801282,ELEMERA,P378270,4,9.9522,39.8088,36,8.558892,34.235568,5.573232
9/17/2015,INV7797931,ELEMERA,P915712,1,62.1585,62.1585,36,53.45631,53.45631,8.70219
4/1/2016,INV7796736,ELEMERA,P915712,1,62.1585,62.1585,36,53.45631,53.45631,8.70219
10/18/2016,INV7793809,ELEMERA,P915712,1,113.5953,113.5953,36,97.691958,97.691958,15.903342
10/18/2016,INV7793809,ELEMERA,P140298,1,53.4888,53.4888,36,46.000368,46.000368,7.488432
10/18/2016,INV7793809,ELEMERA,P298292,1,33.6699,33.6699,36,28.956114,28.956114,4.713786
6/9/2019,INV7781354,ELEMERA,P915712,1,113.5953,113.5953,36,97.691958,97.691958,15.903342
6/9/2019,INV7781354,ELEMERA,P899381,2,8.0028,16.0056,36,6.882408,13.764816,2.240784
10/15/2019,INV7780939,ELEMERA,P915712,1,113.5953,113.5953,36,97.691958,97.691958,15.903342
10/15/2019,INV7780939,ELEMERA,P497987,1,151.4889,151.4889,36,130.280454,130.280454,21.208446
10/15/2019,INV7780939,ELEMERA,P735022,2,103.9167,207.8334,36,89.368362,178.736724,29.096676
1/24/2020,INV7779843,ELEMERA,P915712,1,113.5953,113.5953,36,97.691958,97.691958,15.903342
3/8/2011,INV7808268,ELEMERA,P223072,1,200.1213,200.1213,36,172.104318,172.104318,28.016982
3/8/2011,INV7808268,ELEMERA,P497987,1,92.1006,92.1006,36,79.206516,79.206516,12.894084
3/8/2011,INV7808268,ELEMERA,P705855,1,62.0388,62.0388,36,53.353368,53.353368,8.685432
3/8/2011,INV7808268,ELEMERA,P801149,1,63.3042,63.3042,36,54.441612,54.441612,8.862588
3/8/2011,INV7808268,ELEMERA,P967645,1,46.8711,46.8711,36,40.309146,40.309146,6.561954
3/8/2011,INV7808268,ELEMERA,P309062,1,206.1918,206.1918,36,177.324948,177.324948,28.866852
1/13/2012,INV7807287,ELEMERA,P223072,1,200.1213,200.1213,36,172.104318,172.104318,28.016982
1/13/2012,INV7807287,ELEMERA,P497987,1,92.1006,92.1006,36,79.206516,79.206516,12.894084
1/13/2012,INV7807287,ELEMERA,P309062,1,206.1918,206.1918,36,177.324948,177.324948,28.866852
1/2/2012,INV7807183,ELEMERA,P223072,1,210.1248,210.1248,36,180.707328,180.707328,29.417472
1/2/2012,INV7807183,ELEMERA,P705855,1,65.1339,65.1339,36,56.015154,56.015154,9.118746
1/2/2012,INV7807183,ELEMERA,P750570,1,1602.3042,1602.3042,36,1377.981612,1377.981612,224.322588
1/2/2012,INV7807183,ELEMERA,P492727,1,1602.3042,1602.3042,36,1377.981612,1377.981612,224.322588
1/2/2012,INV7807183,ELEMERA,P117048,2,19.9215,39.843,36,17.13249,34.26498,5.57802
1/2/2012,INV7807183,ELEMERA,P309062,1,216.5031,216.5031,36,186.192666,186.192666,30.310434
2/13/2013,INV7804794,ELEMERA,P223072,1,210.1248,210.1248,36,180.707328,180.707328,29.417472
2/13/2013,INV7804794,ELEMERA,P462402,1,84.0807,84.0807,36,72.309402,72.309402,11.771298
2/13/2013,INV7804794,ELEMERA,P361052,1,12.141,12.141,36,10.44126,10.44126,1.69974
2/13/2013,INV7804794,ELEMERA,P309062,1,216.5031,216.5031,36,186.192666,186.192666,30.310434
5/9/2013,INV7803355,ELEMERA,P223072,1,210.1248,210.1248,36,180.707328,180.707328,29.417472
5/9/2013,INV7803355,ELEMERA,P462402,1,48.6666,48.6666,36,41.853276,41.853276,6.813324
5/9/2013,INV7803355,ELEMERA,P361052,1,12.141,12.141,36,10.44126,10.44126,1.69974
5/9/2013,INV7803355,ELEMERA,P309062,1,216.5031,216.5031,36,186.192666,186.192666,30.310434
2/18/2014,INV7802392,ELEMERA,P223072,1,215.3745,215.3745,36,185.22207,185.22207,30.15243
2/18/2014,INV7802392,ELEMERA,P462402,1,48.6666,48.6666,36,41.853276,41.853276,6.813324
2/18/2014,INV7802392,ELEMERA,P361052,1,12.4488,12.4488,36,10.705968,10.705968,1.742832
2/18/2014,INV7802392,ELEMERA,P309062,1,221.9238,221.9238,36,190.854468,190.854468,31.069332
2/18/2014,INV7802392,ELEMERA,P528813,1,378.5085,378.5085,36,325.51731,325.51731,52.99119
2/18/2014,INV7802392,ELEMERA,P426392,1,125.8218,125.8218,36,108.206748,108.206748,17.615052
1/5/2014,INV7801919,ELEMERA,P223072,1,215.3745,215.3745,36,185.22207,185.22207,30.15243
1/5/2014,INV7801919,ELEMERA,P462402,1,48.6666,48.6666,36,41.853276,41.853276,6.813324
1/5/2014,INV7801919,ELEMERA,P361052,1,12.4488,12.4488,36,10.705968,10.705968,1.742832
1/5/2014,INV7801919,ELEMERA,P309062,1,221.9238,221.9238,36,190.854468,190.854468,31.069332
1/5/2014,INV7801919,ELEMERA,P528813,1,378.5085,378.5085,36,325.51731,325.51731,52.99119
7/22/2014,INV7801331,ELEMERA,P223072,1,215.3745,215.3745,36,185.22207,185.22207,30.15243
7/22/2014,INV7801331,ELEMERA,P497987,1,84.8673,84.8673,36,72.985878,72.985878,11.881422
7/22/2014,INV7801331,ELEMERA,P712141,1,28.9845,28.9845,36,24.92667,24.92667,4.05783
10/12/2014,INV7800274,ELEMERA,P223072,1,215.3745,215.3745,36,185.22207,185.22207,30.15243
10/12/2014,INV7800274,ELEMERA,P497987,1,84.8673,84.8673,36,72.985878,72.985878,11.881422
10/12/2014,INV7800274,ELEMERA,P462402,1,48.6666,48.6666,36,41.853276,41.853276,6.813324
10/12/2014,INV7800274,ELEMERA,P361052,1,12.4488,12.4488,36,10.705968,10.705968,1.742832
10/12/2014,INV7800274,ELEMERA,P309062,1,221.9238,221.9238,36,190.854468,190.854468,31.069332
10/12/2014,INV7800274,ELEMERA,P528813,1,211.3389,211.3389,36,181.751454,181.751454,29.587446
10/12/2014,INV7800274,ELEMERA,P660712,1,18.0747,18.0747,36,15.544242,15.544242,2.530458
10/12/2014,INV7800274,ELEMERA,P121317,1,4.959,4.959,36,4.26474,4.26474,0.69426
10/12/2014,INV7800274,ELEMERA,P544394,1,25.3422,25.3422,36,21.794292,21.794292,3.547908
10/3/2015,INV7799718,ELEMERA,P223072,1,215.3745,215.3745,36,185.22207,185.22207,30.15243
10/3/2015,INV7799718,ELEMERA,P309062,1,221.9238,221.9238,36,190.854468,190.854468,31.069332
7/21/2015,INV7798656,ELEMERA,P223072,1,215.3745,215.3745,36,185.22207,185.22207,30.15243
7/21/2015,INV7798656,ELEMERA,P462402,1,176.301,176.301,36,151.61886,151.61886,24.68214
7/21/2015,INV7798656,ELEMERA,P361052,1,24.0255,24.0255,36,20.66193,20.66193,3.36357
7/21/2015,INV7798656,ELEMERA,P309062,1,221.9238,221.9238,36,190.854468,190.854468,31.069332
7/21/2015,INV7798656,ELEMERA,P664106,1,57.1824,57.1824,36,49.176864,49.176864,8.005536
7/21/2015,INV7798656,ELEMERA,P387137,1,12.8421,12.8421,36,11.044206,11.044206,1.797894
12/24/2015,INV7796766,ELEMERA,P223072,1,215.3745,215.3745,36,185.22207,185.22207,30.15243
12/24/2015,INV7796766,ELEMERA,P309062,1,221.9238,221.9238,36,190.854468,190.854468,31.069332
12/24/2015,INV7796766,ELEMERA,P242842,2,43.3998,86.7996,36,37.323828,74.647656,12.151944
12/24/2015,INV7796766,ELEMERA,P669246,1,98.7012,98.7012,36,84.883032,84.883032,13.818168
12/24/2015,INV7796766,ELEMERA,P720432,1,18.3825,18.3825,36,15.80895,15.80895,2.57355
12/24/2015,INV7796766,ELEMERA,P693437,1,494.9937,494.9937,36,425.694582,425.694582,69.299118
8/1/2016,INV7796685,ELEMERA,P223072,1,215.3745,215.3745,36,185.22207,185.22207,30.15243
8/1/2016,INV7796685,ELEMERA,P263794,1,368.0091,368.0091,36,316.487826,316.487826,51.521274
5/30/2016,INV7795160,ELEMERA,P223072,1,236.9205,236.9205,36,203.75163,203.75163,33.16887
5/30/2016,INV7795160,ELEMERA,P462402,1,264.4515,264.4515,36,227.42829,227.42829,37.02321
5/30/2016,INV7795160,ELEMERA,P361052,1,24.0255,24.0255,36,20.66193,20.66193,3.36357
5/30/2016,INV7795160,ELEMERA,P309062,1,244.1196,244.1196,36,209.942856,209.942856,34.176744
10/27/2016,INV7793694,ELEMERA,P223072,1,236.9205,236.9205,36,203.75163,203.75163,33.16887
10/27/2016,INV7793694,ELEMERA,P497987,1,127.2924,127.2924,36,109.471464,109.471464,17.820936
10/27/2016,INV7793694,ELEMERA,P462402,1,264.4515,264.4515,36,227.42829,227.42829,37.02321
10/27/2016,INV7793694,ELEMERA,P361052,1,24.0255,24.0255,36,20.66193,20.66193,3.36357
10/27/2016,INV7793694,ELEMERA,P309062,1,244.1196,244.1196,36,209.942856,209.942856,34.176744
10/27/2016,INV7793694,ELEMERA,P528813,1,209.4066,209.4066,36,180.089676,180.089676,29.316924
10/27/2016,INV7793694,ELEMERA,P669246,1,98.7012,98.7012,36,84.883032,84.883032,13.818168
11/25/2016,INV7793417,ELEMERA,P223072,1,236.9205,236.9205,36,203.75163,203.75163,33.16887
11/25/2016,INV7793417,ELEMERA,P497987,1,127.2924,127.2924,36,109.471464,109.471464,17.820936
11/25/2016,INV7793417,ELEMERA,P528813,1,209.4066,209.4066,36,180.089676,180.089676,29.316924
11/25/2016,INV7793417,ELEMERA,P669246,1,125.6337,125.6337,36,108.044982,108.044982,17.588718
11/25/2016,INV7793417,ELEMERA,P144162,1,138.1338,138.1338,36,118.795068,118.795068,19.338732
9/1/2017,INV7793144,ELEMERA,P223072,2,236.9205,473.841,36,203.75163,407.50326,66.33774
9/1/2017,INV7793144,ELEMERA,P223072,1,236.9205,236.9205,36,203.75163,203.75163,33.16887
9/1/2017,INV7793144,ELEMERA,P497987,3,127.2924,381.8772,36,109.471464,328.414392,53.462808
9/1/2017,INV7793144,ELEMERA,P309062,3,244.1196,732.3588,36,209.942856,629.828568,102.530232
8/5/2018,INV7788081,ELEMERA,P223072,1,308.313,308.313,36,265.14918,265.14918,43.16382
8/5/2018,INV7788081,ELEMERA,P309062,1,402.4998,402.4998,36,346.149828,346.149828,56.349972
10/9/2018,INV7786413,ELEMERA,P223072,1,308.313,308.313,36,265.14918,265.14918,43.16382
10/9/2018,INV7786413,ELEMERA,P497987,1,151.4889,151.4889,36,130.280454,130.280454,21.208446
10/9/2018,INV7786413,ELEMERA,P462402,1,264.4515,264.4515,36,227.42829,227.42829,37.02321
10/9/2018,INV7786413,ELEMERA,P309062,1,402.4998,402.4998,36,346.149828,346.149828,56.349972
10/9/2018,INV7786413,ELEMERA,P528813,1,209.4066,209.4066,36,180.089676,180.089676,29.316924
1/3/2019,INV7783984,ELEMERA,P223072,1,308.313,308.313,36,265.14918,265.14918,43.16382
1/3/2019,INV7783984,ELEMERA,P970809,2,113.4072,226.8144,36,97.530192,195.060384,31.754016
1/3/2019,INV7783984,ELEMERA,P186830,1,135.4833,135.4833,36,116.515638,116.515638,18.967662
1/3/2019,INV7783984,ELEMERA,P309062,1,402.4998,402.4998,36,346.149828,346.149828,56.349972
4/27/2010,INV7811124,ELEMERA,P970809,2,59.7474,119.4948,36,51.382764,102.765528,16.729272
4/27/2010,INV7811124,ELEMERA,P113257,1,118.8108,118.8108,36,102.177288,102.177288,16.633512
12/5/2010,INV7811024,ELEMERA,P970809,2,59.7474,119.4948,36,51.382764,102.765528,16.729272
12/5/2010,INV7811024,ELEMERA,P568184,2,12.4146,24.8292,36,10.676556,21.353112,3.476088
2/8/2012,INV7805960,ELEMERA,P970809,1,62.7228,62.7228,36,53.941608,53.941608,8.781192
2/8/2012,INV7805960,ELEMERA,P403998,1,492.2577,492.2577,36,423.341622,423.341622,68.916078
3/21/2013,INV7804529,ELEMERA,P970809,2,62.7228,125.4456,36,53.941608,107.883216,17.562384
3/21/2013,INV7804529,ELEMERA,P753842,1,39.6891,39.6891,36,34.132626,34.132626,5.556474
9/5/2013,INV7804237,ELEMERA,P970809,1,62.7228,62.7228,36,53.941608,53.941608,8.781192
9/5/2013,INV7804237,ELEMERA,P693447,1,77.6853,77.6853,36,66.809358,66.809358,10.875942
9/5/2013,INV7804237,ELEMERA,P568184,1,14.6034,14.6034,36,12.558924,12.558924,2.044476
9/5/2013,INV7804237,ELEMERA,P932336,1,26.9325,26.9325,36,23.16195,23.16195,3.77055
10/14/2013,INV7803133,ELEMERA,P970809,2,62.7228,125.4456,36,53.941608,107.883216,17.562384
10/14/2013,INV7803133,ELEMERA,P934398,4,10.2087,40.8348,36,8.779482,35.117928,5.716872
10/14/2013,INV7803133,ELEMERA,P211523,1,229.2768,229.2768,36,197.178048,197.178048,32.098752
6/11/2014,INV7800561,ELEMERA,P970809,2,75.5991,151.1982,36,65.015226,130.030452,21.167748
6/11/2014,INV7800561,ELEMERA,P514983,1,96.2046,96.2046,36,82.735956,82.735956,13.468644
6/11/2014,INV7800561,ELEMERA,P207439,1,254.3625,254.3625,36,218.75175,218.75175,35.61075
6/11/2014,INV7800561,ELEMERA,P568184,2,14.9796,29.9592,36,12.882456,25.764912,4.194288
6/11/2014,INV7800561,ELEMERA,P899268,1,222.3342,222.3342,36,191.207412,191.207412,31.126788
4/2/2016,INV7796386,ELEMERA,P970809,1,75.5991,75.5991,36,65.015226,65.015226,10.583874
7/30/2010,INV7810548,ELEMERA,P514983,1,286.7328,286.7328,36,246.590208,246.590208,40.142592
7/30/2010,INV7810548,ELEMERA,P253339,2,333.3987,666.7974,36,286.722882,573.445764,93.351636
7/30/2010,INV7810548,ELEMERA,P497788,1,295.7445,295.7445,36,254.34027,254.34027,41.40423
7/30/2010,INV7810548,ELEMERA,P881946,10,3.2661,32.661,36,2.808846,28.08846,4.57254
7/30/2010,INV7810548,ELEMERA,P621949,1,286.7499,286.7499,36,246.604914,246.604914,40.144986
10/18/2010,INV7810035,ELEMERA,P514983,1,286.7328,286.7328,36,246.590208,246.590208,40.142592
10/18/2010,INV7810035,ELEMERA,P497987,1,92.1006,92.1006,36,79.206516,79.206516,12.894084
10/18/2010,INV7810035,ELEMERA,P113257,1,118.8108,118.8108,36,102.177288,102.177288,16.633512
10/18/2010,INV7810035,ELEMERA,P497788,1,295.7445,295.7445,36,254.34027,254.34027,41.40423
10/18/2010,INV7810035,ELEMERA,P621949,1,286.7499,286.7499,36,246.604914,246.604914,40.144986
10/18/2010,INV7810035,ELEMERA,P735022,2,45.315,90.63,36,38.9709,77.9418,12.6882
10/18/2010,INV7810035,ELEMERA,P388632,1,113.9373,113.9373,36,97.986078,97.986078,15.951222
5/25/2011,INV7808765,ELEMERA,P514983,1,286.7328,286.7328,36,246.590208,246.590208,40.142592
5/25/2011,INV7808765,ELEMERA,P497987,1,92.1006,92.1006,36,79.206516,79.206516,12.894084
5/25/2011,INV7808765,ELEMERA,P207439,1,236.3391,236.3391,36,203.251626,203.251626,33.087474
5/25/2011,INV7808765,ELEMERA,P113257,1,118.8108,118.8108,36,102.177288,102.177288,16.633512
5/25/2011,INV7808765,ELEMERA,P911204,1,286.7328,286.7328,36,246.590208,246.590208,40.142592
6/15/2011,INV7808613,ELEMERA,P514983,1,286.7328,286.7328,36,246.590208,246.590208,40.142592
6/15/2011,INV7808613,ELEMERA,P497788,1,295.7445,295.7445,36,254.34027,254.34027,41.40423
6/15/2011,INV7808613,ELEMERA,P320485,1,69.9903,69.9903,36,60.191658,60.191658,9.798642
12/17/2012,INV7805063,ELEMERA,P514983,1,301.0626,301.0626,36,258.913836,258.913836,42.148764
12/17/2012,INV7805063,ELEMERA,P497788,1,310.536,310.536,36,267.06096,267.06096,43.47504
12/17/2012,INV7805063,ELEMERA,P573691,1,131.4306,131.4306,36,113.030316,113.030316,18.400284
1/17/2014,INV7802601,ELEMERA,P514983,1,96.2046,96.2046,36,82.735956,82.735956,13.468644
1/17/2014,INV7802601,ELEMERA,P911204,1,308.6037,308.6037,36,265.399182,265.399182,43.204518
7/29/2014,INV7801272,ELEMERA,P514983,1,96.2046,96.2046,36,82.735956,82.735956,13.468644
11/1/2010,INV7811674,ELEMERA,P844730,4,49.4361,197.7444,36,42.515046,170.060184,27.684216
11/1/2010,INV7811674,ELEMERA,P936617,1,39.6036,39.6036,36,34.059096,34.059096,5.544504
11/1/2010,INV7811674,ELEMERA,P886783,5,19.152,95.76,36,16.47072,82.3536,13.4064
1/13/2010,INV7811656,ELEMERA,P844730,2,49.4361,98.8722,36,42.515046,85.030092,13.842108
1/13/2010,INV7811656,ELEMERA,P934398,4,24.4701,97.8804,36,21.044286,84.177144,13.703256
1/18/2010,INV7811642,ELEMERA,P844730,2,49.4361,98.8722,36,42.515046,85.030092,13.842108
1/18/2010,INV7811642,ELEMERA,P885591,1,950.5035,950.5035,36,817.43301,817.43301,133.07049
1/18/2010,INV7811642,ELEMERA,P841602,1,3.5568,3.5568,36,3.058848,3.058848,0.497952
2/3/2010,INV7811407,ELEMERA,P844730,1,49.4361,49.4361,36,42.515046,42.515046,6.921054
3/18/2010,INV7811323,ELEMERA,P844730,1,49.4361,49.4361,36,42.515046,42.515046,6.921054
9/6/2010,INV7810857,ELEMERA,P844730,10,49.4361,494.361,36,42.515046,425.15046,69.21054
9/6/2010,INV7810857,ELEMERA,P211523,3,218.3499,655.0497,36,187.780914,563.342742,91.706958
7/15/2010,INV7810668,ELEMERA,P844730,2,49.4361,98.8722,36,42.515046,85.030092,13.842108
7/15/2010,INV7810668,ELEMERA,P987453,1,34.2,34.2,36,29.412,29.412,4.788
7/15/2010,INV7810668,ELEMERA,P892895,2,100.5138,201.0276,36,86.441868,172.883736,28.143864
3/12/2010,INV7809755,ELEMERA,P844730,4,49.4361,197.7444,36,42.515046,170.060184,27.684216
3/12/2010,INV7809755,ELEMERA,P895692,2,40.8348,81.6696,36,35.117928,70.235856,11.433744
3/12/2010,INV7809755,ELEMERA,P934398,6,24.4701,146.8206,36,21.044286,126.265716,20.554884
3/12/2010,INV7809755,ELEMERA,P934398,10,24.4701,244.701,36,21.044286,210.44286,34.25814
3/12/2010,INV7809755,ELEMERA,P325006,1,247.0437,247.0437,36,212.457582,212.457582,34.586118
11/23/2010,INV7809815,ELEMERA,P844730,1,49.4361,49.4361,36,42.515046,42.515046,6.921054
2/17/2011,INV7809373,ELEMERA,P844730,4,49.4361,197.7444,36,42.515046,170.060184,27.684216
2/17/2011,INV7809373,ELEMERA,P253339,10,333.3987,3333.987,36,286.722882,2867.22882,466.75818
2/17/2011,INV7809373,ELEMERA,P486165,2,58.653,117.306,36,50.44158,100.88316,16.42284
10/3/2011,INV7809226,ELEMERA,P844730,4,49.4361,197.7444,36,42.515046,170.060184,27.684216
10/3/2011,INV7809226,ELEMERA,P253339,10,333.3987,3333.987,36,286.722882,2867.22882,466.75818
10/3/2011,INV7809226,ELEMERA,P486165,2,58.653,117.306,36,50.44158,100.88316,16.42284
3/22/2011,INV7809164,ELEMERA,P844730,4,49.4361,197.7444,36,42.515046,170.060184,27.684216
6/15/2011,INV7808606,ELEMERA,P844730,2,49.4361,98.8722,36,42.515046,85.030092,13.842108
6/15/2011,INV7808606,ELEMERA,P439845,6,82.1484,492.8904,36,70.647624,423.885744,69.004656
6/15/2011,INV7808606,ELEMERA,P877212,1,162.9459,162.9459,36,140.133474,140.133474,22.812426
7/14/2011,INV7808399,ELEMERA,P844730,1,49.4361,49.4361,36,42.515046,42.515046,6.921054
3/29/2012,INV7806773,ELEMERA,P844730,1,51.9156,51.9156,36,44.647416,44.647416,7.268184
3/29/2012,INV7806773,ELEMERA,P890633,1,22.5891,22.5891,36,19.426626,19.426626,3.162474
3/29/2012,INV7806773,ELEMERA,P150910,4,43.1091,172.4364,36,37.073826,148.295304,24.141096
4/4/2012,INV7806745,ELEMERA,P844730,2,51.9156,103.8312,36,44.647416,89.294832,14.536368
6/22/2012,INV7806237,ELEMERA,P844730,6,51.9156,311.4936,36,44.647416,267.884496,43.609104
9/17/2012,INV7805670,ELEMERA,P844730,2,51.9156,103.8312,36,44.647416,89.294832,14.536368
9/17/2012,INV7805670,ELEMERA,P765168,4,58.1229,232.4916,36,49.985694,199.942776,32.548824
9/17/2012,INV7805670,ELEMERA,P875372,2,53.0271,106.0542,36,45.603306,91.206612,14.847588
9/17/2012,INV7805670,ELEMERA,P348444,2,434.3742,868.7484,36,373.561812,747.123624,121.624776
9/17/2012,INV7805670,ELEMERA,P699566,2,40.8348,81.6696,36,35.117928,70.235856,11.433744
9/17/2012,INV7805670,ELEMERA,P751152,1,344.052,344.052,36,295.88472,295.88472,48.16728
9/17/2012,INV7805670,ELEMERA,P737029,1,82.7811,82.7811,36,71.191746,71.191746,11.589354
9/17/2012,INV7805670,ELEMERA,P418615,3,62.5689,187.7067,36,53.809254,161.427762,26.278938
9/17/2012,INV7805670,ELEMERA,P795259,2,23.3586,46.7172,36,20.088396,40.176792,6.540408
9/17/2012,INV7805670,ELEMERA,P244921,2,6.7716,13.5432,36,5.823576,11.647152,1.896048
2/21/2013,INV7804725,ELEMERA,P844730,1,51.9156,51.9156,36,44.647416,44.647416,7.268184
8/7/2013,INV7803826,ELEMERA,P844730,1,51.9156,51.9156,36,44.647416,44.647416,7.268184
8/7/2013,INV7803826,ELEMERA,P844016,2,73.9575,147.915,36,63.60345,127.2069,20.7081
8/7/2013,INV7803826,ELEMERA,P956668,15,5.4207,81.3105,36,4.661802,69.92703,11.38347
8/7/2013,INV7803826,ELEMERA,P934398,6,10.2087,61.2522,36,8.779482,52.676892,8.575308
8/7/2013,INV7803826,ELEMERA,P390237,2,139.5531,279.1062,36,120.015666,240.031332,39.074868
8/7/2013,INV7803826,ELEMERA,P188454,6,24.6069,147.6414,36,21.161934,126.971604,20.669796
8/7/2013,INV7803826,ELEMERA,P422065,1,197.4879,197.4879,36,169.839594,169.839594,27.648306
8/7/2013,INV7803826,ELEMERA,P552126,1,414.8118,414.8118,36,356.738148,356.738148,58.073652
8/7/2013,INV7803826,ELEMERA,P991597,1,16.9803,16.9803,36,14.603058,14.603058,2.377242
8/7/2013,INV7803826,ELEMERA,P991727,2,38.8341,77.6682,36,33.397326,66.794652,10.873548
8/7/2013,INV7803826,ELEMERA,P286505,1,37.8423,37.8423,36,32.544378,32.544378,5.297922
2/12/2014,INV7800370,ELEMERA,P844730,1,53.2152,53.2152,36,45.765072,45.765072,7.450128
2/12/2014,INV7800370,ELEMERA,P860046,1,3.8817,3.8817,36,3.338262,3.338262,0.543438
2/12/2014,INV7800370,ELEMERA,P350627,2,221.8383,443.6766,36,190.780938,381.561876,62.114724
2/12/2014,INV7800370,ELEMERA,P885398,4,2.2572,9.0288,36,1.941192,7.764768,1.264032
2/12/2014,INV7800370,ELEMERA,P797627,1,25.7184,25.7184,36,22.117824,22.117824,3.600576
2/16/2015,INV7799877,ELEMERA,P844730,4,53.2152,212.8608,36,45.765072,183.060288,29.800512
12/15/2015,INV7796869,ELEMERA,P844730,1,53.2152,53.2152,36,45.765072,45.765072,7.450128
12/15/2015,INV7796869,ELEMERA,P253339,6,247.95,1487.7,36,213.237,1279.422,208.278
12/15/2015,INV7796869,ELEMERA,P947899,10,5.0274,50.274,36,4.323564,43.23564,7.03836
12/15/2015,INV7796869,ELEMERA,P405692,20,2.736,54.72,36,2.35296,47.0592,7.6608
12/15/2015,INV7796869,ELEMERA,P405692,10,2.736,27.36,36,2.35296,23.5296,3.8304
12/15/2015,INV7796869,ELEMERA,P646052,6,14.6889,88.1334,36,12.632454,75.794724,12.338676
12/15/2015,INV7796869,ELEMERA,P646052,14,14.6889,205.6446,36,12.632454,176.854356,28.790244
12/15/2015,INV7796869,ELEMERA,P541249,1,92.6136,92.6136,36,79.647696,79.647696,12.965904
12/15/2015,INV7796869,ELEMERA,P806869,1,587.9151,587.9151,36,505.606986,505.606986,82.308114
12/15/2015,INV7796869,ELEMERA,P158332,2,5.814,11.628,36,5.00004,10.00008,1.62792
8/23/2016,INV7794273,ELEMERA,P844730,2,53.2152,106.4304,36,45.765072,91.530144,14.900256
8/23/2016,INV7794273,ELEMERA,P956668,5,5.5575,27.7875,36,4.77945,23.89725,3.89025
8/23/2016,INV7794273,ELEMERA,P934398,2,10.2087,20.4174,36,8.779482,17.558964,2.858436
8/23/2016,INV7794273,ELEMERA,P346844,2,46.9224,93.8448,36,40.353264,80.706528,13.138272
8/23/2016,INV7794273,ELEMERA,P390237,1,143.0415,143.0415,36,123.01569,123.01569,20.02581
8/23/2016,INV7794273,ELEMERA,P290129,1,2.907,2.907,36,2.50002,2.50002,0.40698
8/23/2016,INV7794273,ELEMERA,P243451,2,12.2094,24.4188,36,10.500084,21.000168,3.418632
8/23/2016,INV7794273,ELEMERA,P760848,1,22.4352,22.4352,36,19.294272,19.294272,3.140928
4/4/2017,INV7792297,ELEMERA,P844730,4,53.2152,212.8608,36,45.765072,183.060288,29.800512
4/4/2017,INV7792297,ELEMERA,P493265,2,99.5733,199.1466,36,85.633038,171.266076,27.880524
12/4/2017,INV7792203,ELEMERA,P844730,2,53.2152,106.4304,36,45.765072,91.530144,14.900256
9/1/2020,INV7780025,ELEMERA,P844730,4,53.2152,212.8608,36,45.765072,183.060288,29.800512
6/1/2010,INV7811689,ELEMERA,P132984,6,8.208,49.248,36,7.05888,42.35328,6.89472
6/1/2010,INV7811689,ELEMERA,P404282,5,2.9925,14.9625,36,2.57355,12.86775,2.09475
6/1/2010,INV7811689,ELEMERA,P162744,5,17.0658,85.329,36,14.676588,73.38294,11.94606
2/24/2010,INV7811442,ELEMERA,P132984,1,8.208,8.208,36,7.05888,7.05888,1.14912
2/24/2010,INV7811442,ELEMERA,P735203,2,168.8112,337.6224,36,145.177632,290.355264,47.267136
10/8/2010,INV7810484,ELEMERA,P132984,2,8.208,16.416,36,7.05888,14.11776,2.29824
10/8/2010,INV7810484,ELEMERA,P253339,4,333.3987,1333.5948,36,286.722882,1146.891528,186.703272
10/8/2010,INV7810484,ELEMERA,P994554,2,7.2846,14.5692,36,6.264756,12.529512,2.039688
10/8/2010,INV7810484,ELEMERA,P524277,2,16.416,32.832,36,14.11776,28.23552,4.59648
10/28/2010,INV7809954,ELEMERA,P132984,2,8.208,16.416,36,7.05888,14.11776,2.29824
10/28/2010,INV7809954,ELEMERA,P835244,1,5.9166,5.9166,36,5.088276,5.088276,0.828324
10/28/2010,INV7809954,ELEMERA,P206343,2,5.985,11.97,36,5.1471,10.2942,1.6758
10/28/2010,INV7809954,ELEMERA,P715622,4,3.762,15.048,36,3.23532,12.94128,2.10672
10/28/2010,INV7809954,ELEMERA,P994166,1,53.7453,53.7453,36,46.220958,46.220958,7.524342
10/28/2010,INV7809954,ELEMERA,P735203,1,168.8112,168.8112,36,145.177632,145.177632,23.633568
10/28/2010,INV7809954,ELEMERA,P794837,4,2.1717,8.6868,36,1.867662,7.470648,1.216152
10/28/2010,INV7809954,ELEMERA,P783976,4,1.6758,6.7032,36,1.441188,5.764752,0.938448
10/28/2010,INV7809954,ELEMERA,P169578,1,16.416,16.416,36,14.11776,14.11776,2.29824
10/28/2010,INV7809954,ELEMERA,P524277,1,16.416,16.416,36,14.11776,14.11776,2.29824
10/28/2010,INV7809954,ELEMERA,P486063,1,2.7189,2.7189,36,2.338254,2.338254,0.380646
10/28/2010,INV7809954,ELEMERA,P469755,2,5.4207,10.8414,36,4.661802,9.323604,1.517796
10/28/2010,INV7809954,ELEMERA,P258326,2,32.49,64.98,36,27.9414,55.8828,9.0972
2/22/2011,INV7809341,ELEMERA,P132984,1,8.208,8.208,36,7.05888,7.05888,1.14912
2/22/2011,INV7809341,ELEMERA,P860046,1,3.6081,3.6081,36,3.102966,3.102966,0.505134
2/22/2011,INV7809341,ELEMERA,P321238,1,5.1813,5.1813,36,4.455918,4.455918,0.725382
2/22/2011,INV7809341,ELEMERA,P536652,1,3.2319,3.2319,36,2.779434,2.779434,0.452466
2/22/2011,INV7809341,ELEMERA,P536652,1,3.2319,3.2319,36,2.779434,2.779434,0.452466
2/22/2011,INV7809341,ELEMERA,P994166,1,53.7453,53.7453,36,46.220958,46.220958,7.524342
2/22/2011,INV7809341,ELEMERA,P994166,1,53.7453,53.7453,36,46.220958,46.220958,7.524342
2/22/2011,INV7809341,ELEMERA,P274150,1,7.0281,7.0281,36,6.044166,6.044166,0.983934
2/22/2011,INV7809341,ELEMERA,P107912,1,3.5055,3.5055,36,3.01473,3.01473,0.49077
2/22/2011,INV7809341,ELEMERA,P169578,1,16.416,16.416,36,14.11776,14.11776,2.29824
3/15/2011,INV7809203,ELEMERA,P132984,2,8.208,16.416,36,7.05888,14.11776,2.29824
3/15/2011,INV7809203,ELEMERA,P536652,2,3.2319,6.4638,36,2.779434,5.558868,0.904932
3/15/2011,INV7809203,ELEMERA,P107912,2,3.5055,7.011,36,3.01473,6.02946,0.98154
4/19/2011,INV7809012,ELEMERA,P132984,2,8.208,16.416,36,7.05888,14.11776,2.29824
4/19/2011,INV7809012,ELEMERA,P493265,1,31.635,31.635,36,27.2061,27.2061,4.4289
4/19/2011,INV7809012,ELEMERA,P493265,1,31.635,31.635,36,27.2061,27.2061,4.4289
4/19/2011,INV7809012,ELEMERA,P847740,1,28.6767,28.6767,36,24.661962,24.661962,4.014738
4/19/2011,INV7809012,ELEMERA,P847740,1,28.6767,28.6767,36,24.661962,24.661962,4.014738
4/19/2011,INV7809012,ELEMERA,P860046,1,3.6081,3.6081,36,3.102966,3.102966,0.505134
4/19/2011,INV7809012,ELEMERA,P860046,1,3.6081,3.6081,36,3.102966,3.102966,0.505134
4/19/2011,INV7809012,ELEMERA,P860046,1,3.6081,3.6081,36,3.102966,3.102966,0.505134
4/19/2011,INV7809012,ELEMERA,P321238,1,5.1813,5.1813,36,4.455918,4.455918,0.725382
4/19/2011,INV7809012,ELEMERA,P321238,1,5.1813,5.1813,36,4.455918,4.455918,0.725382
4/19/2011,INV7809012,ELEMERA,P825805,1,2.3256,2.3256,36,2.000016,2.000016,0.325584
4/19/2011,INV7809012,ELEMERA,P536652,1,3.2319,3.2319,36,2.779434,2.779434,0.452466
4/19/2011,INV7809012,ELEMERA,P536652,2,3.2319,6.4638,36,2.779434,5.558868,0.904932
4/19/2011,INV7809012,ELEMERA,P332130,1,3.5055,3.5055,36,3.01473,3.01473,0.49077
4/19/2011,INV7809012,ELEMERA,P504551,1,3.0096,3.0096,36,2.588256,2.588256,0.421344
4/19/2011,INV7809012,ELEMERA,P941359,1,2.9925,2.9925,36,2.57355,2.57355,0.41895
4/19/2011,INV7809012,ELEMERA,P107912,2,3.5055,7.011,36,3.01473,6.02946,0.98154
4/19/2011,INV7809012,ELEMERA,P169578,1,16.416,16.416,36,14.11776,14.11776,2.29824
4/19/2011,INV7809012,ELEMERA,P712405,1,2.9925,2.9925,36,2.57355,2.57355,0.41895
4/19/2011,INV7809012,ELEMERA,P427012,1,2.9925,2.9925,36,2.57355,2.57355,0.41895
10/5/2011,INV7808900,ELEMERA,P132984,6,8.208,49.248,36,7.05888,42.35328,6.89472
8/6/2011,INV7808642,ELEMERA,P132984,1,8.208,8.208,36,7.05888,7.05888,1.14912
8/6/2011,INV7808642,ELEMERA,P169578,1,16.416,16.416,36,14.11776,14.11776,2.29824
8/24/2011,INV7808116,ELEMERA,P132984,2,8.208,16.416,36,7.05888,14.11776,2.29824
8/24/2011,INV7808116,ELEMERA,P404282,1,2.9925,2.9925,36,2.57355,2.57355,0.41895
8/24/2011,INV7808116,ELEMERA,P753309,1,16.5186,16.5186,36,14.205996,14.205996,2.312604
8/24/2011,INV7808116,ELEMERA,P753309,1,16.5186,16.5186,36,14.205996,14.205996,2.312604
8/24/2011,INV7808116,ELEMERA,P321238,1,5.1813,5.1813,36,4.455918,4.455918,0.725382
8/24/2011,INV7808116,ELEMERA,P825805,1,2.3256,2.3256,36,2.000016,2.000016,0.325584
8/24/2011,INV7808116,ELEMERA,P896509,1,11.1321,11.1321,36,9.573606,9.573606,1.558494
8/24/2011,INV7808116,ELEMERA,P536652,1,3.2319,3.2319,36,2.779434,2.779434,0.452466
8/24/2011,INV7808116,ELEMERA,P134927,1,2.9925,2.9925,36,2.57355,2.57355,0.41895
8/24/2011,INV7808116,ELEMERA,P134927,1,2.9925,2.9925,36,2.57355,2.57355,0.41895
8/24/2011,INV7808116,ELEMERA,P332506,1,2.9925,2.9925,36,2.57355,2.57355,0.41895
8/24/2011,INV7808116,ELEMERA,P357042,1,7.353,7.353,36,6.32358,6.32358,1.02942
8/24/2011,INV7808116,ELEMERA,P517396,4,2.9925,11.97,36,2.57355,10.2942,1.6758
8/24/2011,INV7808116,ELEMERA,P201688,1,4.0014,4.0014,36,3.441204,3.441204,0.560196
8/24/2011,INV7808116,ELEMERA,P542150,1,4.6854,4.6854,36,4.029444,4.029444,0.655956
8/24/2011,INV7808116,ELEMERA,P941359,1,2.9925,2.9925,36,2.57355,2.57355,0.41895
8/24/2011,INV7808116,ELEMERA,P107912,1,3.5055,3.5055,36,3.01473,3.01473,0.49077
8/24/2011,INV7808116,ELEMERA,P644453,1,3.0609,3.0609,36,2.632374,2.632374,0.428526
8/24/2011,INV7808116,ELEMERA,P524277,1,16.416,16.416,36,14.11776,14.11776,2.29824
8/24/2011,INV7808116,ELEMERA,P712405,1,2.9925,2.9925,36,2.57355,2.57355,0.41895
2/26/2013,INV7804693,ELEMERA,P132984,4,8.6184,34.4736,36,7.411824,29.647296,4.826304
2/26/2013,INV7804693,ELEMERA,P404282,4,1.6245,6.498,36,1.39707,5.58828,0.90972
2/26/2013,INV7804693,ELEMERA,P383812,4,3.1464,12.5856,36,2.705904,10.823616,1.761984
2/26/2013,INV7804693,ELEMERA,P332506,6,3.1464,18.8784,36,2.705904,16.235424,2.642976
2/26/2013,INV7804693,ELEMERA,P809696,12,3.1464,37.7568,36,2.705904,32.470848,5.285952
2/26/2013,INV7804693,ELEMERA,P517396,16,3.1464,50.3424,36,2.705904,43.294464,7.047936
2/26/2013,INV7804693,ELEMERA,P907453,4,45.8109,183.2436,36,39.397374,157.589496,25.654104
2/26/2013,INV7804693,ELEMERA,P688021,16,2.3427,37.4832,36,2.014722,32.235552,5.247648
2/26/2013,INV7804693,ELEMERA,P834374,16,3.42,54.72,36,2.9412,47.0592,7.6608
2/26/2013,INV7804693,ELEMERA,P941359,4,3.1464,12.5856,36,2.705904,10.823616,1.761984
2/26/2013,INV7804693,ELEMERA,P374166,16,2.7018,43.2288,36,2.323548,37.176768,6.052032
2/26/2013,INV7804693,ELEMERA,P107912,4,3.6936,14.7744,36,3.176496,12.705984,2.068416
2/26/2013,INV7804693,ELEMERA,P644453,4,3.2148,12.8592,36,2.764728,11.058912,1.800288
2/26/2013,INV7804693,ELEMERA,P169578,4,17.2368,68.9472,36,14.823648,59.294592,9.652608
2/26/2013,INV7804693,ELEMERA,P169578,4,17.2368,68.9472,36,14.823648,59.294592,9.652608
2/26/2013,INV7804693,ELEMERA,P630905,16,3.0438,48.7008,36,2.617668,41.882688,6.818112
2/26/2013,INV7804693,ELEMERA,P552415,4,10.3284,41.3136,36,8.882424,35.529696,5.783904
2/26/2013,INV7804693,ELEMERA,P488928,16,3.2319,51.7104,36,2.779434,44.470944,7.239456
2/25/2013,INV7804706,ELEMERA,P132984,2,8.6184,17.2368,36,7.411824,14.823648,2.413152
2/25/2013,INV7804706,ELEMERA,P404282,3,1.6245,4.8735,36,1.39707,4.19121,0.68229
2/25/2013,INV7804706,ELEMERA,P383812,3,3.1464,9.4392,36,2.705904,8.117712,1.321488
2/25/2013,INV7804706,ELEMERA,P715622,4,3.9501,15.8004,36,3.397086,13.588344,2.212056
2/25/2013,INV7804706,ELEMERA,P517396,4,3.1464,12.5856,36,2.705904,10.823616,1.761984
2/25/2013,INV7804706,ELEMERA,P580990,2,6.2244,12.4488,36,5.352984,10.705968,1.742832
2/25/2013,INV7804706,ELEMERA,P688021,2,2.3427,4.6854,36,2.014722,4.029444,0.655956
2/25/2013,INV7804706,ELEMERA,P653412,1,7.3188,7.3188,36,6.294168,6.294168,1.024632
2/25/2013,INV7804706,ELEMERA,P941359,2,3.1464,6.2928,36,2.705904,5.411808,0.880992
2/25/2013,INV7804706,ELEMERA,P374166,6,2.7018,16.2108,36,2.323548,13.941288,2.269512
2/25/2013,INV7804706,ELEMERA,P107912,2,3.6936,7.3872,36,3.176496,6.352992,1.034208
2/25/2013,INV7804706,ELEMERA,P644453,2,3.2148,6.4296,36,2.764728,5.529456,0.900144
2/25/2013,INV7804706,ELEMERA,P169578,2,17.2368,34.4736,36,14.823648,29.647296,4.826304
2/25/2013,INV7804706,ELEMERA,P871873,1,5.1471,5.1471,36,4.426506,4.426506,0.720594
2/25/2013,INV7804706,ELEMERA,P630905,2,3.0438,6.0876,36,2.617668,5.235336,0.852264
2/25/2013,INV7804706,ELEMERA,P162024,1,2.7873,2.7873,36,2.397078,2.397078,0.390222
2/25/2013,INV7804706,ELEMERA,P756362,1,9.4734,9.4734,36,8.147124,8.147124,1.326276
4/17/2013,INV7804373,ELEMERA,P132984,10,8.6184,86.184,36,7.411824,74.11824,12.06576
4/17/2013,INV7804373,ELEMERA,P132984,10,8.6184,86.184,36,7.411824,74.11824,12.06576
4/17/2013,INV7804373,ELEMERA,P759015,2,106.875,213.75,36,91.9125,183.825,29.925
4/17/2013,INV7804373,ELEMERA,P886783,6,4.0185,24.111,36,3.45591,20.73546,3.37554
4/17/2013,INV7804373,ELEMERA,P287800,5,12.7224,63.612,36,10.941264,54.70632,8.90568
4/17/2013,INV7804373,ELEMERA,P589543,1,44.3061,44.3061,36,38.103246,38.103246,6.202854
4/17/2013,INV7804373,ELEMERA,P344743,50,7.3188,365.94,36,6.294168,314.7084,51.2316
4/17/2013,INV7804373,ELEMERA,P517396,20,3.1464,62.928,36,2.705904,54.11808,8.80992
4/17/2013,INV7804373,ELEMERA,P580990,10,6.2244,62.244,36,5.352984,53.52984,8.71416
4/17/2013,INV7804373,ELEMERA,P653412,10,7.3188,73.188,36,6.294168,62.94168,10.24632
4/17/2013,INV7804373,ELEMERA,P834374,20,3.42,68.4,36,2.9412,58.824,9.576
4/17/2013,INV7804373,ELEMERA,P941359,10,3.1464,31.464,36,2.705904,27.05904,4.40496
4/17/2013,INV7804373,ELEMERA,P991597,3,16.9803,50.9409,36,14.603058,43.809174,7.131726
4/17/2013,INV7804373,ELEMERA,P374166,20,2.7018,54.036,36,2.323548,46.47096,7.56504
4/17/2013,INV7804373,ELEMERA,P107912,10,3.6936,36.936,36,3.176496,31.76496,5.17104
4/17/2013,INV7804373,ELEMERA,P991727,3,38.8341,116.5023,36,33.397326,100.191978,16.310322
4/17/2013,INV7804373,ELEMERA,P169578,5,17.2368,86.184,36,14.823648,74.11824,12.06576
4/17/2013,INV7804373,ELEMERA,P342609,10,3.1464,31.464,36,2.705904,27.05904,4.40496
4/17/2013,INV7804373,ELEMERA,P405692,10,2.6676,26.676,36,2.294136,22.94136,3.73464
4/17/2013,INV7804373,ELEMERA,P871873,10,5.1471,51.471,36,4.426506,44.26506,7.20594
4/17/2013,INV7804373,ELEMERA,P646052,3,17.5275,52.5825,36,15.07365,45.22095,7.36155
4/17/2013,INV7804373,ELEMERA,P552415,10,10.3284,103.284,36,8.882424,88.82424,14.45976
4/17/2013,INV7804373,ELEMERA,P944324,100,4.0527,405.27,36,3.485322,348.5322,56.7378
4/17/2013,INV7804373,ELEMERA,P162024,10,2.7873,27.873,36,2.397078,23.97078,3.90222
4/17/2013,INV7804373,ELEMERA,P756362,10,9.4734,94.734,36,8.147124,81.47124,13.26276
4/17/2013,INV7804373,ELEMERA,P488928,20,3.2319,64.638,36,2.779434,55.58868,9.04932
4/17/2013,INV7804373,ELEMERA,P262055,10,3.2319,32.319,36,2.779434,27.79434,4.52466
4/17/2013,INV7804373,ELEMERA,P381754,10,6.9768,69.768,36,6.000048,60.00048,9.76752
4/17/2013,INV7804373,ELEMERA,P871027,1,345.3345,345.3345,36,296.98767,296.98767,48.34683
3/26/2013,INV7804505,ELEMERA,P132984,2,8.6184,17.2368,36,7.411824,14.823648,2.413152
3/26/2013,INV7804505,ELEMERA,P132984,2,8.6184,17.2368,36,7.411824,14.823648,2.413152
3/26/2013,INV7804505,ELEMERA,P404282,2,1.6245,3.249,36,1.39707,2.79414,0.45486
3/26/2013,INV7804505,ELEMERA,P383812,1,3.1464,3.1464,36,2.705904,2.705904,0.440496
3/26/2013,INV7804505,ELEMERA,P765168,2,58.1229,116.2458,36,49.985694,99.971388,16.274412
3/26/2013,INV7804505,ELEMERA,P982332,2,84.987,169.974,36,73.08882,146.17764,23.79636
3/26/2013,INV7804505,ELEMERA,P206343,1,6.2928,6.2928,36,5.411808,5.411808,0.880992
3/26/2013,INV7804505,ELEMERA,P907453,1,45.8109,45.8109,36,39.397374,39.397374,6.413526
3/26/2013,INV7804505,ELEMERA,P542150,1,4.9077,4.9077,36,4.220622,4.220622,0.687078
3/26/2013,INV7804505,ELEMERA,P834374,8,3.42,27.36,36,2.9412,23.5296,3.8304
3/26/2013,INV7804505,ELEMERA,P187862,1,7.353,7.353,36,6.32358,6.32358,1.02942
3/26/2013,INV7804505,ELEMERA,P374166,8,2.7018,21.6144,36,2.323548,18.588384,3.026016
3/26/2013,INV7804505,ELEMERA,P107912,2,3.6936,7.3872,36,3.176496,6.352992,1.034208
3/26/2013,INV7804505,ELEMERA,P975273,1,13.6629,13.6629,36,11.750094,11.750094,1.912806
3/26/2013,INV7804505,ELEMERA,P169578,1,17.2368,17.2368,36,14.823648,14.823648,2.413152
3/26/2013,INV7804505,ELEMERA,P275449,2,2.8728,5.7456,36,2.470608,4.941216,0.804384
3/26/2013,INV7804505,ELEMERA,P756362,2,9.4734,18.9468,36,8.147124,16.294248,2.652552
3/26/2013,INV7804505,ELEMERA,P398914,1,10.1745,10.1745,36,8.75007,8.75007,1.42443
3/26/2013,INV7804505,ELEMERA,P760458,2,3.4371,6.8742,36,2.955906,5.911812,0.962388
3/26/2013,INV7804505,ELEMERA,P415090,2,34.1316,68.2632,36,29.353176,58.706352,9.556848
3/26/2013,INV7804505,ELEMERA,P561494,2,3.0438,6.0876,36,2.617668,5.235336,0.852264
3/26/2013,INV7804505,ELEMERA,P974146,1,5.3694,5.3694,36,4.617684,4.617684,0.751716
12/9/2013,INV7803294,ELEMERA,P132984,1,8.6184,8.6184,36,7.411824,7.411824,1.206576
12/9/2013,INV7803294,ELEMERA,P427012,1,3.1464,3.1464,36,2.705904,2.705904,0.440496
12/9/2013,INV7803294,ELEMERA,P894330,1,1.9323,1.9323,36,1.661778,1.661778,0.270522
12/9/2013,INV7803294,ELEMERA,P486063,1,2.8557,2.8557,36,2.455902,2.455902,0.399798
12/9/2013,INV7803294,ELEMERA,P631783,1,41.9976,41.9976,36,36.117936,36.117936,5.879664
4/4/2014,INV7802066,ELEMERA,P132984,2,4.617,9.234,36,3.97062,7.94124,1.29276
4/4/2014,INV7802066,ELEMERA,P404282,1,1.6587,1.6587,36,1.426482,1.426482,0.232218
4/4/2014,INV7802066,ELEMERA,P383812,1,3.078,3.078,36,2.64708,2.64708,0.43092
4/4/2014,INV7802066,ELEMERA,P488198,1,3.0609,3.0609,36,2.632374,2.632374,0.428526
4/4/2014,INV7802066,ELEMERA,P332506,1,3.2319,3.2319,36,2.779434,2.779434,0.452466
4/4/2014,INV7802066,ELEMERA,P809696,2,3.2319,6.4638,36,2.779434,5.558868,0.904932
4/4/2014,INV7802066,ELEMERA,P809696,2,3.078,6.156,36,2.64708,5.29416,0.86184
4/4/2014,INV7802066,ELEMERA,P517396,2,3.078,6.156,36,2.64708,5.29416,0.86184
4/4/2014,INV7802066,ELEMERA,P517396,2,3.078,6.156,36,2.64708,5.29416,0.86184
4/4/2014,INV7802066,ELEMERA,P728185,1,6.4467,6.4467,36,5.544162,5.544162,0.902538
4/4/2014,INV7802066,ELEMERA,P723431,1,6.6348,6.6348,36,5.705928,5.705928,0.928872
4/4/2014,INV7802066,ELEMERA,P335051,1,3.0609,3.0609,36,2.632374,2.632374,0.428526
4/4/2014,INV7802066,ELEMERA,P542150,1,4.959,4.959,36,4.26474,4.26474,0.69426
4/4/2014,INV7802066,ELEMERA,P496337,1,2.8386,2.8386,36,2.441196,2.441196,0.397404
4/4/2014,INV7802066,ELEMERA,P496337,1,2.6676,2.6676,36,2.294136,2.294136,0.373464
4/4/2014,INV7802066,ELEMERA,P941359,1,3.2319,3.2319,36,2.779434,2.779434,0.452466
4/4/2014,INV7802066,ELEMERA,P374166,2,2.7702,5.5404,36,2.382372,4.764744,0.775656
4/4/2014,INV7802066,ELEMERA,P336192,1,2.223,2.223,36,1.91178,1.91178,0.31122
4/4/2014,INV7802066,ELEMERA,P107912,1,7.0452,7.0452,36,6.058872,6.058872,0.986328
4/4/2014,INV7802066,ELEMERA,P107912,1,6.84,6.84,36,5.8824,5.8824,0.9576
4/4/2014,INV7802066,ELEMERA,P644453,1,3.2832,3.2832,36,2.823552,2.823552,0.459648
4/4/2014,INV7802066,ELEMERA,P169578,1,17.271,17.271,36,14.85306,14.85306,2.41794
4/4/2014,INV7802066,ELEMERA,P169578,1,17.613,17.613,36,15.14718,15.14718,2.46582
4/4/2014,INV7802066,ELEMERA,P405692,1,2.736,2.736,36,2.35296,2.35296,0.38304
4/4/2014,INV7802066,ELEMERA,P871873,1,5.2668,5.2668,36,4.529448,4.529448,0.737352
4/4/2014,INV7802066,ELEMERA,P692534,1,3.933,3.933,36,3.38238,3.38238,0.55062
4/4/2014,INV7802066,ELEMERA,P630905,2,3.1122,6.2244,36,2.676492,5.352984,0.871416
4/4/2014,INV7802066,ELEMERA,P630905,2,2.9412,5.8824,36,2.529432,5.058864,0.823536
4/4/2014,INV7802066,ELEMERA,P463454,1,8.0541,8.0541,36,6.926526,6.926526,1.127574
4/4/2014,INV7802066,ELEMERA,P962140,2,4.788,9.576,36,4.11768,8.23536,1.34064
4/4/2014,INV7802066,ELEMERA,P962140,2,4.788,9.576,36,4.11768,8.23536,1.34064
4/4/2014,INV7802066,ELEMERA,P162024,1,3.078,3.078,36,2.64708,2.64708,0.43092
4/4/2014,INV7802066,ELEMERA,P756362,1,9.5418,9.5418,36,8.205948,8.205948,1.335852
4/4/2014,INV7802066,ELEMERA,P481001,1,2.8899,2.8899,36,2.485314,2.485314,0.404586
4/4/2014,INV7802066,ELEMERA,P612333,1,7.9344,7.9344,36,6.823584,6.823584,1.110816
4/4/2014,INV7802066,ELEMERA,P473703,1,2.5137,2.5137,36,2.161782,2.161782,0.351918
4/4/2014,INV7802066,ELEMERA,P426834,1,14.9967,14.9967,36,12.897162,12.897162,2.099538
4/4/2014,INV7802066,ELEMERA,P262055,2,3.3003,6.6006,36,2.838258,5.676516,0.924084
4/4/2014,INV7802066,ELEMERA,P400674,1,59.166,59.166,36,50.88276,50.88276,8.28324
4/4/2014,INV7802066,ELEMERA,P649002,1,2.3769,2.3769,36,2.044134,2.044134,0.332766
9/17/2014,INV7800885,ELEMERA,P132984,3,4.6683,14.0049,36,4.014738,12.044214,1.960686
9/17/2014,INV7800885,ELEMERA,P404282,1,1.6587,1.6587,36,1.426482,1.426482,0.232218
9/17/2014,INV7800885,ELEMERA,P383812,1,3.2319,3.2319,36,2.779434,2.779434,0.452466
9/17/2014,INV7800885,ELEMERA,P860046,1,3.8817,3.8817,36,3.338262,3.338262,0.543438
9/17/2014,INV7800885,ELEMERA,P326712,2,3.2319,6.4638,36,2.779434,5.558868,0.904932
9/17/2014,INV7800885,ELEMERA,P994554,1,7.8318,7.8318,36,6.735348,6.735348,1.096452
9/17/2014,INV7800885,ELEMERA,P536652,1,3.4884,3.4884,36,3.000024,3.000024,0.488376
9/17/2014,INV7800885,ELEMERA,P835244,1,6.3612,6.3612,36,5.470632,5.470632,0.890568
9/17/2014,INV7800885,ELEMERA,P488198,1,3.0609,3.0609,36,2.632374,2.632374,0.428526
9/17/2014,INV7800885,ELEMERA,P332506,1,2.7189,2.7189,36,2.338254,2.338254,0.380646
9/17/2014,INV7800885,ELEMERA,P809696,3,3.2319,9.6957,36,2.779434,8.338302,1.357398
9/17/2014,INV7800885,ELEMERA,P517396,1,3.0096,3.0096,36,2.588256,2.588256,0.421344
9/17/2014,INV7800885,ELEMERA,P749767,1,3.2319,3.2319,36,2.779434,2.779434,0.452466
9/17/2014,INV7800885,ELEMERA,P542150,2,5.0274,10.0548,36,4.323564,8.647128,1.407672
9/17/2014,INV7800885,ELEMERA,P941359,1,3.2319,3.2319,36,2.779434,2.779434,0.452466
9/17/2014,INV7800885,ELEMERA,P274150,1,7.5582,7.5582,36,6.500052,6.500052,1.058148
9/17/2014,INV7800885,ELEMERA,P107912,1,7.2162,7.2162,36,6.205932,6.205932,1.010268
9/17/2014,INV7800885,ELEMERA,P644453,1,3.2832,3.2832,36,2.823552,2.823552,0.459648
9/17/2014,INV7800885,ELEMERA,P169578,1,17.6643,17.6643,36,15.191298,15.191298,2.473002
9/17/2014,INV7800885,ELEMERA,P524277,1,17.6643,17.6643,36,15.191298,15.191298,2.473002
9/17/2014,INV7800885,ELEMERA,P712405,2,3.2319,6.4638,36,2.779434,5.558868,0.904932
9/17/2014,INV7800885,ELEMERA,P427012,1,3.2319,3.2319,36,2.779434,2.779434,0.452466
9/17/2014,INV7800885,ELEMERA,P894330,1,1.9836,1.9836,36,1.705896,1.705896,0.277704
9/17/2014,INV7800885,ELEMERA,P871873,1,5.2668,5.2668,36,4.529448,4.529448,0.737352
9/17/2014,INV7800885,ELEMERA,P486063,1,2.9412,2.9412,36,2.529432,2.529432,0.411768
9/17/2014,INV7800885,ELEMERA,P469755,2,5.8311,11.6622,36,5.014746,10.029492,1.632708
9/17/2014,INV7800885,ELEMERA,P962140,1,4.9419,4.9419,36,4.250034,4.250034,0.691866
9/17/2014,INV7800885,ELEMERA,P756362,1,9.7128,9.7128,36,8.353008,8.353008,1.359792
9/17/2014,INV7800885,ELEMERA,P942348,1,2.7873,2.7873,36,2.397078,2.397078,0.390222
10/23/2014,INV7800649,ELEMERA,P132984,2,4.6683,9.3366,36,4.014738,8.029476,1.307124
10/23/2014,INV7800649,ELEMERA,P404282,1,1.6587,1.6587,36,1.426482,1.426482,0.232218
10/23/2014,INV7800649,ELEMERA,P383812,1,3.2319,3.2319,36,2.779434,2.779434,0.452466
10/23/2014,INV7800649,ELEMERA,P860046,1,3.8817,3.8817,36,3.338262,3.338262,0.543438
10/23/2014,INV7800649,ELEMERA,P326712,2,3.2319,6.4638,36,2.779434,5.558868,0.904932
10/23/2014,INV7800649,ELEMERA,P994554,1,7.8318,7.8318,36,6.735348,6.735348,1.096452
10/23/2014,INV7800649,ELEMERA,P536652,1,3.4884,3.4884,36,3.000024,3.000024,0.488376
10/23/2014,INV7800649,ELEMERA,P206343,1,6.2928,6.2928,36,5.411808,5.411808,0.880992
10/23/2014,INV7800649,ELEMERA,P715622,4,3.9501,15.8004,36,3.397086,13.588344,2.212056
10/23/2014,INV7800649,ELEMERA,P488198,1,3.0609,3.0609,36,2.632374,2.632374,0.428526
10/23/2014,INV7800649,ELEMERA,P332506,1,2.7189,2.7189,36,2.338254,2.338254,0.380646
10/23/2014,INV7800649,ELEMERA,P809696,4,3.2319,12.9276,36,2.779434,11.117736,1.809864
10/23/2014,INV7800649,ELEMERA,P357042,1,7.9173,7.9173,36,6.808878,6.808878,1.108422
10/23/2014,INV7800649,ELEMERA,P517396,7,3.0096,21.0672,36,2.588256,18.117792,2.949408
10/23/2014,INV7800649,ELEMERA,P749767,1,3.2319,3.2319,36,2.779434,2.779434,0.452466
10/23/2014,INV7800649,ELEMERA,P787805,1,9.3537,9.3537,36,8.044182,8.044182,1.309518
10/23/2014,INV7800649,ELEMERA,P607504,2,2.7189,5.4378,36,2.338254,4.676508,0.761292
10/23/2014,INV7800649,ELEMERA,P335051,1,3.0609,3.0609,36,2.632374,2.632374,0.428526
10/23/2014,INV7800649,ELEMERA,P542150,2,5.0274,10.0548,36,4.323564,8.647128,1.407672
10/23/2014,INV7800649,ELEMERA,P941359,1,3.2319,3.2319,36,2.779434,2.779434,0.452466
10/23/2014,INV7800649,ELEMERA,P719919,1,2.5821,2.5821,36,2.220606,2.220606,0.361494
10/23/2014,INV7800649,ELEMERA,P374166,5,2.7189,13.5945,36,2.338254,11.69127,1.90323
10/23/2014,INV7800649,ELEMERA,P107912,1,7.2162,7.2162,36,6.205932,6.205932,1.010268
10/23/2014,INV7800649,ELEMERA,P644453,1,3.2832,3.2832,36,2.823552,2.823552,0.459648
10/23/2014,INV7800649,ELEMERA,P169578,1,17.6643,17.6643,36,15.191298,15.191298,2.473002
10/23/2014,INV7800649,ELEMERA,P349926,4,2.7189,10.8756,36,2.338254,9.353016,1.522584
10/23/2014,INV7800649,ELEMERA,P712405,2,3.2319,6.4638,36,2.779434,5.558868,0.904932
10/23/2014,INV7800649,ELEMERA,P405692,1,2.736,2.736,36,2.35296,2.35296,0.38304
10/23/2014,INV7800649,ELEMERA,P871873,1,5.2668,5.2668,36,4.529448,4.529448,0.737352
10/23/2014,INV7800649,ELEMERA,P124168,1,17.1855,17.1855,36,14.77953,14.77953,2.40597
10/23/2014,INV7800649,ELEMERA,P486063,1,2.9412,2.9412,36,2.529432,2.529432,0.411768
10/23/2014,INV7800649,ELEMERA,P469755,2,5.8311,11.6622,36,5.014746,10.029492,1.632708
10/23/2014,INV7800649,ELEMERA,P453681,1,4.7538,4.7538,36,4.088268,4.088268,0.665532
10/23/2014,INV7800649,ELEMERA,P962140,4,4.9419,19.7676,36,4.250034,17.000136,2.767464
10/23/2014,INV7800649,ELEMERA,P756362,1,22.6746,22.6746,36,19.500156,19.500156,3.174444
10/23/2014,INV7800649,ELEMERA,P481001,1,3.2319,3.2319,36,2.779434,2.779434,0.452466
10/23/2014,INV7800649,ELEMERA,P315997,1,17.1855,17.1855,36,14.77953,14.77953,2.40597
10/23/2014,INV7800649,ELEMERA,P560763,4,3.0096,12.0384,36,2.588256,10.353024,1.685376
10/23/2014,INV7800649,ELEMERA,P942348,1,2.7873,2.7873,36,2.397078,2.397078,0.390222
1/12/2014,INV7800374,ELEMERA,P132984,2,4.6683,9.3366,36,4.014738,8.029476,1.307124
1/12/2014,INV7800374,ELEMERA,P860046,1,3.8817,3.8817,36,3.338262,3.338262,0.543438
1/12/2014,INV7800374,ELEMERA,P326712,1,3.2319,3.2319,36,2.779434,2.779434,0.452466
1/12/2014,INV7800374,ELEMERA,P994554,1,7.8318,7.8318,36,6.735348,6.735348,1.096452
1/12/2014,INV7800374,ELEMERA,P536652,1,3.4884,3.4884,36,3.000024,3.000024,0.488376
1/12/2014,INV7800374,ELEMERA,P749767,1,3.2319,3.2319,36,2.779434,2.779434,0.452466
1/12/2014,INV7800374,ELEMERA,P542150,1,5.0274,5.0274,36,4.323564,4.323564,0.703836
1/12/2014,INV7800374,ELEMERA,P941359,1,3.2319,3.2319,36,2.779434,2.779434,0.452466
1/12/2014,INV7800374,ELEMERA,P107912,1,7.2162,7.2162,36,6.205932,6.205932,1.010268
1/12/2014,INV7800374,ELEMERA,P107912,1,7.2162,7.2162,36,6.205932,6.205932,1.010268
1/12/2014,INV7800374,ELEMERA,P644453,1,3.2832,3.2832,36,2.823552,2.823552,0.459648
1/12/2014,INV7800374,ELEMERA,P712405,2,3.2319,6.4638,36,2.779434,5.558868,0.904932
1/12/2014,INV7800374,ELEMERA,P427012,1,3.2319,3.2319,36,2.779434,2.779434,0.452466
1/12/2014,INV7800374,ELEMERA,P894330,1,1.9836,1.9836,36,1.705896,1.705896,0.277704
1/12/2014,INV7800374,ELEMERA,P486063,1,2.9412,2.9412,36,2.529432,2.529432,0.411768
1/12/2014,INV7800374,ELEMERA,P756362,1,22.6746,22.6746,36,19.500156,19.500156,3.174444
1/12/2014,INV7800374,ELEMERA,P481001,1,3.2319,3.2319,36,2.779434,2.779434,0.452466
12/17/2014,INV7800205,ELEMERA,P132984,2,4.6683,9.3366,36,4.014738,8.029476,1.307124
12/17/2014,INV7800205,ELEMERA,P404282,1,1.6587,1.6587,36,1.426482,1.426482,0.232218
12/17/2014,INV7800205,ELEMERA,P383812,1,3.2319,3.2319,36,2.779434,2.779434,0.452466
12/17/2014,INV7800205,ELEMERA,P860046,1,3.8817,3.8817,36,3.338262,3.338262,0.543438
12/17/2014,INV7800205,ELEMERA,P326712,2,3.2319,6.4638,36,2.779434,5.558868,0.904932
12/17/2014,INV7800205,ELEMERA,P994554,1,7.8318,7.8318,36,6.735348,6.735348,1.096452
12/17/2014,INV7800205,ELEMERA,P536652,1,3.4884,3.4884,36,3.000024,3.000024,0.488376
12/17/2014,INV7800205,ELEMERA,P488198,1,3.0609,3.0609,36,2.632374,2.632374,0.428526
12/17/2014,INV7800205,ELEMERA,P332506,1,2.7189,2.7189,36,2.338254,2.338254,0.380646
12/17/2014,INV7800205,ELEMERA,P809696,4,3.2319,12.9276,36,2.779434,11.117736,1.809864
12/17/2014,INV7800205,ELEMERA,P357042,1,7.9173,7.9173,36,6.808878,6.808878,1.108422
12/17/2014,INV7800205,ELEMERA,P994166,1,20.8107,20.8107,36,17.897202,17.897202,2.913498
12/17/2014,INV7800205,ELEMERA,P517396,7,3.0096,21.0672,36,2.588256,18.117792,2.949408
12/17/2014,INV7800205,ELEMERA,P749767,1,3.2319,3.2319,36,2.779434,2.779434,0.452466
12/17/2014,INV7800205,ELEMERA,P787805,1,9.3537,9.3537,36,8.044182,8.044182,1.309518
12/17/2014,INV7800205,ELEMERA,P607504,2,2.7189,5.4378,36,2.338254,4.676508,0.761292
12/17/2014,INV7800205,ELEMERA,P335051,1,3.0609,3.0609,36,2.632374,2.632374,0.428526
12/17/2014,INV7800205,ELEMERA,P542150,2,5.0274,10.0548,36,4.323564,8.647128,1.407672
12/17/2014,INV7800205,ELEMERA,P941359,1,3.2319,3.2319,36,2.779434,2.779434,0.452466
12/17/2014,INV7800205,ELEMERA,P719919,1,2.5821,2.5821,36,2.220606,2.220606,0.361494
12/17/2014,INV7800205,ELEMERA,P374166,5,2.7189,13.5945,36,2.338254,11.69127,1.90323
12/17/2014,INV7800205,ELEMERA,P107912,2,7.2162,14.4324,36,6.205932,12.411864,2.020536
12/17/2014,INV7800205,ELEMERA,P644453,1,3.2832,3.2832,36,2.823552,2.823552,0.459648
12/17/2014,INV7800205,ELEMERA,P169578,1,17.6643,17.6643,36,15.191298,15.191298,2.473002
12/17/2014,INV7800205,ELEMERA,P349926,4,2.7189,10.8756,36,2.338254,9.353016,1.522584
12/17/2014,INV7800205,ELEMERA,P712405,2,3.2319,6.4638,36,2.779434,5.558868,0.904932
12/17/2014,INV7800205,ELEMERA,P481737,4,2.8386,11.3544,36,2.441196,9.764784,1.589616
12/17/2014,INV7800205,ELEMERA,P405692,1,2.736,2.736,36,2.35296,2.35296,0.38304
12/17/2014,INV7800205,ELEMERA,P427012,1,3.2319,3.2319,36,2.779434,2.779434,0.452466
12/17/2014,INV7800205,ELEMERA,P894330,1,1.9836,1.9836,36,1.705896,1.705896,0.277704
12/17/2014,INV7800205,ELEMERA,P871873,1,5.2668,5.2668,36,4.529448,4.529448,0.737352
12/17/2014,INV7800205,ELEMERA,P486063,1,2.9412,2.9412,36,2.529432,2.529432,0.411768
12/17/2014,INV7800205,ELEMERA,P469755,2,5.8311,11.6622,36,5.014746,10.029492,1.632708
12/17/2014,INV7800205,ELEMERA,P692534,1,3.933,3.933,36,3.38238,3.38238,0.55062
12/17/2014,INV7800205,ELEMERA,P739343,2,20.0925,40.185,36,17.27955,34.5591,5.6259
12/17/2014,INV7800205,ELEMERA,P962140,4,4.9419,19.7676,36,4.250034,17.000136,2.767464
12/17/2014,INV7800205,ELEMERA,P756362,1,22.6746,22.6746,36,19.500156,19.500156,3.174444
12/17/2014,INV7800205,ELEMERA,P481001,1,3.2319,3.2319,36,2.779434,2.779434,0.452466
12/17/2014,INV7800205,ELEMERA,P315997,1,17.1855,17.1855,36,14.77953,14.77953,2.40597
12/17/2014,INV7800205,ELEMERA,P996512,1,4.7538,4.7538,36,4.088268,4.088268,0.665532
12/17/2014,INV7800205,ELEMERA,P227846,1,5.6088,5.6088,36,4.823568,4.823568,0.785232
12/17/2014,INV7800205,ELEMERA,P942348,1,2.7873,2.7873,36,2.397078,2.397078,0.390222
1/5/2015,INV7799342,ELEMERA,P132984,4,6.2073,24.8292,36,5.338278,21.353112,3.476088
1/5/2015,INV7799342,ELEMERA,P404282,2,3.3858,6.7716,36,2.911788,5.823576,0.948024
1/5/2015,INV7799342,ELEMERA,P834374,2,3.5055,7.011,36,3.01473,6.02946,0.98154
1/5/2015,INV7799342,ELEMERA,P107912,2,9.0117,18.0234,36,7.750062,15.500124,2.523276
1/5/2015,INV7799342,ELEMERA,P649002,2,5.4036,10.8072,36,4.647096,9.294192,1.513008
5/19/2015,INV7799170,ELEMERA,P132984,2,6.2073,12.4146,36,5.338278,10.676556,1.738044
5/19/2015,INV7799170,ELEMERA,P719604,1,38.475,38.475,36,33.0885,33.0885,5.3865
5/19/2015,INV7799170,ELEMERA,P834374,4,3.5055,14.022,36,3.01473,12.05892,1.96308
5/19/2015,INV7799170,ELEMERA,P169578,1,25.3935,25.3935,36,21.83841,21.83841,3.55509
5/19/2015,INV7799170,ELEMERA,P925421,2,130.644,261.288,36,112.35384,224.70768,36.58032
5/19/2015,INV7799170,ELEMERA,P992542,4,6.7887,27.1548,36,5.838282,23.353128,3.801672
5/19/2015,INV7799170,ELEMERA,P756362,2,22.6746,45.3492,36,19.500156,39.000312,6.348888
6/16/2015,INV7798993,ELEMERA,P132984,2,6.2073,12.4146,36,5.338278,10.676556,1.738044
6/16/2015,INV7798993,ELEMERA,P404282,1,3.3858,3.3858,36,2.911788,2.911788,0.474012
6/16/2015,INV7798993,ELEMERA,P383812,1,3.3858,3.3858,36,2.911788,2.911788,0.474012
6/16/2015,INV7798993,ELEMERA,P860046,1,3.8817,3.8817,36,3.338262,3.338262,0.543438
6/16/2015,INV7798993,ELEMERA,P326712,2,3.2319,6.4638,36,2.779434,5.558868,0.904932
6/16/2015,INV7798993,ELEMERA,P994554,1,9.0117,9.0117,36,7.750062,7.750062,1.261638
6/16/2015,INV7798993,ELEMERA,P536652,1,3.4884,3.4884,36,3.000024,3.000024,0.488376
6/16/2015,INV7798993,ELEMERA,P206343,1,6.2928,6.2928,36,5.411808,5.411808,0.880992
6/16/2015,INV7798993,ELEMERA,P715622,4,3.9501,15.8004,36,3.397086,13.588344,2.212056
6/16/2015,INV7798993,ELEMERA,P488198,1,3.0609,3.0609,36,2.632374,2.632374,0.428526
6/16/2015,INV7798993,ELEMERA,P332506,1,3.3858,3.3858,36,2.911788,2.911788,0.474012
6/16/2015,INV7798993,ELEMERA,P809696,4,3.2319,12.9276,36,2.779434,11.117736,1.809864
6/16/2015,INV7798993,ELEMERA,P357042,1,7.9173,7.9173,36,6.808878,6.808878,1.108422
6/16/2015,INV7798993,ELEMERA,P994166,1,20.8107,20.8107,36,17.897202,17.897202,2.913498
6/16/2015,INV7798993,ELEMERA,P517396,7,3.0096,21.0672,36,2.588256,18.117792,2.949408
6/16/2015,INV7798993,ELEMERA,P749767,1,3.2319,3.2319,36,2.779434,2.779434,0.452466
6/16/2015,INV7798993,ELEMERA,P787805,1,9.3537,9.3537,36,8.044182,8.044182,1.309518
6/16/2015,INV7798993,ELEMERA,P607504,2,3.3858,6.7716,36,2.911788,5.823576,0.948024
6/16/2015,INV7798993,ELEMERA,P335051,1,3.0609,3.0609,36,2.632374,2.632374,0.428526
6/16/2015,INV7798993,ELEMERA,P542150,2,5.0274,10.0548,36,4.323564,8.647128,1.407672
6/16/2015,INV7798993,ELEMERA,P941359,1,3.2319,3.2319,36,2.779434,2.779434,0.452466
6/16/2015,INV7798993,ELEMERA,P719919,1,2.5821,2.5821,36,2.220606,2.220606,0.361494
6/16/2015,INV7798993,ELEMERA,P374166,5,3.3858,16.929,36,2.911788,14.55894,2.37006
6/16/2015,INV7798993,ELEMERA,P107912,2,9.0117,18.0234,36,7.750062,15.500124,2.523276
6/16/2015,INV7798993,ELEMERA,P644453,1,3.2832,3.2832,36,2.823552,2.823552,0.459648
6/16/2015,INV7798993,ELEMERA,P169578,1,25.3935,25.3935,36,21.83841,21.83841,3.55509
6/16/2015,INV7798993,ELEMERA,P349926,4,2.7189,10.8756,36,2.338254,9.353016,1.522584
6/16/2015,INV7798993,ELEMERA,P712405,2,3.2319,6.4638,36,2.779434,5.558868,0.904932
6/16/2015,INV7798993,ELEMERA,P481737,4,2.8386,11.3544,36,2.441196,9.764784,1.589616
6/16/2015,INV7798993,ELEMERA,P405692,1,2.736,2.736,36,2.35296,2.35296,0.38304
6/16/2015,INV7798993,ELEMERA,P427012,1,3.2319,3.2319,36,2.779434,2.779434,0.452466
6/16/2015,INV7798993,ELEMERA,P894330,1,1.9836,1.9836,36,1.705896,1.705896,0.277704
6/16/2015,INV7798993,ELEMERA,P871873,1,5.2668,5.2668,36,4.529448,4.529448,0.737352
6/16/2015,INV7798993,ELEMERA,P486063,1,2.9412,2.9412,36,2.529432,2.529432,0.411768
6/16/2015,INV7798993,ELEMERA,P469755,2,3.762,7.524,36,3.23532,6.47064,1.05336
6/16/2015,INV7798993,ELEMERA,P692534,1,3.933,3.933,36,3.38238,3.38238,0.55062
6/16/2015,INV7798993,ELEMERA,P739343,2,22.1787,44.3574,36,19.073682,38.147364,6.210036
6/16/2015,INV7798993,ELEMERA,P962140,4,4.9419,19.7676,36,4.250034,17.000136,2.767464
6/16/2015,INV7798993,ELEMERA,P756362,1,22.6746,22.6746,36,19.500156,19.500156,3.174444
6/16/2015,INV7798993,ELEMERA,P481001,1,3.2319,3.2319,36,2.779434,2.779434,0.452466
6/16/2015,INV7798993,ELEMERA,P315997,1,17.1855,17.1855,36,14.77953,14.77953,2.40597
6/16/2015,INV7798993,ELEMERA,P996512,1,4.7538,4.7538,36,4.088268,4.088268,0.665532
6/16/2015,INV7798993,ELEMERA,P227846,1,5.6088,5.6088,36,4.823568,4.823568,0.785232
6/16/2015,INV7798993,ELEMERA,P942348,1,3.762,3.762,36,3.23532,3.23532,0.52668
6/16/2015,INV7798993,ELEMERA,P881920,2,3.3858,6.7716,36,2.911788,5.823576,0.948024
6/15/2015,INV7799001,ELEMERA,P132984,2,6.2073,12.4146,36,5.338278,10.676556,1.738044
6/15/2015,INV7799001,ELEMERA,P404282,1,3.3858,3.3858,36,2.911788,2.911788,0.474012
6/15/2015,INV7799001,ELEMERA,P383812,1,3.3858,3.3858,36,2.911788,2.911788,0.474012
6/15/2015,INV7799001,ELEMERA,P287800,1,16.3476,16.3476,36,14.058936,14.058936,2.288664
6/15/2015,INV7799001,ELEMERA,P719604,1,42.4422,42.4422,36,36.500292,36.500292,5.941908
6/15/2015,INV7799001,ELEMERA,P488198,1,3.0609,3.0609,36,2.632374,2.632374,0.428526
6/15/2015,INV7799001,ELEMERA,P332506,1,3.3858,3.3858,36,2.911788,2.911788,0.474012
6/15/2015,INV7799001,ELEMERA,P517396,4,3.0096,12.0384,36,2.588256,10.353024,1.685376
6/15/2015,INV7799001,ELEMERA,P607504,2,3.3858,6.7716,36,2.911788,5.823576,0.948024
6/15/2015,INV7799001,ELEMERA,P335051,1,3.0609,3.0609,36,2.632374,2.632374,0.428526
6/15/2015,INV7799001,ELEMERA,P542150,2,5.0274,10.0548,36,4.323564,8.647128,1.407672
6/15/2015,INV7799001,ELEMERA,P834374,4,3.5055,14.022,36,3.01473,12.05892,1.96308
6/15/2015,INV7799001,ELEMERA,P496337,2,2.8386,5.6772,36,2.441196,4.882392,0.794808
6/15/2015,INV7799001,ELEMERA,P187862,1,7.5411,7.5411,36,6.485346,6.485346,1.055754
6/15/2015,INV7799001,ELEMERA,P374166,8,3.3858,27.0864,36,2.911788,23.294304,3.792096
6/15/2015,INV7799001,ELEMERA,P336192,1,2.2572,2.2572,36,1.941192,1.941192,0.316008
6/15/2015,INV7799001,ELEMERA,P107912,2,9.0117,18.0234,36,7.750062,15.500124,2.523276
6/15/2015,INV7799001,ELEMERA,P644453,1,3.2832,3.2832,36,2.823552,2.823552,0.459648
6/15/2015,INV7799001,ELEMERA,P405692,1,2.736,2.736,36,2.35296,2.35296,0.38304
6/15/2015,INV7799001,ELEMERA,P962140,4,4.9419,19.7676,36,4.250034,17.000136,2.767464
6/15/2015,INV7799001,ELEMERA,P488928,4,3.0096,12.0384,36,2.588256,10.353024,1.685376
6/15/2015,INV7799001,ELEMERA,P262055,1,3.762,3.762,36,3.23532,3.23532,0.52668
6/15/2015,INV7799001,ELEMERA,P590307,1,91.0404,91.0404,36,78.294744,78.294744,12.745656
6/15/2015,INV7799001,ELEMERA,P344829,2,2.7702,5.5404,36,2.382372,4.764744,0.775656
2/7/2015,INV7798845,ELEMERA,P132984,2,6.2073,12.4146,36,5.338278,10.676556,1.738044
2/7/2015,INV7798845,ELEMERA,P253339,2,247.95,495.9,36,213.237,426.474,69.426
2/7/2015,INV7798845,ELEMERA,P380695,1,374.0283,374.0283,36,321.664338,321.664338,52.363962
6/30/2015,INV7798868,ELEMERA,P132984,1,6.2073,6.2073,36,5.338278,5.338278,0.869022
6/30/2015,INV7798868,ELEMERA,P536652,1,3.4884,3.4884,36,3.000024,3.000024,0.488376
6/30/2015,INV7798868,ELEMERA,P715622,2,3.9501,7.9002,36,3.397086,6.794172,1.106028
6/30/2015,INV7798868,ELEMERA,P794837,2,2.3427,4.6854,36,2.014722,4.029444,0.655956
6/30/2015,INV7798868,ELEMERA,P486165,1,58.8924,58.8924,36,50.647464,50.647464,8.244936
6/30/2015,INV7798868,ELEMERA,P783976,1,1.8126,1.8126,36,1.558836,1.558836,0.253764
6/30/2015,INV7798868,ELEMERA,P107912,2,9.0117,18.0234,36,7.750062,15.500124,2.523276
6/30/2015,INV7798868,ELEMERA,P469755,1,3.762,3.762,36,3.23532,3.23532,0.52668
6/30/2015,INV7798868,ELEMERA,P382284,1,32.1309,32.1309,36,27.632574,27.632574,4.498326
1/7/2015,INV7798853,ELEMERA,P132984,2,6.2073,12.4146,36,5.338278,10.676556,1.738044
1/7/2015,INV7798853,ELEMERA,P404282,1,3.3858,3.3858,36,2.911788,2.911788,0.474012
1/7/2015,INV7798853,ELEMERA,P759015,1,135.5517,135.5517,36,116.574462,116.574462,18.977238
1/7/2015,INV7798853,ELEMERA,P383812,1,3.3858,3.3858,36,2.911788,2.911788,0.474012
1/7/2015,INV7798853,ELEMERA,P860046,1,3.8817,3.8817,36,3.338262,3.338262,0.543438
1/7/2015,INV7798853,ELEMERA,P326712,2,3.2319,6.4638,36,2.779434,5.558868,0.904932
1/7/2015,INV7798853,ELEMERA,P994554,1,9.0117,9.0117,36,7.750062,7.750062,1.261638
1/7/2015,INV7798853,ELEMERA,P536652,1,3.4884,3.4884,36,3.000024,3.000024,0.488376
1/7/2015,INV7798853,ELEMERA,P835244,1,6.3612,6.3612,36,5.470632,5.470632,0.890568
1/7/2015,INV7798853,ELEMERA,P488198,1,3.0609,3.0609,36,2.632374,2.632374,0.428526
1/7/2015,INV7798853,ELEMERA,P332506,1,3.3858,3.3858,36,2.911788,2.911788,0.474012
1/7/2015,INV7798853,ELEMERA,P809696,4,3.2319,12.9276,36,2.779434,11.117736,1.809864
1/7/2015,INV7798853,ELEMERA,P994166,2,20.8107,41.6214,36,17.897202,35.794404,5.826996
1/7/2015,INV7798853,ELEMERA,P794837,4,2.3427,9.3708,36,2.014722,8.058888,1.311912
1/7/2015,INV7798853,ELEMERA,P517396,4,3.0096,12.0384,36,2.588256,10.353024,1.685376
1/7/2015,INV7798853,ELEMERA,P749767,1,3.2319,3.2319,36,2.779434,2.779434,0.452466
1/7/2015,INV7798853,ELEMERA,P542150,2,5.0274,10.0548,36,4.323564,8.647128,1.407672
1/7/2015,INV7798853,ELEMERA,P941359,1,3.2319,3.2319,36,2.779434,2.779434,0.452466
1/7/2015,INV7798853,ELEMERA,P719919,1,2.5821,2.5821,36,2.220606,2.220606,0.361494
1/7/2015,INV7798853,ELEMERA,P274150,1,7.5582,7.5582,36,6.500052,6.500052,1.058148
1/7/2015,INV7798853,ELEMERA,P783976,4,1.8126,7.2504,36,1.558836,6.235344,1.015056
1/7/2015,INV7798853,ELEMERA,P374166,2,3.3858,6.7716,36,2.911788,5.823576,0.948024
1/7/2015,INV7798853,ELEMERA,P107912,4,9.0117,36.0468,36,7.750062,31.000248,5.046552
1/7/2015,INV7798853,ELEMERA,P644453,1,3.2832,3.2832,36,2.823552,2.823552,0.459648
1/7/2015,INV7798853,ELEMERA,P169578,1,25.3935,25.3935,36,21.83841,21.83841,3.55509
1/7/2015,INV7798853,ELEMERA,P524277,1,7.3188,7.3188,36,6.294168,6.294168,1.024632
1/7/2015,INV7798853,ELEMERA,P712405,2,3.2319,6.4638,36,2.779434,5.558868,0.904932
1/7/2015,INV7798853,ELEMERA,P405692,1,2.736,2.736,36,2.35296,2.35296,0.38304
1/7/2015,INV7798853,ELEMERA,P427012,1,3.2319,3.2319,36,2.779434,2.779434,0.452466
1/7/2015,INV7798853,ELEMERA,P894330,1,1.9836,1.9836,36,1.705896,1.705896,0.277704
1/7/2015,INV7798853,ELEMERA,P871873,1,5.2668,5.2668,36,4.529448,4.529448,0.737352
1/7/2015,INV7798853,ELEMERA,P794615,3,13.2183,39.6549,36,11.367738,34.103214,5.551686
1/7/2015,INV7798853,ELEMERA,P486063,1,2.9412,2.9412,36,2.529432,2.529432,0.411768
1/7/2015,INV7798853,ELEMERA,P469755,4,3.762,15.048,36,3.23532,12.94128,2.10672
1/7/2015,INV7798853,ELEMERA,P258326,2,34.9695,69.939,36,30.07377,60.14754,9.79146
1/7/2015,INV7798853,ELEMERA,P166334,2,15.6636,31.3272,36,13.470696,26.941392,4.385808
1/7/2015,INV7798853,ELEMERA,P660682,4,6.8229,27.2916,36,5.867694,23.470776,3.820824
1/7/2015,INV7798853,ELEMERA,P692534,1,3.933,3.933,36,3.38238,3.38238,0.55062
1/7/2015,INV7798853,ELEMERA,P962140,4,4.9419,19.7676,36,4.250034,17.000136,2.767464
1/7/2015,INV7798853,ELEMERA,P756362,1,22.6746,22.6746,36,19.500156,19.500156,3.174444
1/7/2015,INV7798853,ELEMERA,P942348,1,3.762,3.762,36,3.23532,3.23532,0.52668
7/23/2015,INV7798606,ELEMERA,P132984,4,6.2073,24.8292,36,5.338278,21.353112,3.476088
7/23/2015,INV7798606,ELEMERA,P253339,4,247.95,991.8,36,213.237,852.948,138.852
7/23/2015,INV7798606,ELEMERA,P326712,4,3.2319,12.9276,36,2.779434,11.117736,1.809864
7/23/2015,INV7798606,ELEMERA,P835244,4,6.3612,25.4448,36,5.470632,21.882528,3.562272
7/23/2015,INV7798606,ELEMERA,P332506,4,3.3858,13.5432,36,2.911788,11.647152,1.896048
7/23/2015,INV7798606,ELEMERA,P753920,2,2.7531,5.5062,36,2.367666,4.735332,0.770868
7/23/2015,INV7798606,ELEMERA,P274150,4,7.5582,30.2328,36,6.500052,26.000208,4.232592
7/23/2015,INV7798606,ELEMERA,P199129,2,85.5342,171.0684,36,73.559412,147.118824,23.949576
7/23/2015,INV7798606,ELEMERA,P107912,4,9.0117,36.0468,36,7.750062,31.000248,5.046552
7/23/2015,INV7798606,ELEMERA,P142677,1,1782.9486,1782.9486,36,1533.335796,1533.335796,249.612804
7/23/2015,INV7798606,ELEMERA,P469755,4,3.762,15.048,36,3.23532,12.94128,2.10672
7/23/2015,INV7798606,ELEMERA,P335392,4,3.2319,12.9276,36,2.779434,11.117736,1.809864
7/23/2015,INV7798606,ELEMERA,P330114,2,33.3792,66.7584,36,28.706112,57.412224,9.346176
7/23/2015,INV7798606,ELEMERA,P156426,1,117.2376,117.2376,36,100.824336,100.824336,16.413264
7/23/2015,INV7798606,ELEMERA,P942641,8,31.3272,250.6176,36,26.941392,215.531136,35.086464
7/23/2015,INV7798606,ELEMERA,P728275,1,26.8812,26.8812,36,23.117832,23.117832,3.763368
10/7/2015,INV7798774,ELEMERA,P132984,2,6.2073,12.4146,36,5.338278,10.676556,1.738044
10/7/2015,INV7798774,ELEMERA,P404282,1,3.3858,3.3858,36,2.911788,2.911788,0.474012
10/7/2015,INV7798774,ELEMERA,P383812,1,3.3858,3.3858,36,2.911788,2.911788,0.474012
10/7/2015,INV7798774,ELEMERA,P860046,1,3.8817,3.8817,36,3.338262,3.338262,0.543438
10/7/2015,INV7798774,ELEMERA,P326712,2,3.2319,6.4638,36,2.779434,5.558868,0.904932
10/7/2015,INV7798774,ELEMERA,P994554,1,9.0117,9.0117,36,7.750062,7.750062,1.261638
10/7/2015,INV7798774,ELEMERA,P536652,1,3.4884,3.4884,36,3.000024,3.000024,0.488376
10/7/2015,INV7798774,ELEMERA,P206343,1,6.2928,6.2928,36,5.411808,5.411808,0.880992
10/7/2015,INV7798774,ELEMERA,P715622,4,3.9501,15.8004,36,3.397086,13.588344,2.212056
10/7/2015,INV7798774,ELEMERA,P488198,1,3.0609,3.0609,36,2.632374,2.632374,0.428526
10/7/2015,INV7798774,ELEMERA,P332506,1,3.3858,3.3858,36,2.911788,2.911788,0.474012
10/7/2015,INV7798774,ELEMERA,P809696,4,3.2319,12.9276,36,2.779434,11.117736,1.809864
10/7/2015,INV7798774,ELEMERA,P357042,1,7.9173,7.9173,36,6.808878,6.808878,1.108422
10/7/2015,INV7798774,ELEMERA,P994166,1,20.8107,20.8107,36,17.897202,17.897202,2.913498
10/7/2015,INV7798774,ELEMERA,P517396,7,3.0096,21.0672,36,2.588256,18.117792,2.949408
10/7/2015,INV7798774,ELEMERA,P749767,1,3.2319,3.2319,36,2.779434,2.779434,0.452466
10/7/2015,INV7798774,ELEMERA,P607504,2,3.3858,6.7716,36,2.911788,5.823576,0.948024
10/7/2015,INV7798774,ELEMERA,P335051,1,3.0609,3.0609,36,2.632374,2.632374,0.428526
10/7/2015,INV7798774,ELEMERA,P542150,2,5.0274,10.0548,36,4.323564,8.647128,1.407672
10/7/2015,INV7798774,ELEMERA,P941359,1,3.2319,3.2319,36,2.779434,2.779434,0.452466
10/7/2015,INV7798774,ELEMERA,P719919,1,2.5821,2.5821,36,2.220606,2.220606,0.361494
10/7/2015,INV7798774,ELEMERA,P374166,5,3.3858,16.929,36,2.911788,14.55894,2.37006
10/7/2015,INV7798774,ELEMERA,P107912,2,9.0117,18.0234,36,7.750062,15.500124,2.523276
10/7/2015,INV7798774,ELEMERA,P644453,1,3.2832,3.2832,36,2.823552,2.823552,0.459648
10/7/2015,INV7798774,ELEMERA,P169578,1,25.3935,25.3935,36,21.83841,21.83841,3.55509
10/7/2015,INV7798774,ELEMERA,P712405,2,3.2319,6.4638,36,2.779434,5.558868,0.904932
10/7/2015,INV7798774,ELEMERA,P481737,4,2.8386,11.3544,36,2.441196,9.764784,1.589616
10/7/2015,INV7798774,ELEMERA,P405692,1,2.736,2.736,36,2.35296,2.35296,0.38304
10/7/2015,INV7798774,ELEMERA,P427012,1,3.2319,3.2319,36,2.779434,2.779434,0.452466
10/7/2015,INV7798774,ELEMERA,P894330,1,1.9836,1.9836,36,1.705896,1.705896,0.277704
10/7/2015,INV7798774,ELEMERA,P871873,1,5.2668,5.2668,36,4.529448,4.529448,0.737352
10/7/2015,INV7798774,ELEMERA,P486063,1,2.9412,2.9412,36,2.529432,2.529432,0.411768
10/7/2015,INV7798774,ELEMERA,P469755,2,3.762,7.524,36,3.23532,6.47064,1.05336
10/7/2015,INV7798774,ELEMERA,P692534,1,3.933,3.933,36,3.38238,3.38238,0.55062
10/7/2015,INV7798774,ELEMERA,P739343,2,22.1787,44.3574,36,19.073682,38.147364,6.210036
10/7/2015,INV7798774,ELEMERA,P962140,4,4.9419,19.7676,36,4.250034,17.000136,2.767464
10/7/2015,INV7798774,ELEMERA,P756362,1,22.6746,22.6746,36,19.500156,19.500156,3.174444
10/7/2015,INV7798774,ELEMERA,P481001,1,3.2319,3.2319,36,2.779434,2.779434,0.452466
10/7/2015,INV7798774,ELEMERA,P315997,1,17.1855,17.1855,36,14.77953,14.77953,2.40597
10/7/2015,INV7798774,ELEMERA,P227846,1,5.6088,5.6088,36,4.823568,4.823568,0.785232
10/7/2015,INV7798774,ELEMERA,P942348,1,3.762,3.762,36,3.23532,3.23532,0.52668
10/7/2015,INV7798774,ELEMERA,P153444,1,9.0972,9.0972,36,7.823592,7.823592,1.273608
10/7/2015,INV7798774,ELEMERA,P924320,1,6.0705,6.0705,36,5.22063,5.22063,0.84987
10/7/2015,INV7798774,ELEMERA,P659260,1,5.7285,5.7285,36,4.92651,4.92651,0.80199
10/7/2015,INV7798773,ELEMERA,P132984,2,6.2073,12.4146,36,5.338278,10.676556,1.738044
10/7/2015,INV7798773,ELEMERA,P536652,1,3.4884,3.4884,36,3.000024,3.000024,0.488376
10/7/2015,INV7798773,ELEMERA,P715622,2,3.9501,7.9002,36,3.397086,6.794172,1.106028
10/7/2015,INV7798773,ELEMERA,P517396,4,3.0096,12.0384,36,2.588256,10.353024,1.685376
10/7/2015,INV7798773,ELEMERA,P783976,1,1.8126,1.8126,36,1.558836,1.558836,0.253764
10/7/2015,INV7798773,ELEMERA,P644453,1,3.2832,3.2832,36,2.823552,2.823552,0.459648
10/7/2015,INV7798773,ELEMERA,P169578,1,25.3935,25.3935,36,21.83841,21.83841,3.55509
10/7/2015,INV7798773,ELEMERA,P962140,2,4.9419,9.8838,36,4.250034,8.500068,1.383732
7/23/2015,INV7798609,ELEMERA,P132984,2,6.2073,12.4146,36,5.338278,10.676556,1.738044
7/23/2015,INV7798609,ELEMERA,P253339,4,247.95,991.8,36,213.237,852.948,138.852
7/23/2015,INV7798609,ELEMERA,P860046,1,3.8817,3.8817,36,3.338262,3.338262,0.543438
7/23/2015,INV7798609,ELEMERA,P326712,2,3.2319,6.4638,36,2.779434,5.558868,0.904932
7/23/2015,INV7798609,ELEMERA,P836629,1,29.8224,29.8224,36,25.647264,25.647264,4.175136
7/23/2015,INV7798609,ELEMERA,P536652,2,3.4884,6.9768,36,3.000024,6.000048,0.976752
7/23/2015,INV7798609,ELEMERA,P835244,1,6.3612,6.3612,36,5.470632,5.470632,0.890568
7/23/2015,INV7798609,ELEMERA,P794837,4,2.3427,9.3708,36,2.014722,8.058888,1.311912
7/23/2015,INV7798609,ELEMERA,P749767,1,3.2319,3.2319,36,2.779434,2.779434,0.452466
7/23/2015,INV7798609,ELEMERA,P371535,1,24.8463,24.8463,36,21.367818,21.367818,3.478482
7/23/2015,INV7798609,ELEMERA,P941359,2,3.2319,6.4638,36,2.779434,5.558868,0.904932
7/23/2015,INV7798609,ELEMERA,P274150,1,7.5582,7.5582,36,6.500052,6.500052,1.058148
7/23/2015,INV7798609,ELEMERA,P783976,4,1.8126,7.2504,36,1.558836,6.235344,1.015056
7/23/2015,INV7798609,ELEMERA,P107912,2,9.0117,18.0234,36,7.750062,15.500124,2.523276
7/23/2015,INV7798609,ELEMERA,P644453,1,3.2832,3.2832,36,2.823552,2.823552,0.459648
7/23/2015,INV7798609,ELEMERA,P524277,1,7.3188,7.3188,36,6.294168,6.294168,1.024632
7/23/2015,INV7798609,ELEMERA,P871873,1,5.2668,5.2668,36,4.529448,4.529448,0.737352
7/23/2015,INV7798609,ELEMERA,P486063,1,2.9412,2.9412,36,2.529432,2.529432,0.411768
7/23/2015,INV7798609,ELEMERA,P756362,1,22.6746,22.6746,36,19.500156,19.500156,3.174444
7/23/2015,INV7798609,ELEMERA,P514463,1,162.3474,162.3474,36,139.618764,139.618764,22.728636
7/21/2015,INV7798669,ELEMERA,P132984,1,6.2073,6.2073,36,5.338278,5.338278,0.869022
7/21/2015,INV7798669,ELEMERA,P536652,1,3.4884,3.4884,36,3.000024,3.000024,0.488376
7/21/2015,INV7798669,ELEMERA,P332506,1,3.3858,3.3858,36,2.911788,2.911788,0.474012
7/21/2015,INV7798669,ELEMERA,P719919,1,2.5821,2.5821,36,2.220606,2.220606,0.361494
7/21/2015,INV7798669,ELEMERA,P169578,1,25.3935,25.3935,36,21.83841,21.83841,3.55509
7/21/2015,INV7798669,ELEMERA,P712405,1,3.2319,3.2319,36,2.779434,2.779434,0.452466
7/21/2015,INV7798669,ELEMERA,P942348,1,3.762,3.762,36,3.23532,3.23532,0.52668
7/24/2015,INV7798596,ELEMERA,P132984,2,6.2073,12.4146,36,5.338278,10.676556,1.738044
7/24/2015,INV7798596,ELEMERA,P404282,1,3.3858,3.3858,36,2.911788,2.911788,0.474012
7/24/2015,INV7798596,ELEMERA,P753309,1,17.8011,17.8011,36,15.308946,15.308946,2.492154
7/24/2015,INV7798596,ELEMERA,P326712,2,3.2319,6.4638,36,2.779434,5.558868,0.904932
7/24/2015,INV7798596,ELEMERA,P896509,1,11.6793,11.6793,36,10.044198,10.044198,1.635102
7/24/2015,INV7798596,ELEMERA,P994554,1,9.0117,9.0117,36,7.750062,7.750062,1.261638
7/24/2015,INV7798596,ELEMERA,P794837,4,2.3427,9.3708,36,2.014722,8.058888,1.311912
7/24/2015,INV7798596,ELEMERA,P749767,1,3.2319,3.2319,36,2.779434,2.779434,0.452466
7/24/2015,INV7798596,ELEMERA,P941359,2,3.2319,6.4638,36,2.779434,5.558868,0.904932
7/24/2015,INV7798596,ELEMERA,P274150,1,7.5582,7.5582,36,6.500052,6.500052,1.058148
7/24/2015,INV7798596,ELEMERA,P783976,4,1.8126,7.2504,36,1.558836,6.235344,1.015056
7/24/2015,INV7798596,ELEMERA,P107912,2,9.0117,18.0234,36,7.750062,15.500124,2.523276
7/24/2015,INV7798596,ELEMERA,P644453,1,3.2832,3.2832,36,2.823552,2.823552,0.459648
7/24/2015,INV7798596,ELEMERA,P894330,1,1.9836,1.9836,36,1.705896,1.705896,0.277704
7/24/2015,INV7798596,ELEMERA,P486063,1,2.9412,2.9412,36,2.529432,2.529432,0.411768
7/24/2015,INV7798596,ELEMERA,P469755,1,3.762,3.762,36,3.23532,3.23532,0.52668
7/24/2015,INV7798596,ELEMERA,P756362,1,22.6746,22.6746,36,19.500156,19.500156,3.174444
7/24/2015,INV7798596,ELEMERA,P464371,1,3.7791,3.7791,36,3.250026,3.250026,0.529074
7/24/2015,INV7798596,ELEMERA,P965332,1,22.9482,22.9482,36,19.735452,19.735452,3.212748
7/24/2015,INV7798596,ELEMERA,P584510,1,14.6376,14.6376,36,12.588336,12.588336,2.049264
7/24/2015,INV7798596,ELEMERA,P200775,1,37.1583,37.1583,36,31.956138,31.956138,5.202162
7/24/2015,INV7798596,ELEMERA,P656046,1,21.204,21.204,36,18.23544,18.23544,2.96856
7/27/2015,INV7798563,ELEMERA,P132984,4,6.2073,24.8292,36,5.338278,21.353112,3.476088
7/27/2015,INV7798563,ELEMERA,P404282,4,3.3858,13.5432,36,2.911788,11.647152,1.896048
7/27/2015,INV7798563,ELEMERA,P287800,2,16.3476,32.6952,36,14.058936,28.117872,4.577328
7/27/2015,INV7798563,ELEMERA,P994554,4,9.0117,36.0468,36,7.750062,31.000248,5.046552
7/27/2015,INV7798563,ELEMERA,P536652,2,3.4884,6.9768,36,3.000024,6.000048,0.976752
7/27/2015,INV7798563,ELEMERA,P749767,4,3.2319,12.9276,36,2.779434,11.117736,1.809864
7/27/2015,INV7798563,ELEMERA,P506081,4,7.524,30.096,36,6.47064,25.88256,4.21344
7/27/2015,INV7798563,ELEMERA,P733663,2,2.2572,4.5144,36,1.941192,3.882384,0.632016
7/27/2015,INV7798563,ELEMERA,P493724,2,333.45,666.9,36,286.767,573.534,93.366
7/27/2015,INV7798563,ELEMERA,P481737,8,2.8386,22.7088,36,2.441196,19.529568,3.179232
7/27/2015,INV7798563,ELEMERA,P124168,2,7.182,14.364,36,6.17652,12.35304,2.01096
7/27/2015,INV7798563,ELEMERA,P739343,4,22.1787,88.7148,36,19.073682,76.294728,12.420072
7/27/2015,INV7798563,ELEMERA,P936096,4,13.4406,53.7624,36,11.558916,46.235664,7.526736
7/27/2015,INV7798563,ELEMERA,P996512,2,4.7538,9.5076,36,4.088268,8.176536,1.331064
7/27/2015,INV7798563,ELEMERA,P446785,1,89.6895,89.6895,36,77.13297,77.13297,12.55653
12/8/2015,INV7798362,ELEMERA,P132984,2,6.2073,12.4146,36,5.338278,10.676556,1.738044
12/8/2015,INV7798362,ELEMERA,P404282,1,3.3858,3.3858,36,2.911788,2.911788,0.474012
12/8/2015,INV7798362,ELEMERA,P835244,1,6.3612,6.3612,36,5.470632,5.470632,0.890568
12/8/2015,INV7798362,ELEMERA,P794837,4,3.3858,13.5432,36,2.911788,11.647152,1.896048
12/8/2015,INV7798362,ELEMERA,P749767,1,3.2319,3.2319,36,2.779434,2.779434,0.452466
12/8/2015,INV7798362,ELEMERA,P624124,1,13.0302,13.0302,36,11.205972,11.205972,1.824228
12/8/2015,INV7798362,ELEMERA,P941359,1,3.2319,3.2319,36,2.779434,2.779434,0.452466
12/8/2015,INV7798362,ELEMERA,P107912,2,9.0117,18.0234,36,7.750062,15.500124,2.523276
12/8/2015,INV7798362,ELEMERA,P169578,1,25.3935,25.3935,36,21.83841,21.83841,3.55509
12/8/2015,INV7798362,ELEMERA,P756362,1,22.6746,22.6746,36,19.500156,19.500156,3.174444
12/8/2015,INV7798362,ELEMERA,P554722,1,4.0014,4.0014,36,3.441204,3.441204,0.560196
12/8/2015,INV7798362,ELEMERA,P744281,1,11.3373,11.3373,36,9.750078,9.750078,1.587222
8/26/2015,INV7798160,ELEMERA,P132984,2,6.2073,12.4146,36,5.338278,10.676556,1.738044
8/26/2015,INV7798160,ELEMERA,P253339,2,247.95,495.9,36,213.237,426.474,69.426
8/26/2015,INV7798160,ELEMERA,P860046,1,3.8817,3.8817,36,3.338262,3.338262,0.543438
8/26/2015,INV7798160,ELEMERA,P326712,1,3.2319,3.2319,36,2.779434,2.779434,0.452466
8/26/2015,INV7798160,ELEMERA,P536652,1,3.4884,3.4884,36,3.000024,3.000024,0.488376
8/26/2015,INV7798160,ELEMERA,P206343,1,6.2928,6.2928,36,5.411808,5.411808,0.880992
8/26/2015,INV7798160,ELEMERA,P809696,3,3.2319,9.6957,36,2.779434,8.338302,1.357398
8/26/2015,INV7798160,ELEMERA,P542150,1,5.0274,5.0274,36,4.323564,4.323564,0.703836
8/26/2015,INV7798160,ELEMERA,P536306,4,11.9016,47.6064,36,10.235376,40.941504,6.664896
8/26/2015,INV7798160,ELEMERA,P349926,2,3.3858,6.7716,36,2.911788,5.823576,0.948024
8/26/2015,INV7798160,ELEMERA,P712405,1,3.2319,3.2319,36,2.779434,2.779434,0.452466
8/26/2015,INV7798160,ELEMERA,P481737,4,2.8386,11.3544,36,2.441196,9.764784,1.589616
8/26/2015,INV7798160,ELEMERA,P871873,1,5.2668,5.2668,36,4.529448,4.529448,0.737352
8/26/2015,INV7798160,ELEMERA,P739257,1,31.7889,31.7889,36,27.338454,27.338454,4.450446
8/26/2015,INV7798160,ELEMERA,P227846,1,6.9426,6.9426,36,5.970636,5.970636,0.971964
8/26/2015,INV7798160,ELEMERA,P942348,1,3.762,3.762,36,3.23532,3.23532,0.52668
8/26/2015,INV7798160,ELEMERA,P924320,1,6.0705,6.0705,36,5.22063,5.22063,0.84987
8/26/2015,INV7798160,ELEMERA,P891339,1,6.4125,6.4125,36,5.51475,5.51475,0.89775
8/24/2015,INV7798189,ELEMERA,P132984,2,6.2073,12.4146,36,5.338278,10.676556,1.738044
8/24/2015,INV7798189,ELEMERA,P404282,2,3.3858,6.7716,36,2.911788,5.823576,0.948024
8/24/2015,INV7798189,ELEMERA,P825805,2,2.5137,5.0274,36,2.161782,4.323564,0.703836
8/24/2015,INV7798189,ELEMERA,P326712,2,3.2319,6.4638,36,2.779434,5.558868,0.904932
8/24/2015,INV7798189,ELEMERA,P809696,2,3.2319,6.4638,36,2.779434,5.558868,0.904932
8/24/2015,INV7798189,ELEMERA,P517396,4,3.0096,12.0384,36,2.588256,10.353024,1.685376
8/24/2015,INV7798189,ELEMERA,P371535,2,24.8463,49.6926,36,21.367818,42.735636,6.956964
8/24/2015,INV7798189,ELEMERA,P712405,2,3.2319,6.4638,36,2.779434,5.558868,0.904932
8/24/2015,INV7798189,ELEMERA,P405692,2,2.736,5.472,36,2.35296,4.70592,0.76608
8/24/2015,INV7798189,ELEMERA,P258326,2,34.9695,69.939,36,30.07377,60.14754,9.79146
8/24/2015,INV7798189,ELEMERA,P382284,2,32.7636,65.5272,36,28.176696,56.353392,9.173808
8/24/2015,INV7798189,ELEMERA,P555586,2,38.5263,77.0526,36,33.132618,66.265236,10.787364
8/21/2015,INV7798217,ELEMERA,P132984,2,6.2073,12.4146,36,5.338278,10.676556,1.738044
8/21/2015,INV7798217,ELEMERA,P404282,1,3.3858,3.3858,36,2.911788,2.911788,0.474012
8/21/2015,INV7798217,ELEMERA,P383812,1,3.3858,3.3858,36,2.911788,2.911788,0.474012
8/21/2015,INV7798217,ELEMERA,P860046,1,3.8817,3.8817,36,3.338262,3.338262,0.543438
8/21/2015,INV7798217,ELEMERA,P326712,2,3.2319,6.4638,36,2.779434,5.558868,0.904932
8/21/2015,INV7798217,ELEMERA,P994554,1,9.0117,9.0117,36,7.750062,7.750062,1.261638
8/21/2015,INV7798217,ELEMERA,P536652,1,3.4884,3.4884,36,3.000024,3.000024,0.488376
8/21/2015,INV7798217,ELEMERA,P835244,1,6.3612,6.3612,36,5.470632,5.470632,0.890568
8/21/2015,INV7798217,ELEMERA,P809696,4,3.2319,12.9276,36,2.779434,11.117736,1.809864
8/21/2015,INV7798217,ELEMERA,P794837,4,3.3858,13.5432,36,2.911788,11.647152,1.896048
8/21/2015,INV7798217,ELEMERA,P749767,1,3.2319,3.2319,36,2.779434,2.779434,0.452466
8/21/2015,INV7798217,ELEMERA,P941359,1,3.2319,3.2319,36,2.779434,2.779434,0.452466
8/21/2015,INV7798217,ELEMERA,P274150,1,7.5582,7.5582,36,6.500052,6.500052,1.058148
8/21/2015,INV7798217,ELEMERA,P783976,4,1.8126,7.2504,36,1.558836,6.235344,1.015056
8/21/2015,INV7798217,ELEMERA,P169578,1,25.3935,25.3935,36,21.83841,21.83841,3.55509
8/21/2015,INV7798217,ELEMERA,P169578,1,25.3935,25.3935,36,21.83841,21.83841,3.55509
8/21/2015,INV7798217,ELEMERA,P524277,1,7.3188,7.3188,36,6.294168,6.294168,1.024632
8/21/2015,INV7798217,ELEMERA,P427012,1,3.2319,3.2319,36,2.779434,2.779434,0.452466
8/21/2015,INV7798217,ELEMERA,P894330,1,1.9836,1.9836,36,1.705896,1.705896,0.277704
8/21/2015,INV7798217,ELEMERA,P486063,2,2.9412,5.8824,36,2.529432,5.058864,0.823536
8/21/2015,INV7798217,ELEMERA,P756362,1,22.6746,22.6746,36,19.500156,19.500156,3.174444
8/21/2015,INV7798217,ELEMERA,P554722,1,4.0014,4.0014,36,3.441204,3.441204,0.560196
8/21/2015,INV7798217,ELEMERA,P419924,1,20.7081,20.7081,36,17.808966,17.808966,2.899134
8/21/2015,INV7798208,ELEMERA,P132984,1,6.2073,6.2073,36,5.338278,5.338278,0.869022
8/21/2015,INV7798208,ELEMERA,P383812,1,3.3858,3.3858,36,2.911788,2.911788,0.474012
8/21/2015,INV7798208,ELEMERA,P987453,1,31.3101,31.3101,36,26.926686,26.926686,4.383414
8/21/2015,INV7798208,ELEMERA,P860046,1,3.8817,3.8817,36,3.338262,3.338262,0.543438
8/21/2015,INV7798208,ELEMERA,P326712,1,3.2319,3.2319,36,2.779434,2.779434,0.452466
8/21/2015,INV7798208,ELEMERA,P994554,1,9.0117,9.0117,36,7.750062,7.750062,1.261638
8/21/2015,INV7798208,ELEMERA,P536652,1,3.4884,3.4884,36,3.000024,3.000024,0.488376
8/21/2015,INV7798208,ELEMERA,P489329,2,683.9829,1367.9658,36,588.225294,1176.450588,191.515212
8/21/2015,INV7798208,ELEMERA,P994166,2,20.8107,41.6214,36,17.897202,35.794404,5.826996
8/21/2015,INV7798208,ELEMERA,P542150,1,5.0274,5.0274,36,4.323564,4.323564,0.703836
8/21/2015,INV7798208,ELEMERA,P941359,1,3.2319,3.2319,36,2.779434,2.779434,0.452466
8/21/2015,INV7798208,ELEMERA,P783976,1,1.8126,1.8126,36,1.558836,1.558836,0.253764
8/21/2015,INV7798208,ELEMERA,P107912,1,9.0117,9.0117,36,7.750062,7.750062,1.261638
8/21/2015,INV7798208,ELEMERA,P644453,1,3.2832,3.2832,36,2.823552,2.823552,0.459648
8/21/2015,INV7798208,ELEMERA,P169578,1,25.3935,25.3935,36,21.83841,21.83841,3.55509
8/21/2015,INV7798208,ELEMERA,P524277,1,7.3188,7.3188,36,6.294168,6.294168,1.024632
8/21/2015,INV7798208,ELEMERA,P712405,1,3.2319,3.2319,36,2.779434,2.779434,0.452466
8/21/2015,INV7798208,ELEMERA,P427012,1,3.2319,3.2319,36,2.779434,2.779434,0.452466
8/21/2015,INV7798208,ELEMERA,P486063,1,2.9412,2.9412,36,2.529432,2.529432,0.411768
8/21/2015,INV7798208,ELEMERA,P692534,1,3.933,3.933,36,3.38238,3.38238,0.55062
8/21/2015,INV7798208,ELEMERA,P942348,1,3.762,3.762,36,3.23532,3.23532,0.52668
8/24/2015,INV7798205,ELEMERA,P132984,2,6.2073,12.4146,36,5.338278,10.676556,1.738044
8/24/2015,INV7798205,ELEMERA,P253339,2,247.95,495.9,36,213.237,426.474,69.426
8/24/2015,INV7798205,ELEMERA,P994554,1,9.0117,9.0117,36,7.750062,7.750062,1.261638
8/24/2015,INV7798205,ELEMERA,P536652,1,3.4884,3.4884,36,3.000024,3.000024,0.488376
8/24/2015,INV7798205,ELEMERA,P835244,1,6.3612,6.3612,36,5.470632,5.470632,0.890568
8/24/2015,INV7798205,ELEMERA,P517396,2,3.0096,6.0192,36,2.588256,5.176512,0.842688
8/24/2015,INV7798205,ELEMERA,P749767,1,3.2319,3.2319,36,2.779434,2.779434,0.452466
8/24/2015,INV7798205,ELEMERA,P719919,1,2.5821,2.5821,36,2.220606,2.220606,0.361494
8/24/2015,INV7798205,ELEMERA,P374166,2,3.3858,6.7716,36,2.911788,5.823576,0.948024
8/24/2015,INV7798205,ELEMERA,P107912,2,9.0117,18.0234,36,7.750062,15.500124,2.523276
8/24/2015,INV7798205,ELEMERA,P644453,1,3.2832,3.2832,36,2.823552,2.823552,0.459648
8/24/2015,INV7798205,ELEMERA,P169578,1,25.3935,25.3935,36,21.83841,21.83841,3.55509
8/24/2015,INV7798205,ELEMERA,P486063,1,2.9412,2.9412,36,2.529432,2.529432,0.411768
8/24/2015,INV7798205,ELEMERA,P469755,1,3.762,3.762,36,3.23532,3.23532,0.52668
8/24/2015,INV7798205,ELEMERA,P962140,2,4.9419,9.8838,36,4.250034,8.500068,1.383732
8/24/2015,INV7798205,ELEMERA,P756362,1,22.6746,22.6746,36,19.500156,19.500156,3.174444
8/24/2015,INV7798205,ELEMERA,P481001,1,3.2319,3.2319,36,2.779434,2.779434,0.452466
8/24/2015,INV7798205,ELEMERA,P382284,1,32.7636,32.7636,36,28.176696,28.176696,4.586904
8/24/2015,INV7798204,ELEMERA,P132984,2,6.2073,12.4146,36,5.338278,10.676556,1.738044
8/24/2015,INV7798204,ELEMERA,P253339,4,247.95,991.8,36,213.237,852.948,138.852
8/24/2015,INV7798204,ELEMERA,P332506,1,3.3858,3.3858,36,2.911788,2.911788,0.474012
8/24/2015,INV7798204,ELEMERA,P809696,1,3.2319,3.2319,36,2.779434,2.779434,0.452466
8/24/2015,INV7798204,ELEMERA,P517396,1,3.0096,3.0096,36,2.588256,2.588256,0.421344
8/24/2015,INV7798204,ELEMERA,P783976,1,1.8126,1.8126,36,1.558836,1.558836,0.253764
8/24/2015,INV7798204,ELEMERA,P374166,3,3.3858,10.1574,36,2.911788,8.735364,1.422036
8/24/2015,INV7798204,ELEMERA,P107912,1,9.0117,9.0117,36,7.750062,7.750062,1.261638
8/24/2015,INV7798204,ELEMERA,P169578,1,25.3935,25.3935,36,21.83841,21.83841,3.55509
8/24/2015,INV7798204,ELEMERA,P469755,1,3.762,3.762,36,3.23532,3.23532,0.52668
8/24/2015,INV7798204,ELEMERA,P382284,1,32.7636,32.7636,36,28.176696,28.176696,4.586904
8/27/2015,INV7798138,ELEMERA,P132984,2,6.2073,12.4146,36,5.338278,10.676556,1.738044
8/27/2015,INV7798138,ELEMERA,P404282,1,3.3858,3.3858,36,2.911788,2.911788,0.474012
8/27/2015,INV7798138,ELEMERA,P253339,2,247.95,495.9,36,213.237,426.474,69.426
8/27/2015,INV7798138,ELEMERA,P383812,1,3.3858,3.3858,36,2.911788,2.911788,0.474012
8/27/2015,INV7798138,ELEMERA,P934398,2,10.2087,20.4174,36,8.779482,17.558964,2.858436
8/27/2015,INV7798138,ELEMERA,P326712,2,3.2319,6.4638,36,2.779434,5.558868,0.904932
8/27/2015,INV7798138,ELEMERA,P994554,1,9.0117,9.0117,36,7.750062,7.750062,1.261638
8/27/2015,INV7798138,ELEMERA,P536652,1,3.4884,3.4884,36,3.000024,3.000024,0.488376
8/27/2015,INV7798138,ELEMERA,P835244,1,6.3612,6.3612,36,5.470632,5.470632,0.890568
8/27/2015,INV7798138,ELEMERA,P809696,2,3.2319,6.4638,36,2.779434,5.558868,0.904932
8/27/2015,INV7798138,ELEMERA,P794837,4,3.3858,13.5432,36,2.911788,11.647152,1.896048
8/27/2015,INV7798138,ELEMERA,P517396,3,3.0096,9.0288,36,2.588256,7.764768,1.264032
8/27/2015,INV7798138,ELEMERA,P749767,1,3.2319,3.2319,36,2.779434,2.779434,0.452466
8/27/2015,INV7798138,ELEMERA,P542150,2,5.0274,10.0548,36,4.323564,8.647128,1.407672
8/27/2015,INV7798138,ELEMERA,P941359,2,3.2319,6.4638,36,2.779434,5.558868,0.904932
8/27/2015,INV7798138,ELEMERA,P274150,1,7.5582,7.5582,36,6.500052,6.500052,1.058148
8/27/2015,INV7798138,ELEMERA,P783976,4,1.8126,7.2504,36,1.558836,6.235344,1.015056
8/27/2015,INV7798138,ELEMERA,P107912,2,9.0117,18.0234,36,7.750062,15.500124,2.523276
8/27/2015,INV7798138,ELEMERA,P169578,1,25.3935,25.3935,36,21.83841,21.83841,3.55509
8/27/2015,INV7798138,ELEMERA,P524277,1,7.3188,7.3188,36,6.294168,6.294168,1.024632
8/27/2015,INV7798138,ELEMERA,P712405,2,3.2319,6.4638,36,2.779434,5.558868,0.904932
8/27/2015,INV7798138,ELEMERA,P427012,1,3.2319,3.2319,36,2.779434,2.779434,0.452466
8/27/2015,INV7798138,ELEMERA,P894330,1,1.9836,1.9836,36,1.705896,1.705896,0.277704
8/27/2015,INV7798138,ELEMERA,P486063,1,2.9412,2.9412,36,2.529432,2.529432,0.411768
8/27/2015,INV7798138,ELEMERA,P962140,4,4.9419,19.7676,36,4.250034,17.000136,2.767464
8/27/2015,INV7798138,ELEMERA,P481001,1,3.2319,3.2319,36,2.779434,2.779434,0.452466
8/27/2015,INV7798138,ELEMERA,P382284,1,32.7636,32.7636,36,28.176696,28.176696,4.586904
8/27/2015,INV7798137,ELEMERA,P132984,2,6.2073,12.4146,36,5.338278,10.676556,1.738044
8/27/2015,INV7798137,ELEMERA,P404282,1,3.3858,3.3858,36,2.911788,2.911788,0.474012
8/27/2015,INV7798137,ELEMERA,P253339,2,247.95,495.9,36,213.237,426.474,69.426
8/27/2015,INV7798137,ELEMERA,P383812,1,3.3858,3.3858,36,2.911788,2.911788,0.474012
8/27/2015,INV7798137,ELEMERA,P994554,1,9.0117,9.0117,36,7.750062,7.750062,1.261638
8/27/2015,INV7798137,ELEMERA,P536652,1,3.4884,3.4884,36,3.000024,3.000024,0.488376
8/27/2015,INV7798137,ELEMERA,P835244,1,6.3612,6.3612,36,5.470632,5.470632,0.890568
8/27/2015,INV7798137,ELEMERA,P794837,4,3.3858,13.5432,36,2.911788,11.647152,1.896048
8/27/2015,INV7798137,ELEMERA,P517396,5,3.0096,15.048,36,2.588256,12.94128,2.10672
8/27/2015,INV7798137,ELEMERA,P749767,1,3.2319,3.2319,36,2.779434,2.779434,0.452466
8/27/2015,INV7798137,ELEMERA,P941359,2,3.2319,6.4638,36,2.779434,5.558868,0.904932
8/27/2015,INV7798137,ELEMERA,P274150,1,7.5582,7.5582,36,6.500052,6.500052,1.058148
8/27/2015,INV7798137,ELEMERA,P783976,4,1.8126,7.2504,36,1.558836,6.235344,1.015056
8/27/2015,INV7798137,ELEMERA,P107912,2,9.0117,18.0234,36,7.750062,15.500124,2.523276
8/27/2015,INV7798137,ELEMERA,P169578,1,25.3935,25.3935,36,21.83841,21.83841,3.55509
8/27/2015,INV7798137,ELEMERA,P894330,1,1.9836,1.9836,36,1.705896,1.705896,0.277704
8/27/2015,INV7798137,ELEMERA,P469755,1,3.762,3.762,36,3.23532,3.23532,0.52668
8/27/2015,INV7798137,ELEMERA,P962140,2,4.9419,9.8838,36,4.250034,8.500068,1.383732
8/27/2015,INV7798137,ELEMERA,P756362,1,22.6746,22.6746,36,19.500156,19.500156,3.174444
8/27/2015,INV7798137,ELEMERA,P262998,1,39.2103,39.2103,36,33.720858,33.720858,5.489442
8/27/2015,INV7798137,ELEMERA,P382284,1,32.7636,32.7636,36,28.176696,28.176696,4.586904
8/27/2015,INV7798137,ELEMERA,P555586,1,38.5263,38.5263,36,33.132618,33.132618,5.393682
8/27/2015,INV7798137,ELEMERA,P656046,1,21.204,21.204,36,18.23544,18.23544,2.96856
8/27/2015,INV7798137,ELEMERA,P419924,1,20.7081,20.7081,36,17.808966,17.808966,2.899134
8/27/2015,INV7798136,ELEMERA,P132984,2,6.2073,12.4146,36,5.338278,10.676556,1.738044
8/27/2015,INV7798136,ELEMERA,P253339,3,247.95,743.85,36,213.237,639.711,104.139
8/27/2015,INV7798136,ELEMERA,P383812,1,3.3858,3.3858,36,2.911788,2.911788,0.474012
8/27/2015,INV7798136,ELEMERA,P994554,1,9.0117,9.0117,36,7.750062,7.750062,1.261638
8/27/2015,INV7798136,ELEMERA,P835244,1,6.3612,6.3612,36,5.470632,5.470632,0.890568
8/27/2015,INV7798136,ELEMERA,P589543,1,45.4005,45.4005,36,39.04443,39.04443,6.35607
8/27/2015,INV7798136,ELEMERA,P794837,1,3.3858,3.3858,36,2.911788,2.911788,0.474012
8/27/2015,INV7798136,ELEMERA,P517396,5,3.0096,15.048,36,2.588256,12.94128,2.10672
8/27/2015,INV7798136,ELEMERA,P749767,1,3.2319,3.2319,36,2.779434,2.779434,0.452466
8/27/2015,INV7798136,ELEMERA,P274150,1,7.5582,7.5582,36,6.500052,6.500052,1.058148
8/27/2015,INV7798136,ELEMERA,P107912,2,9.0117,18.0234,36,7.750062,15.500124,2.523276
8/27/2015,INV7798136,ELEMERA,P169578,1,25.3935,25.3935,36,21.83841,21.83841,3.55509
8/27/2015,INV7798136,ELEMERA,P962140,4,4.9419,19.7676,36,4.250034,17.000136,2.767464
8/27/2015,INV7798136,ELEMERA,P756362,1,22.6746,22.6746,36,19.500156,19.500156,3.174444
8/27/2015,INV7798136,ELEMERA,P262998,1,39.2103,39.2103,36,33.720858,33.720858,5.489442
8/27/2015,INV7798136,ELEMERA,P382284,1,32.7636,32.7636,36,28.176696,28.176696,4.586904
8/27/2015,INV7798135,ELEMERA,P132984,2,6.2073,12.4146,36,5.338278,10.676556,1.738044
8/27/2015,INV7798135,ELEMERA,P404282,1,3.3858,3.3858,36,2.911788,2.911788,0.474012
8/27/2015,INV7798135,ELEMERA,P383812,1,3.3858,3.3858,36,2.911788,2.911788,0.474012
8/27/2015,INV7798135,ELEMERA,P326712,2,3.2319,6.4638,36,2.779434,5.558868,0.904932
8/27/2015,INV7798135,ELEMERA,P994554,1,9.0117,9.0117,36,7.750062,7.750062,1.261638
8/27/2015,INV7798135,ELEMERA,P517396,5,3.0096,15.048,36,2.588256,12.94128,2.10672
8/27/2015,INV7798135,ELEMERA,P783976,2,1.8126,3.6252,36,1.558836,3.117672,0.507528
8/27/2015,INV7798135,ELEMERA,P107912,2,9.0117,18.0234,36,7.750062,15.500124,2.523276
8/27/2015,INV7798135,ELEMERA,P644453,1,3.2832,3.2832,36,2.823552,2.823552,0.459648
8/27/2015,INV7798135,ELEMERA,P169578,1,25.3935,25.3935,36,21.83841,21.83841,3.55509
8/27/2015,INV7798135,ELEMERA,P349926,2,3.3858,6.7716,36,2.911788,5.823576,0.948024
8/27/2015,INV7798135,ELEMERA,P712405,1,3.2319,3.2319,36,2.779434,2.779434,0.452466
8/27/2015,INV7798135,ELEMERA,P427012,1,3.2319,3.2319,36,2.779434,2.779434,0.452466
8/27/2015,INV7798135,ELEMERA,P962140,4,4.9419,19.7676,36,4.250034,17.000136,2.767464
8/27/2015,INV7798135,ELEMERA,P756362,1,22.6746,22.6746,36,19.500156,19.500156,3.174444
8/27/2015,INV7798135,ELEMERA,P481001,1,3.2319,3.2319,36,2.779434,2.779434,0.452466
8/27/2015,INV7798135,ELEMERA,P554722,1,4.0014,4.0014,36,3.441204,3.441204,0.560196
8/27/2015,INV7798135,ELEMERA,P382284,1,32.7636,32.7636,36,28.176696,28.176696,4.586904
8/27/2015,INV7798135,ELEMERA,P487729,1,5.4549,5.4549,36,4.691214,4.691214,0.763686
9/16/2015,INV7797964,ELEMERA,P132984,1,6.2073,6.2073,36,5.338278,5.338278,0.869022
9/16/2015,INV7797964,ELEMERA,P404282,1,3.3858,3.3858,36,2.911788,2.911788,0.474012
9/16/2015,INV7797964,ELEMERA,P253339,2,247.95,495.9,36,213.237,426.474,69.426
9/16/2015,INV7797964,ELEMERA,P383812,1,3.3858,3.3858,36,2.911788,2.911788,0.474012
9/16/2015,INV7797964,ELEMERA,P994554,1,9.0117,9.0117,36,7.750062,7.750062,1.261638
9/16/2015,INV7797964,ELEMERA,P536652,1,3.4884,3.4884,36,3.000024,3.000024,0.488376
9/16/2015,INV7797964,ELEMERA,P835244,1,6.3612,6.3612,36,5.470632,5.470632,0.890568
9/16/2015,INV7797964,ELEMERA,P794837,2,3.3858,6.7716,36,2.911788,5.823576,0.948024
9/16/2015,INV7797964,ELEMERA,P517396,2,3.0096,6.0192,36,2.588256,5.176512,0.842688
9/16/2015,INV7797964,ELEMERA,P749767,1,3.2319,3.2319,36,2.779434,2.779434,0.452466
9/16/2015,INV7797964,ELEMERA,P941359,1,3.2319,3.2319,36,2.779434,2.779434,0.452466
9/16/2015,INV7797964,ELEMERA,P274150,1,7.5582,7.5582,36,6.500052,6.500052,1.058148
9/16/2015,INV7797964,ELEMERA,P783976,2,1.8126,3.6252,36,1.558836,3.117672,0.507528
9/16/2015,INV7797964,ELEMERA,P107912,2,9.0117,18.0234,36,7.750062,15.500124,2.523276
9/16/2015,INV7797964,ELEMERA,P644453,1,3.2832,3.2832,36,2.823552,2.823552,0.459648
9/16/2015,INV7797964,ELEMERA,P169578,1,25.3935,25.3935,36,21.83841,21.83841,3.55509
9/16/2015,INV7797964,ELEMERA,P469755,1,3.762,3.762,36,3.23532,3.23532,0.52668
9/16/2015,INV7797964,ELEMERA,P962140,4,4.9419,19.7676,36,4.250034,17.000136,2.767464
9/16/2015,INV7797964,ELEMERA,P554722,1,4.0014,4.0014,36,3.441204,3.441204,0.560196
9/16/2015,INV7797964,ELEMERA,P382284,1,32.7636,32.7636,36,28.176696,28.176696,4.586904
8/25/2015,INV7798167,ELEMERA,P132984,1,6.2073,6.2073,36,5.338278,5.338278,0.869022
8/25/2015,INV7798167,ELEMERA,P404282,1,3.3858,3.3858,36,2.911788,2.911788,0.474012
8/25/2015,INV7798167,ELEMERA,P860046,1,3.8817,3.8817,36,3.338262,3.338262,0.543438
8/25/2015,INV7798167,ELEMERA,P107912,1,9.0117,9.0117,36,7.750062,7.750062,1.261638
8/25/2015,INV7798167,ELEMERA,P974146,1,5.3694,5.3694,36,4.617684,4.617684,0.751716
1/9/2015,INV7798111,ELEMERA,P132984,1,6.2073,6.2073,36,5.338278,5.338278,0.869022
1/9/2015,INV7798111,ELEMERA,P383812,1,3.3858,3.3858,36,2.911788,2.911788,0.474012
1/9/2015,INV7798111,ELEMERA,P834374,4,3.5055,14.022,36,3.01473,12.05892,1.96308
1/9/2015,INV7798111,ELEMERA,P187862,1,7.5411,7.5411,36,6.485346,6.485346,1.055754
1/9/2015,INV7798111,ELEMERA,P374166,10,3.3858,33.858,36,2.911788,29.11788,4.74012
1/9/2015,INV7798111,ELEMERA,P169578,1,25.3935,25.3935,36,21.83841,21.83841,3.55509
1/9/2015,INV7798111,ELEMERA,P275449,2,9.3366,18.6732,36,8.029476,16.058952,2.614248
1/9/2015,INV7798111,ELEMERA,P944324,20,1.4193,28.386,36,1.220598,24.41196,3.97404
1/9/2015,INV7798111,ELEMERA,P398914,1,10.4139,10.4139,36,8.955954,8.955954,1.457946
1/9/2015,INV7798111,ELEMERA,P561494,2,3.1122,6.2244,36,2.676492,5.352984,0.871416
7/9/2015,INV7798063,ELEMERA,P132984,1,6.2073,6.2073,36,5.338278,5.338278,0.869022
7/9/2015,INV7798063,ELEMERA,P132984,2,6.2073,12.4146,36,5.338278,10.676556,1.738044
7/9/2015,INV7798063,ELEMERA,P326712,1,3.2319,3.2319,36,2.779434,2.779434,0.452466
7/9/2015,INV7798063,ELEMERA,P994554,1,9.0117,9.0117,36,7.750062,7.750062,1.261638
7/9/2015,INV7798063,ELEMERA,P536652,1,3.4884,3.4884,36,3.000024,3.000024,0.488376
7/9/2015,INV7798063,ELEMERA,P206343,1,6.2928,6.2928,36,5.411808,5.411808,0.880992
7/9/2015,INV7798063,ELEMERA,P206343,1,6.2928,6.2928,36,5.411808,5.411808,0.880992
7/9/2015,INV7798063,ELEMERA,P157670,1,23.8203,23.8203,36,20.485458,20.485458,3.334842
7/9/2015,INV7798063,ELEMERA,P794837,2,3.3858,6.7716,36,2.911788,5.823576,0.948024
7/9/2015,INV7798063,ELEMERA,P783976,1,1.8126,1.8126,36,1.558836,1.558836,0.253764
7/9/2015,INV7798063,ELEMERA,P107912,1,9.0117,9.0117,36,7.750062,7.750062,1.261638
7/9/2015,INV7798063,ELEMERA,P169578,1,25.3935,25.3935,36,21.83841,21.83841,3.55509
7/9/2015,INV7798063,ELEMERA,P169578,1,25.3935,25.3935,36,21.83841,21.83841,3.55509
7/9/2015,INV7798063,ELEMERA,P736201,1,8.8407,8.8407,36,7.603002,7.603002,1.237698
7/9/2015,INV7798063,ELEMERA,P902320,1,5.6601,5.6601,36,4.867686,4.867686,0.792414
7/9/2015,INV7798063,ELEMERA,P382284,1,32.7636,32.7636,36,28.176696,28.176696,4.586904
7/9/2015,INV7798063,ELEMERA,P382284,1,32.7636,32.7636,36,28.176696,28.176696,4.586904
9/30/2015,INV7797807,ELEMERA,P132984,2,6.2073,12.4146,36,5.338278,10.676556,1.738044
9/30/2015,INV7797807,ELEMERA,P132984,2,6.2073,12.4146,36,5.338278,10.676556,1.738044
9/30/2015,INV7797807,ELEMERA,P404282,2,3.3858,6.7716,36,2.911788,5.823576,0.948024
9/30/2015,INV7797807,ELEMERA,P383812,2,3.3858,6.7716,36,2.911788,5.823576,0.948024
9/30/2015,INV7797807,ELEMERA,P326712,2,3.762,7.524,36,3.23532,6.47064,1.05336
9/30/2015,INV7797807,ELEMERA,P326712,2,3.762,7.524,36,3.23532,6.47064,1.05336
9/30/2015,INV7797807,ELEMERA,P536652,2,3.762,7.524,36,3.23532,6.47064,1.05336
9/30/2015,INV7797807,ELEMERA,P835244,2,6.9939,13.9878,36,6.014754,12.029508,1.958292
9/30/2015,INV7797807,ELEMERA,P488198,2,3.0609,6.1218,36,2.632374,5.264748,0.857052
9/30/2015,INV7797807,ELEMERA,P809696,2,3.762,7.524,36,3.23532,6.47064,1.05336
9/30/2015,INV7797807,ELEMERA,P809696,2,3.762,7.524,36,3.23532,6.47064,1.05336
9/30/2015,INV7797807,ELEMERA,P749767,2,3.2319,6.4638,36,2.779434,5.558868,0.904932
9/30/2015,INV7797807,ELEMERA,P941359,2,3.762,7.524,36,3.23532,6.47064,1.05336
9/30/2015,INV7797807,ELEMERA,P274150,2,7.0623,14.1246,36,6.073578,12.147156,1.977444
9/30/2015,INV7797807,ELEMERA,P107912,2,9.0117,18.0234,36,7.750062,15.500124,2.523276
9/30/2015,INV7797807,ELEMERA,P107912,2,9.0117,18.0234,36,7.750062,15.500124,2.523276
9/30/2015,INV7797807,ELEMERA,P169578,1,25.3935,25.3935,36,21.83841,21.83841,3.55509
9/30/2015,INV7797807,ELEMERA,P169578,1,25.3935,25.3935,36,21.83841,21.83841,3.55509
9/30/2015,INV7797807,ELEMERA,P486063,2,3.762,7.524,36,3.23532,6.47064,1.05336
9/30/2015,INV7797807,ELEMERA,P959659,8,2.9412,23.5296,36,2.529432,20.235456,3.294144
6/10/2015,INV7797770,ELEMERA,P132984,4,6.2073,24.8292,36,5.338278,21.353112,3.476088
6/10/2015,INV7797770,ELEMERA,P536652,2,3.762,7.524,36,3.23532,6.47064,1.05336
9/10/2015,INV7797721,ELEMERA,P132984,2,6.2073,12.4146,36,5.338278,10.676556,1.738044
9/10/2015,INV7797721,ELEMERA,P404282,2,3.3858,6.7716,36,2.911788,5.823576,0.948024
9/10/2015,INV7797721,ELEMERA,P253339,2,247.95,495.9,36,213.237,426.474,69.426
9/10/2015,INV7797721,ELEMERA,P934398,2,10.2087,20.4174,36,8.779482,17.558964,2.858436
9/10/2015,INV7797721,ELEMERA,P326712,2,3.762,7.524,36,3.23532,6.47064,1.05336
9/10/2015,INV7797721,ELEMERA,P994554,1,9.0117,9.0117,36,7.750062,7.750062,1.261638
9/10/2015,INV7797721,ELEMERA,P536652,1,3.762,3.762,36,3.23532,3.23532,0.52668
9/10/2015,INV7797721,ELEMERA,P835244,1,6.9939,6.9939,36,6.014754,6.014754,0.979146
9/10/2015,INV7797721,ELEMERA,P794837,3,3.3858,10.1574,36,2.911788,8.735364,1.422036
9/10/2015,INV7797721,ELEMERA,P517396,5,3.762,18.81,36,3.23532,16.1766,2.6334
9/10/2015,INV7797721,ELEMERA,P749767,1,3.2319,3.2319,36,2.779434,2.779434,0.452466
9/10/2015,INV7797721,ELEMERA,P542150,1,4.275,4.275,36,3.6765,3.6765,0.5985
9/10/2015,INV7797721,ELEMERA,P274150,1,7.0623,7.0623,36,6.073578,6.073578,0.988722
9/10/2015,INV7797721,ELEMERA,P107912,2,9.0117,18.0234,36,7.750062,15.500124,2.523276
9/10/2015,INV7797721,ELEMERA,P644453,1,3.2832,3.2832,36,2.823552,2.823552,0.459648
9/10/2015,INV7797721,ELEMERA,P169578,1,25.3935,25.3935,36,21.83841,21.83841,3.55509
9/10/2015,INV7797721,ELEMERA,P894330,1,1.9836,1.9836,36,1.705896,1.705896,0.277704
9/10/2015,INV7797721,ELEMERA,P962140,4,3.762,15.048,36,3.23532,12.94128,2.10672
9/10/2015,INV7797721,ELEMERA,P756362,1,22.6746,22.6746,36,19.500156,19.500156,3.174444
9/10/2015,INV7797721,ELEMERA,P481001,1,3.2319,3.2319,36,2.779434,2.779434,0.452466
9/10/2015,INV7797721,ELEMERA,P382284,1,32.7636,32.7636,36,28.176696,28.176696,4.586904
10/14/2015,INV7797667,ELEMERA,P132984,1,6.2073,6.2073,36,5.338278,5.338278,0.869022
10/14/2015,INV7797667,ELEMERA,P404282,1,3.3858,3.3858,36,2.911788,2.911788,0.474012
10/14/2015,INV7797667,ELEMERA,P253339,4,247.95,991.8,36,213.237,852.948,138.852
10/14/2015,INV7797667,ELEMERA,P753309,1,17.8011,17.8011,36,15.308946,15.308946,2.492154
10/14/2015,INV7797667,ELEMERA,P886783,1,4.0185,4.0185,36,3.45591,3.45591,0.56259
10/14/2015,INV7797667,ELEMERA,P326712,2,3.762,7.524,36,3.23532,6.47064,1.05336
10/14/2015,INV7797667,ELEMERA,P536652,1,3.762,3.762,36,3.23532,3.23532,0.52668
10/14/2015,INV7797667,ELEMERA,P835244,1,6.9939,6.9939,36,6.014754,6.014754,0.979146
10/14/2015,INV7797667,ELEMERA,P715622,4,3.9501,15.8004,36,3.397086,13.588344,2.212056
10/14/2015,INV7797667,ELEMERA,P794837,4,3.3858,13.5432,36,2.911788,11.647152,1.896048
10/14/2015,INV7797667,ELEMERA,P517396,4,3.762,15.048,36,3.23532,12.94128,2.10672
10/14/2015,INV7797667,ELEMERA,P749767,1,3.2319,3.2319,36,2.779434,2.779434,0.452466
10/14/2015,INV7797667,ELEMERA,P506081,1,7.524,7.524,36,6.47064,6.47064,1.05336
10/14/2015,INV7797667,ELEMERA,P941359,1,3.762,3.762,36,3.23532,3.23532,0.52668
10/14/2015,INV7797667,ELEMERA,P274150,1,7.0623,7.0623,36,6.073578,6.073578,0.988722
10/14/2015,INV7797667,ELEMERA,P783976,4,1.8126,7.2504,36,1.558836,6.235344,1.015056
10/14/2015,INV7797667,ELEMERA,P374166,2,3.3858,6.7716,36,2.911788,5.823576,0.948024
10/14/2015,INV7797667,ELEMERA,P107912,1,9.0117,9.0117,36,7.750062,7.750062,1.261638
10/14/2015,INV7797667,ELEMERA,P486063,1,3.762,3.762,36,3.23532,3.23532,0.52668
10/14/2015,INV7797667,ELEMERA,P469755,2,3.762,7.524,36,3.23532,6.47064,1.05336
10/14/2015,INV7797667,ELEMERA,P481001,1,3.2319,3.2319,36,2.779434,2.779434,0.452466
10/14/2015,INV7797667,ELEMERA,P965332,1,34.7643,34.7643,36,29.897298,29.897298,4.867002
10/14/2015,INV7797667,ELEMERA,P382284,1,32.7636,32.7636,36,28.176696,28.176696,4.586904
10/26/2015,INV7797532,ELEMERA,P132984,2,6.2073,12.4146,36,5.338278,10.676556,1.738044
10/26/2015,INV7797532,ELEMERA,P404282,1,3.3858,3.3858,36,2.911788,2.911788,0.474012
10/26/2015,INV7797532,ELEMERA,P987453,1,31.3101,31.3101,36,26.926686,26.926686,4.383414
10/26/2015,INV7797532,ELEMERA,P765168,2,51.2145,102.429,36,44.04447,88.08894,14.34006
10/26/2015,INV7797532,ELEMERA,P165538,1,2.7189,2.7189,36,2.338254,2.338254,0.380646
10/26/2015,INV7797532,ELEMERA,P907453,2,28.6938,57.3876,36,24.676668,49.353336,8.034264
10/26/2015,INV7797532,ELEMERA,P607504,2,3.3858,6.7716,36,2.911788,5.823576,0.948024
10/26/2015,INV7797532,ELEMERA,P607504,1,3.3858,3.3858,36,2.911788,2.911788,0.474012
10/26/2015,INV7797532,ELEMERA,P941359,1,3.762,3.762,36,3.23532,3.23532,0.52668
10/26/2015,INV7797532,ELEMERA,P107912,2,9.0117,18.0234,36,7.750062,15.500124,2.523276
10/26/2015,INV7797532,ELEMERA,P644453,1,3.2832,3.2832,36,2.823552,2.823552,0.459648
10/26/2015,INV7797532,ELEMERA,P975273,1,15.1335,15.1335,36,13.01481,13.01481,2.11869
10/26/2015,INV7797532,ELEMERA,P404004,1,7.4556,7.4556,36,6.411816,6.411816,1.043784
10/26/2015,INV7797532,ELEMERA,P574783,1,68.8446,68.8446,36,59.206356,59.206356,9.638244
10/26/2015,INV7797532,ELEMERA,P960771,2,11.457,22.914,36,9.85302,19.70604,3.20796
10/26/2015,INV7797532,ELEMERA,P371141,1,3.762,3.762,36,3.23532,3.23532,0.52668
10/26/2015,INV7797532,ELEMERA,P463454,1,8.2251,8.2251,36,7.073586,7.073586,1.151514
10/26/2015,INV7797532,ELEMERA,P162024,1,3.078,3.078,36,2.64708,2.64708,0.43092
10/26/2015,INV7797532,ELEMERA,P756362,1,22.6746,22.6746,36,19.500156,19.500156,3.174444
10/26/2015,INV7797532,ELEMERA,P532850,1,80.4213,80.4213,36,69.162318,69.162318,11.258982
10/26/2015,INV7797532,ELEMERA,P473703,1,3.762,3.762,36,3.23532,3.23532,0.52668
10/26/2015,INV7797532,ELEMERA,P132979,1,6.6177,6.6177,36,5.691222,5.691222,0.926478
10/26/2015,INV7797532,ELEMERA,P471898,1,30.3354,30.3354,36,26.088444,26.088444,4.246956
10/26/2015,INV7797532,ELEMERA,P134642,1,3.4542,3.4542,36,2.970612,2.970612,0.483588
10/26/2015,INV7797532,ELEMERA,P777031,1,2.1717,2.1717,36,1.867662,1.867662,0.304038
10/26/2015,INV7797532,ELEMERA,P475477,1,3.6594,3.6594,36,3.147084,3.147084,0.512316
10/26/2015,INV7797532,ELEMERA,P926433,2,4.5828,9.1656,36,3.941208,7.882416,1.283184
10/26/2015,INV7797532,ELEMERA,P963774,1,23.7519,23.7519,36,20.426634,20.426634,3.325266
10/13/2015,INV7797692,ELEMERA,P132984,1,6.2073,6.2073,36,5.338278,5.338278,0.869022
10/13/2015,INV7797692,ELEMERA,P404282,2,3.3858,6.7716,36,2.911788,5.823576,0.948024
10/13/2015,INV7797692,ELEMERA,P383812,2,3.3858,6.7716,36,2.911788,5.823576,0.948024
10/13/2015,INV7797692,ELEMERA,P326712,2,3.762,7.524,36,3.23532,6.47064,1.05336
10/13/2015,INV7797692,ELEMERA,P994554,1,9.0117,9.0117,36,7.750062,7.750062,1.261638
10/13/2015,INV7797692,ELEMERA,P536652,2,3.762,7.524,36,3.23532,6.47064,1.05336
10/13/2015,INV7797692,ELEMERA,P542150,1,4.275,4.275,36,3.6765,3.6765,0.5985
10/13/2015,INV7797692,ELEMERA,P941359,2,3.762,7.524,36,3.23532,6.47064,1.05336
10/13/2015,INV7797692,ELEMERA,P107912,2,9.0117,18.0234,36,7.750062,15.500124,2.523276
10/13/2015,INV7797692,ELEMERA,P524277,2,7.3188,14.6376,36,6.294168,12.588336,2.049264
10/30/2015,INV7797470,ELEMERA,P132984,2,6.2073,12.4146,36,5.338278,10.676556,1.738044
10/30/2015,INV7797470,ELEMERA,P253339,2,247.95,495.9,36,213.237,426.474,69.426
10/30/2015,INV7797470,ELEMERA,P994554,1,9.0117,9.0117,36,7.750062,7.750062,1.261638
10/30/2015,INV7797470,ELEMERA,P536652,1,3.762,3.762,36,3.23532,3.23532,0.52668
10/30/2015,INV7797470,ELEMERA,P835244,1,6.9939,6.9939,36,6.014754,6.014754,0.979146
10/30/2015,INV7797470,ELEMERA,P715622,2,3.9501,7.9002,36,3.397086,6.794172,1.106028
10/30/2015,INV7797470,ELEMERA,P794837,1,3.3858,3.3858,36,2.911788,2.911788,0.474012
10/30/2015,INV7797470,ELEMERA,P517396,4,3.762,15.048,36,3.23532,12.94128,2.10672
10/30/2015,INV7797470,ELEMERA,P783976,3,1.8126,5.4378,36,1.558836,4.676508,0.761292
10/30/2015,INV7797470,ELEMERA,P107912,2,9.0117,18.0234,36,7.750062,15.500124,2.523276
10/30/2015,INV7797470,ELEMERA,P481001,1,3.2319,3.2319,36,2.779434,2.779434,0.452466
10/30/2015,INV7797470,ELEMERA,P382284,1,32.7636,32.7636,36,28.176696,28.176696,4.586904
10/29/2015,INV7797478,ELEMERA,P132984,2,6.2073,12.4146,36,5.338278,10.676556,1.738044
10/29/2015,INV7797478,ELEMERA,P253339,2,247.95,495.9,36,213.237,426.474,69.426
10/29/2015,INV7797478,ELEMERA,P536652,1,3.762,3.762,36,3.23532,3.23532,0.52668
10/29/2015,INV7797478,ELEMERA,P715622,1,3.9501,3.9501,36,3.397086,3.397086,0.553014
10/29/2015,INV7797478,ELEMERA,P794837,1,3.3858,3.3858,36,2.911788,2.911788,0.474012
10/29/2015,INV7797478,ELEMERA,P749767,1,3.2319,3.2319,36,2.779434,2.779434,0.452466
10/29/2015,INV7797478,ELEMERA,P382284,1,32.7636,32.7636,36,28.176696,28.176696,4.586904
10/30/2015,INV7797468,ELEMERA,P132984,2,6.2073,12.4146,36,5.338278,10.676556,1.738044
10/30/2015,INV7797468,ELEMERA,P404282,1,3.3858,3.3858,36,2.911788,2.911788,0.474012
10/30/2015,INV7797468,ELEMERA,P253339,4,247.95,991.8,36,213.237,852.948,138.852
10/30/2015,INV7797468,ELEMERA,P326712,1,3.762,3.762,36,3.23532,3.23532,0.52668
10/30/2015,INV7797468,ELEMERA,P994554,1,9.0117,9.0117,36,7.750062,7.750062,1.261638
10/30/2015,INV7797468,ELEMERA,P536652,1,3.762,3.762,36,3.23532,3.23532,0.52668
10/30/2015,INV7797468,ELEMERA,P835244,1,6.9939,6.9939,36,6.014754,6.014754,0.979146
10/30/2015,INV7797468,ELEMERA,P715622,1,3.9501,3.9501,36,3.397086,3.397086,0.553014
10/30/2015,INV7797468,ELEMERA,P517396,4,3.762,15.048,36,3.23532,12.94128,2.10672
